emp_id,ot_date,planned_hours,actual_hours,reason,status,compensation,applied_at
1,2025-03-14,2,2,版本发布,已批准,调休,2025-03-10
1,2025-11-10,4,4,项目上线冲刺,已批准,调休,2025-11-05
1,2026-05-26,4,4,月度结账,已批准,调休,2026-05-23
2,2025-02-27,4,4,紧急故障处理,已批准,加班费,2025-02-26
2,2025-05-09,4,,客户交付,已拒绝,无,2025-05-04
2,2025-06-12,8,8,版本发布,已批准,加班费,2025-06-09
2,2025-08-26,8,8,季度盘点,已批准,无,2025-08-24
2,2026-04-13,2,2,月度结账,已批准,调休,2026-04-11
2,2026-05-26,4,4,客户交付,已批准,调休,2026-05-25
2,2026-07-29,2,2,季度盘点,已批准,调休,2026-07-27
3,2025-05-16,4,4,紧急故障处理,已批准,无,2025-05-13
3,2025-09-11,8,8,紧急故障处理,已批准,加班费,2025-09-09
3,2025-12-31,6,6,月度结账,已批准,调休,2025-12-30
3,2026-02-20,4,4,项目上线冲刺,待审批,无,2026-02-18
3,2026-05-05,3,3,客户交付,已批准,调休,2026-05-03
3,2026-06-16,6,6,月度结账,已批准,调休,2026-06-12
4,2026-05-20,2,2,客户交付,已批准,无,2026-05-15
4,2026-06-30,8,8,季度盘点,已批准,调休,2026-06-26
4,2026-07-22,4,4,紧急故障处理,已批准,加班费,2026-07-18
5,2025-01-03,8,8,版本发布,已批准,加班费,2025-01-02
5,2025-03-06,6,6,项目上线冲刺,已批准,调休,2025-03-03
5,2025-04-15,4,4,项目上线冲刺,已批准,调休,2025-04-11
5,2025-08-25,3,3,客户交付,已批准,调休,2025-08-23
5,2025-09-03,4,4,月度结账,已批准,无,2025-08-29
5,2025-11-26,2,2,季度盘点,已批准,调休,2025-11-22
5,2026-01-16,2,2,紧急故障处理,已批准,调休,2026-01-13
5,2026-03-30,8,8,紧急故障处理,已批准,调休,2026-03-28
5,2026-07-24,4,4,版本发布,已批准,调休,2026-07-20
5,2026-08-21,6,6,月度结账,已批准,调休,2026-08-16
7,2025-10-27,4,4,季度盘点,待审批,无,2025-10-22
7,2026-01-30,8,8,客户交付,已批准,加班费,2026-01-27
9,2025-11-24,4,4,紧急故障处理,已批准,调休,2025-11-22
10,2026-03-10,6,,项目上线冲刺,已拒绝,无,2026-03-08
11,2025-02-18,4,4,版本发布,已批准,加班费,2025-02-13
11,2025-05-08,6,6,项目上线冲刺,已批准,调休,2025-05-04
11,2025-07-21,3,3,版本发布,已批准,调休,2025-07-20
11,2025-08-07,4,4,月度结账,待审批,无,2025-08-04
11,2025-09-05,8,8,季度盘点,已批准,调休,2025-09-02
11,2025-11-27,4,4,项目上线冲刺,已批准,加班费,2025-11-22
11,2026-06-18,8,,版本发布,已拒绝,无,2026-06-13
11,2026-07-22,4,4,紧急故障处理,已批准,调休,2026-07-20
11,2026-08-14,2,2,月度结账,已批准,加班费,2026-08-10
12,2025-01-08,4,,版本发布,已拒绝,无,2025-01-06
12,2025-02-24,6,6,紧急故障处理,已批准,加班费,2025-02-22
12,2025-03-12,6,6,项目上线冲刺,已批准,无,2025-03-09
12,2025-07-04,3,3,客户交付,已批准,调休,2025-07-02
12,2025-08-05,6,6,版本发布,已批准,调休,2025-08-02
12,2026-01-16,2,2,版本发布,已批准,调休,2026-01-14
12,2026-07-02,2,2,客户交付,已批准,调休,2026-07-01
15,2025-01-22,6,6,版本发布,已批准,调休,2025-01-20
15,2025-03-10,8,,季度盘点,已拒绝,无,2025-03-09
15,2025-11-11,6,6,月度结账,待审批,无,2025-11-08
15,2025-12-15,4,4,项目上线冲刺,已批准,调休,2025-12-10
15,2026-01-29,2,2,季度盘点,已批准,加班费,2026-01-24
15,2026-02-25,2,2,客户交付,已批准,调休,2026-02-22
15,2026-03-25,6,6,月度结账,已批准,调休,2026-03-24
15,2026-06-26,4,4,版本发布,已批准,加班费,2026-06-23
16,2025-01-15,3,3,季度盘点,已批准,调休,2025-01-14
16,2025-08-18,8,8,客户交付,已批准,调休,2025-08-14
16,2025-11-14,8,8,客户交付,已批准,调休,2025-11-12
16,2026-01-27,2,2,紧急故障处理,已批准,调休,2026-01-24
17,2025-05-14,4,4,紧急故障处理,已批准,加班费,2025-05-09
17,2025-10-13,4,4,紧急故障处理,已批准,加班费,2025-10-08
17,2026-01-22,6,6,版本发布,已批准,调休,2026-01-17
17,2026-06-29,6,6,紧急故障处理,已批准,调休,2026-06-28
19,2025-04-15,4,4,项目上线冲刺,已批准,加班费,2025-04-14
19,2025-05-02,4,,季度盘点,已拒绝,无,2025-04-28
19,2025-08-19,3,3,客户交付,已批准,无,2025-08-18
19,2025-09-16,8,8,项目上线冲刺,已批准,加班费,2025-09-14
19,2025-11-14,3,3,紧急故障处理,已批准,无,2025-11-13
19,2025-12-01,2,2,季度盘点,已批准,调休,2025-11-29
19,2026-03-11,3,3,项目上线冲刺,已批准,加班费,2026-03-06
19,2026-05-04,4,4,版本发布,已批准,调休,2026-04-29
21,2025-01-30,4,4,客户交付,已批准,调休,2025-01-27
21,2025-02-19,6,6,季度盘点,已批准,加班费,2025-02-18
21,2025-03-19,4,4,客户交付,已批准,调休,2025-03-18
21,2025-05-30,3,3,季度盘点,待审批,无,2025-05-25
21,2025-11-26,6,6,月度结账,已批准,加班费,2025-11-24
21,2025-12-24,8,8,紧急故障处理,已批准,加班费,2025-12-20
21,2026-01-09,2,,项目上线冲刺,已拒绝,无,2026-01-06
21,2026-03-09,6,6,项目上线冲刺,已批准,调休,2026-03-06
23,2025-02-10,4,4,紧急故障处理,已批准,加班费,2025-02-07
23,2025-04-22,6,,版本发布,已拒绝,无,2025-04-19
23,2025-08-28,4,4,季度盘点,已批准,调休,2025-08-26
23,2025-12-23,4,4,客户交付,已批准,调休,2025-12-18
23,2026-02-20,3,,季度盘点,已拒绝,无,2026-02-15
23,2026-04-22,4,4,月度结账,已批准,调休,2026-04-21
23,2026-07-24,2,2,季度盘点,已批准,加班费,2026-07-20
23,2026-08-05,6,6,客户交付,已批准,调休,2026-08-02
24,2025-01-27,3,,月度结账,已拒绝,无,2025-01-22
24,2025-02-03,6,6,季度盘点,待审批,无,2025-02-01
24,2025-05-29,4,4,月度结账,已批准,调休,2025-05-25
24,2025-07-17,6,6,客户交付,已批准,加班费,2025-07-15
24,2025-10-08,3,3,版本发布,已批准,加班费,2025-10-05
24,2025-11-03,4,,版本发布,已拒绝,无,2025-10-29
24,2025-12-03,4,4,季度盘点,已批准,调休,2025-11-29
27,2025-03-24,2,2,紧急故障处理,已批准,加班费,2025-03-21
27,2026-03-31,8,8,月度结账,已批准,调休,2026-03-30
28,2025-02-07,4,4,项目上线冲刺,已批准,加班费,2025-02-02
28,2025-04-09,2,2,紧急故障处理,已批准,调休,2025-04-06
28,2025-05-21,4,4,月度结账,待审批,无,2025-05-16
28,2025-11-12,4,,客户交付,已拒绝,无,2025-11-10
28,2025-12-18,6,6,月度结账,已批准,加班费,2025-12-15
28,2026-01-22,6,6,项目上线冲刺,已批准,调休,2026-01-21
28,2026-02-25,6,6,版本发布,已批准,调休,2026-02-22
28,2026-07-23,8,8,版本发布,已批准,调休,2026-07-22
29,2025-03-14,2,2,月度结账,已批准,加班费,2025-03-12
29,2025-04-18,4,,月度结账,已拒绝,无,2025-04-16
29,2025-07-21,4,4,月度结账,已批准,调休,2025-07-16
29,2025-09-04,3,3,版本发布,已批准,调休,2025-08-31
29,2025-11-06,8,8,季度盘点,已批准,调休,2025-11-05
29,2026-02-13,2,2,月度结账,已批准,调休,2026-02-10
31,2026-05-01,6,,项目上线冲刺,已拒绝,无,2026-04-28
33,2025-01-14,8,8,季度盘点,已批准,调休,2025-01-10
35,2025-09-30,4,4,月度结账,已批准,无,2025-09-28
35,2026-01-12,2,2,月度结账,已批准,加班费,2026-01-10
35,2026-05-26,4,4,项目上线冲刺,待审批,无,2026-05-24
35,2026-06-26,6,6,客户交付,已批准,加班费,2026-06-21
36,2025-02-12,4,4,季度盘点,已批准,调休,2025-02-10
36,2025-05-26,3,3,版本发布,已批准,加班费,2025-05-23
36,2025-07-16,8,8,季度盘点,已批准,加班费,2025-07-12
36,2025-08-08,6,6,版本发布,已批准,调休,2025-08-05
36,2025-09-11,8,8,项目上线冲刺,已批准,加班费,2025-09-08
36,2025-10-20,2,2,季度盘点,已批准,加班费,2025-10-17
36,2025-11-24,8,8,客户交付,待审批,无,2025-11-19
36,2026-01-08,4,4,月度结账,已批准,调休,2026-01-07
36,2026-06-30,2,2,季度盘点,已批准,调休,2026-06-25
36,2026-08-10,2,2,季度盘点,已批准,调休,2026-08-09
38,2025-01-01,4,4,月度结账,已批准,加班费,2024-12-27
38,2025-05-07,8,8,项目上线冲刺,已批准,加班费,2025-05-02
38,2025-06-03,4,4,客户交付,已批准,调休,2025-06-01
38,2025-08-18,8,,季度盘点,已拒绝,无,2025-08-16
38,2025-11-06,3,3,项目上线冲刺,已批准,调休,2025-11-05
38,2025-12-31,2,,版本发布,已拒绝,无,2025-12-28
38,2026-03-05,6,6,季度盘点,已批准,调休,2026-03-03
38,2026-04-30,3,3,月度结账,已批准,调休,2026-04-25
38,2026-07-31,6,6,月度结账,已批准,调休,2026-07-30
38,2026-08-13,4,4,版本发布,待审批,无,2026-08-12
41,2025-01-30,4,4,月度结账,已批准,调休,2025-01-29
41,2025-11-03,3,3,月度结账,已批准,调休,2025-11-01
41,2025-12-23,4,4,季度盘点,已批准,调休,2025-12-20
42,2025-02-18,8,8,客户交付,已批准,调休,2025-02-15
42,2025-09-18,4,4,项目上线冲刺,已批准,调休,2025-09-15
42,2026-04-23,3,3,项目上线冲刺,已批准,调休,2026-04-19
42,2026-07-03,4,4,项目上线冲刺,已批准,加班费,2026-06-29
42,2026-08-21,4,4,客户交付,已批准,无,2026-08-18
44,2025-04-25,4,4,客户交付,已批准,调休,2025-04-24
44,2025-05-26,4,4,月度结账,已批准,调休,2025-05-23
44,2025-07-08,3,,月度结账,已拒绝,无,2025-07-05
44,2026-07-07,2,2,月度结账,已批准,加班费,2026-07-02
46,2026-04-29,3,3,版本发布,已批准,加班费,2026-04-24
46,2026-05-13,4,4,月度结账,已批准,加班费,2026-05-09
47,2025-02-18,4,4,版本发布,待审批,无,2025-02-15
47,2025-06-06,3,3,月度结账,已批准,调休,2025-06-04
47,2025-07-17,4,4,版本发布,已批准,调休,2025-07-15
47,2025-10-22,2,2,月度结账,待审批,无,2025-10-18
47,2025-12-24,4,4,项目上线冲刺,已批准,调休,2025-12-21
47,2026-01-22,8,8,季度盘点,已批准,加班费,2026-01-19
47,2026-03-02,8,8,月度结账,已批准,加班费,2026-02-25
47,2026-04-24,8,,月度结账,已拒绝,无,2026-04-23
47,2026-06-16,4,4,季度盘点,已批准,调休,2026-06-14
47,2026-07-31,2,,紧急故障处理,已拒绝,无,2026-07-28
48,2025-01-14,3,3,紧急故障处理,已批准,加班费,2025-01-12
48,2025-02-13,3,3,版本发布,已批准,调休,2025-02-08
48,2025-03-17,8,8,季度盘点,已批准,加班费,2025-03-12
49,2025-02-26,6,6,版本发布,已批准,加班费,2025-02-25
49,2025-08-18,4,4,项目上线冲刺,已批准,调休,2025-08-15
49,2025-10-29,6,6,版本发布,已批准,加班费,2025-10-26
49,2025-12-23,8,8,项目上线冲刺,已批准,加班费,2025-12-20
49,2026-02-02,3,3,客户交付,已批准,调休,2026-01-29
49,2026-03-17,2,2,版本发布,待审批,无,2026-03-16
49,2026-07-20,3,3,版本发布,已批准,调休,2026-07-15
50,2025-02-21,6,6,项目上线冲刺,已批准,调休,2025-02-17
50,2025-05-28,3,3,月度结账,已批准,调休,2025-05-26
50,2025-09-11,6,6,项目上线冲刺,已批准,加班费,2025-09-09
53,2025-03-04,4,4,季度盘点,已批准,调休,2025-02-28
53,2025-08-04,3,3,项目上线冲刺,已批准,加班费,2025-07-30
53,2025-10-23,6,6,紧急故障处理,已批准,加班费,2025-10-20
53,2025-12-16,4,4,版本发布,已批准,调休,2025-12-15
53,2026-01-05,4,4,项目上线冲刺,已批准,加班费,2026-01-03
53,2026-02-04,6,6,项目上线冲刺,已批准,调休,2026-01-30
53,2026-04-14,3,3,版本发布,已批准,调休,2026-04-11
53,2026-06-18,3,,版本发布,已拒绝,无,2026-06-17
54,2025-07-07,2,2,紧急故障处理,已批准,调休,2025-07-03
54,2025-10-03,3,3,紧急故障处理,已批准,调休,2025-10-01
54,2026-02-27,4,4,客户交付,已批准,调休,2026-02-24
54,2026-03-26,8,8,季度盘点,已批准,加班费,2026-03-21
54,2026-05-27,4,4,版本发布,已批准,调休,2026-05-25
54,2026-07-14,3,,项目上线冲刺,已拒绝,无,2026-07-10
56,2025-01-21,4,4,月度结账,已批准,调休,2025-01-20
56,2025-02-12,4,4,客户交付,已批准,加班费,2025-02-08
56,2025-03-18,2,2,版本发布,已批准,调休,2025-03-16
56,2025-04-08,4,4,月度结账,已批准,调休,2025-04-05
56,2025-05-08,3,3,项目上线冲刺,已批准,无,2025-05-03
57,2025-01-10,3,3,项目上线冲刺,已批准,加班费,2025-01-06
57,2025-02-10,8,8,客户交付,已批准,加班费,2025-02-09
57,2025-06-30,4,4,季度盘点,已批准,加班费,2025-06-29
57,2025-12-30,4,4,月度结账,已批准,调休,2025-12-25
57,2026-01-07,2,2,项目上线冲刺,已批准,加班费,2026-01-02
57,2026-04-21,8,8,客户交付,已批准,调休,2026-04-16
57,2026-06-10,6,6,季度盘点,已批准,调休,2026-06-05
58,2025-01-30,4,4,项目上线冲刺,已批准,调休,2025-01-25
58,2025-06-04,4,4,项目上线冲刺,已批准,加班费,2025-06-01
58,2025-11-13,4,4,季度盘点,待审批,无,2025-11-10
58,2026-01-09,4,4,客户交付,已批准,调休,2026-01-07
58,2026-02-12,3,3,季度盘点,已批准,调休,2026-02-11
58,2026-04-16,3,3,项目上线冲刺,已批准,无,2026-04-12
59,2025-07-10,2,,紧急故障处理,已拒绝,无,2025-07-07
59,2025-11-06,2,2,项目上线冲刺,已批准,调休,2025-11-05
60,2025-01-28,3,3,客户交付,已批准,加班费,2025-01-27
63,2025-02-03,8,8,季度盘点,已批准,无,2025-02-01
63,2025-09-10,3,3,版本发布,已批准,加班费,2025-09-06
63,2025-12-18,8,8,项目上线冲刺,已批准,调休,2025-12-17
63,2026-08-17,6,6,紧急故障处理,已批准,加班费,2026-08-15
64,2025-02-19,4,4,紧急故障处理,已批准,调休,2025-02-18
64,2025-04-28,3,3,紧急故障处理,已批准,调休,2025-04-25
64,2025-05-08,4,4,紧急故障处理,已批准,调休,2025-05-07
64,2025-10-13,2,2,版本发布,待审批,无,2025-10-09
64,2026-02-24,8,8,版本发布,已批准,调休,2026-02-22
64,2026-06-01,3,3,月度结账,已批准,调休,2026-05-27
65,2025-08-06,2,2,客户交付,已批准,加班费,2025-08-05
65,2026-07-23,3,,客户交付,已拒绝,无,2026-07-22
66,2025-05-27,4,4,月度结账,已批准,调休,2025-05-24
66,2025-09-04,6,6,客户交付,已批准,加班费,2025-09-02
66,2025-10-27,8,,紧急故障处理,已拒绝,无,2025-10-25
66,2025-11-06,2,2,季度盘点,已批准,加班费,2025-11-04
66,2025-12-31,3,3,季度盘点,已批准,调休,2025-12-27
66,2026-02-11,3,,季度盘点,已拒绝,无,2026-02-09
67,2025-02-14,6,6,客户交付,已批准,调休,2025-02-10
67,2025-06-05,8,8,版本发布,已批准,调休,2025-06-02
67,2026-06-18,4,4,版本发布,待审批,无,2026-06-13
67,2026-07-23,2,,客户交付,已拒绝,无,2026-07-18
70,2025-03-04,2,2,月度结账,已批准,调休,2025-03-03
70,2025-04-02,4,4,项目上线冲刺,已批准,加班费,2025-03-30
70,2025-08-25,6,6,版本发布,待审批,无,2025-08-21
70,2025-11-17,2,2,项目上线冲刺,已批准,调休,2025-11-12
73,2025-02-07,3,,客户交付,已拒绝,无,2025-02-02
73,2025-03-31,8,8,月度结账,待审批,无,2025-03-29
73,2025-10-31,6,6,月度结账,已批准,无,2025-10-28
73,2025-11-24,4,4,版本发布,已批准,调休,2025-11-20
73,2026-04-10,6,,版本发布,已拒绝,无,2026-04-07
73,2026-05-21,3,3,客户交付,已批准,加班费,2026-05-17
73,2026-08-17,6,6,季度盘点,已批准,调休,2026-08-13
74,2025-02-14,3,3,项目上线冲刺,已批准,加班费,2025-02-11
74,2025-05-08,3,3,客户交付,已批准,加班费,2025-05-07
74,2025-06-27,2,2,项目上线冲刺,已批准,调休,2025-06-26
74,2025-07-22,3,3,版本发布,已批准,无,2025-07-17
74,2025-10-24,8,8,版本发布,已批准,调休,2025-10-23
74,2026-01-15,2,2,版本发布,已批准,调休,2026-01-12
74,2026-06-25,3,3,紧急故障处理,已批准,加班费,2026-06-22
74,2026-07-27,3,3,版本发布,已批准,加班费,2026-07-25
74,2026-08-18,6,6,版本发布,已批准,调休,2026-08-14
75,2025-02-07,6,6,版本发布,已批准,加班费,2025-02-06
75,2025-05-12,8,8,季度盘点,已批准,调休,2025-05-11
75,2025-09-19,6,6,紧急故障处理,已批准,加班费,2025-09-16
75,2025-10-16,3,3,月度结账,已批准,调休,2025-10-15
75,2025-12-22,4,4,客户交付,已批准,加班费,2025-12-20
76,2026-06-11,8,,客户交付,已拒绝,无,2026-06-10
76,2026-08-25,4,4,客户交付,已批准,调休,2026-08-24
79,2026-05-18,4,4,项目上线冲刺,已批准,加班费,2026-05-14
80,2025-05-06,2,2,月度结账,已批准,调休,2025-05-01
80,2025-09-12,4,4,紧急故障处理,已批准,无,2025-09-09
85,2025-03-05,8,8,紧急故障处理,已批准,调休,2025-03-01
85,2025-05-09,4,4,客户交付,已批准,调休,2025-05-08
85,2025-09-09,4,4,月度结账,已批准,加班费,2025-09-08
85,2025-11-26,3,3,客户交付,已批准,调休,2025-11-25
85,2025-12-05,4,,季度盘点,已拒绝,无,2025-12-03
85,2026-05-29,4,,客户交付,已拒绝,无,2026-05-26
85,2026-06-09,4,4,月度结账,已批准,调休,2026-06-04
85,2026-07-22,3,,项目上线冲刺,已拒绝,无,2026-07-21
85,2026-08-31,3,3,客户交付,已批准,无,2026-08-26
86,2025-06-19,3,3,项目上线冲刺,已批准,调休,2025-06-17
86,2026-03-18,3,3,月度结账,已批准,无,2026-03-13
86,2026-07-15,8,8,客户交付,已批准,无,2026-07-13
86,2026-08-21,8,8,客户交付,已批准,调休,2026-08-19
87,2025-06-18,8,8,月度结账,已批准,调休,2025-06-16
87,2026-03-20,4,4,项目上线冲刺,待审批,无,2026-03-19
87,2026-06-12,8,8,项目上线冲刺,已批准,调休,2026-06-09
87,2026-08-11,8,8,季度盘点,已批准,无,2026-08-09
88,2025-05-01,8,8,紧急故障处理,待审批,无,2025-04-30
91,2025-08-18,3,3,季度盘点,已批准,调休,2025-08-17
91,2025-10-07,4,4,项目上线冲刺,已批准,调休,2025-10-02
91,2025-11-13,6,6,版本发布,已批准,调休,2025-11-10
91,2026-03-31,6,6,季度盘点,已批准,调休,2026-03-28
91,2026-07-03,6,6,月度结账,已批准,调休,2026-06-28
92,2025-05-07,8,8,季度盘点,已批准,调休,2025-05-04
92,2025-08-25,4,4,版本发布,已批准,调休,2025-08-21
92,2025-10-09,3,3,月度结账,已批准,调休,2025-10-05
92,2025-12-02,3,3,月度结账,已批准,调休,2025-11-27
92,2026-02-12,8,8,季度盘点,已批准,调休,2026-02-10
92,2026-03-11,4,4,项目上线冲刺,已批准,调休,2026-03-06
92,2026-05-06,6,6,项目上线冲刺,已批准,无,2026-05-01
93,2025-08-11,3,3,季度盘点,已批准,调休,2025-08-07
93,2026-03-04,4,4,项目上线冲刺,已批准,调休,2026-02-28
93,2026-04-28,6,6,项目上线冲刺,已批准,加班费,2026-04-27
93,2026-06-15,8,8,紧急故障处理,已批准,调休,2026-06-11
93,2026-07-21,4,4,季度盘点,已批准,加班费,2026-07-20
97,2025-02-28,8,8,项目上线冲刺,已批准,调休,2025-02-25
97,2025-05-22,8,8,季度盘点,已批准,加班费,2025-05-20
97,2025-08-26,4,4,版本发布,已批准,调休,2025-08-25
97,2025-11-03,3,3,季度盘点,已批准,调休,2025-10-31
97,2026-01-28,6,,季度盘点,已拒绝,无,2026-01-27
98,2025-02-14,6,6,版本发布,待审批,无,2025-02-12
98,2025-03-04,6,6,项目上线冲刺,已批准,调休,2025-03-02
98,2025-09-05,4,4,紧急故障处理,已批准,加班费,2025-09-02
98,2025-11-18,8,8,项目上线冲刺,已批准,加班费,2025-11-14
98,2025-12-18,3,3,月度结账,已批准,调休,2025-12-14
98,2026-01-29,4,4,版本发布,已批准,调休,2026-01-27
98,2026-02-26,6,6,客户交付,已批准,调休,2026-02-24
98,2026-03-19,4,,季度盘点,已拒绝,无,2026-03-14
98,2026-05-04,6,6,季度盘点,已批准,调休,2026-04-30
98,2026-06-12,8,8,紧急故障处理,已批准,加班费,2026-06-07
98,2026-07-21,4,4,版本发布,已批准,加班费,2026-07-16
99,2025-08-22,4,4,版本发布,已批准,加班费,2025-08-19
100,2025-07-08,4,4,版本发布,已批准,调休,2025-07-06
101,2025-02-24,4,4,紧急故障处理,已批准,调休,2025-02-19
101,2025-05-23,4,4,季度盘点,已批准,加班费,2025-05-20
101,2025-08-27,4,4,客户交付,已批准,加班费,2025-08-24
101,2026-04-24,6,6,项目上线冲刺,已批准,调休,2026-04-19
101,2026-05-11,2,2,月度结账,已批准,加班费,2026-05-10
101,2026-06-04,4,4,季度盘点,已批准,加班费,2026-06-03
101,2026-08-13,8,8,紧急故障处理,已批准,调休,2026-08-12
102,2025-03-14,2,2,紧急故障处理,已批准,调休,2025-03-11
102,2025-10-01,4,4,版本发布,已批准,加班费,2025-09-28
102,2025-12-31,2,2,客户交付,已批准,加班费,2025-12-28
102,2026-01-19,8,8,客户交付,已批准,加班费,2026-01-17
102,2026-02-23,2,2,版本发布,已批准,调休,2026-02-21
102,2026-03-17,4,4,季度盘点,已批准,调休,2026-03-12
102,2026-04-22,6,6,项目上线冲刺,已批准,调休,2026-04-21
102,2026-06-05,8,8,紧急故障处理,已批准,加班费,2026-06-01
102,2026-08-05,3,3,月度结账,已批准,加班费,2026-08-01
103,2025-01-14,2,2,紧急故障处理,已批准,调休,2025-01-10
103,2025-07-14,3,,季度盘点,已拒绝,无,2025-07-11
103,2025-11-11,2,2,季度盘点,已批准,加班费,2025-11-07
103,2026-03-30,4,4,版本发布,已批准,调休,2026-03-27
103,2026-04-30,6,6,客户交付,已批准,调休,2026-04-28
103,2026-05-21,4,4,月度结账,已批准,调休,2026-05-17
103,2026-06-19,4,4,版本发布,已批准,调休,2026-06-17
103,2026-07-21,4,4,客户交付,已批准,调休,2026-07-20
104,2025-02-13,8,8,项目上线冲刺,已批准,调休,2025-02-12
104,2025-05-15,8,8,紧急故障处理,已批准,调休,2025-05-13
104,2025-06-05,4,4,客户交付,已批准,调休,2025-06-03
104,2025-07-07,4,4,项目上线冲刺,已批准,加班费,2025-07-06
104,2025-11-11,4,4,客户交付,已批准,调休,2025-11-10
104,2025-12-16,8,8,季度盘点,已批准,调休,2025-12-12
104,2026-05-08,3,3,季度盘点,已批准,加班费,2026-05-03
104,2026-06-08,6,6,项目上线冲刺,已批准,调休,2026-06-05
105,2025-05-28,6,6,紧急故障处理,已批准,调休,2025-05-24
105,2025-06-10,8,8,月度结账,已批准,加班费,2025-06-08
105,2026-01-20,6,6,季度盘点,已批准,加班费,2026-01-18
108,2025-01-08,3,3,月度结账,已批准,调休,2025-01-07
108,2025-02-21,6,6,紧急故障处理,已批准,调休,2025-02-16
108,2025-03-18,4,4,季度盘点,已批准,加班费,2025-03-17
108,2025-11-13,2,2,季度盘点,已批准,加班费,2025-11-11
108,2025-12-10,4,4,项目上线冲刺,已批准,加班费,2025-12-05
108,2026-02-10,4,4,客户交付,已批准,加班费,2026-02-07
108,2026-08-14,2,2,季度盘点,已批准,加班费,2026-08-12
109,2025-08-07,8,8,季度盘点,已批准,加班费,2025-08-02
109,2025-09-22,4,4,客户交付,已批准,调休,2025-09-21
109,2026-06-04,4,4,客户交付,已批准,调休,2026-06-03
110,2025-02-18,2,2,版本发布,已批准,加班费,2025-02-16
110,2025-04-22,2,2,紧急故障处理,待审批,无,2025-04-18
110,2025-05-15,4,4,版本发布,已批准,加班费,2025-05-14
110,2025-06-10,4,4,紧急故障处理,已批准,调休,2025-06-07
110,2025-08-05,2,2,版本发布,已批准,调休,2025-08-04
110,2025-12-02,2,2,季度盘点,已批准,调休,2025-11-27
110,2026-02-13,3,3,月度结账,已批准,调休,2026-02-09
110,2026-05-14,8,8,紧急故障处理,已批准,调休,2026-05-12
111,2025-01-16,8,8,季度盘点,已批准,调休,2025-01-12
111,2025-04-16,6,6,月度结账,待审批,无,2025-04-11
111,2025-05-20,2,2,客户交付,已批准,调休,2025-05-17
111,2025-06-20,4,4,季度盘点,待审批,无,2025-06-18
111,2025-11-07,6,6,版本发布,已批准,无,2025-11-04
111,2026-01-29,2,2,项目上线冲刺,已批准,加班费,2026-01-25
112,2025-07-30,4,4,月度结账,已批准,调休,2025-07-28
113,2025-04-10,2,2,客户交付,已批准,调休,2025-04-05
113,2026-02-04,6,6,月度结账,已批准,加班费,2026-01-31
113,2026-03-19,4,4,季度盘点,已批准,调休,2026-03-16
114,2025-09-23,4,4,月度结账,已批准,无,2025-09-21
114,2026-01-29,6,6,项目上线冲刺,已批准,调休,2026-01-28
114,2026-06-12,3,3,紧急故障处理,待审批,无,2026-06-11
115,2025-01-02,4,4,季度盘点,已批准,调休,2024-12-30
115,2025-03-13,4,4,项目上线冲刺,已批准,调休,2025-03-12
115,2025-04-18,8,,项目上线冲刺,已拒绝,无,2025-04-13
117,2025-03-13,8,8,季度盘点,已批准,调休,2025-03-08
117,2025-04-24,8,8,月度结账,已批准,调休,2025-04-23
117,2025-06-09,6,6,版本发布,已批准,调休,2025-06-08
117,2025-07-24,3,3,项目上线冲刺,已批准,加班费,2025-07-23
117,2026-01-07,4,4,紧急故障处理,已批准,调休,2026-01-05
117,2026-04-07,8,8,版本发布,已批准,调休,2026-04-04
117,2026-05-11,8,8,季度盘点,已批准,加班费,2026-05-07
120,2025-02-25,2,2,客户交付,待审批,无,2025-02-22
120,2025-04-24,4,4,项目上线冲刺,已批准,加班费,2025-04-19
120,2025-05-26,2,2,客户交付,已批准,加班费,2025-05-24
120,2025-10-14,4,,项目上线冲刺,已拒绝,无,2025-10-10
120,2025-11-03,4,4,版本发布,已批准,调休,2025-11-01
120,2025-12-08,4,4,紧急故障处理,已批准,调休,2025-12-03
120,2026-02-10,4,,月度结账,已拒绝,无,2026-02-07
120,2026-08-25,8,8,紧急故障处理,已批准,调休,2026-08-20
121,2025-06-18,4,4,紧急故障处理,已批准,加班费,2025-06-14
121,2026-03-11,8,8,客户交付,已批准,调休,2026-03-08
121,2026-06-26,4,4,项目上线冲刺,已批准,调休,2026-06-22
121,2026-07-14,3,3,项目上线冲刺,已批准,调休,2026-07-13
122,2025-04-02,4,4,紧急故障处理,已批准,调休,2025-03-31
122,2025-07-11,8,8,项目上线冲刺,已批准,无,2025-07-10
122,2025-08-07,4,4,客户交付,已批准,调休,2025-08-04
122,2025-11-27,4,4,季度盘点,已批准,调休,2025-11-24
122,2026-04-03,4,4,客户交付,已批准,加班费,2026-03-30
122,2026-07-08,4,4,项目上线冲刺,已批准,调休,2026-07-07
122,2026-08-07,2,2,紧急故障处理,已批准,调休,2026-08-04
123,2025-04-07,4,,紧急故障处理,已拒绝,无,2025-04-05
123,2025-07-31,3,3,客户交付,已批准,加班费,2025-07-27
123,2025-10-22,6,6,紧急故障处理,已批准,加班费,2025-10-17
123,2026-03-06,3,3,季度盘点,已批准,调休,2026-03-01
123,2026-06-17,2,2,版本发布,已批准,加班费,2026-06-16
123,2026-08-17,2,2,月度结账,已批准,加班费,2026-08-13
124,2025-01-21,4,4,紧急故障处理,已批准,调休,2025-01-19
124,2025-11-21,4,4,项目上线冲刺,已批准,调休,2025-11-17
124,2026-02-06,4,4,版本发布,已批准,加班费,2026-02-05
126,2025-01-06,3,3,季度盘点,已批准,调休,2025-01-02
128,2025-01-17,4,4,客户交付,已批准,调休,2025-01-15
128,2025-07-24,4,4,紧急故障处理,已批准,无,2025-07-19
128,2025-08-12,4,4,季度盘点,已批准,调休,2025-08-09
128,2026-01-30,4,4,项目上线冲刺,已批准,调休,2026-01-25
128,2026-03-12,2,2,紧急故障处理,已批准,调休,2026-03-08
128,2026-08-10,4,4,客户交付,已批准,加班费,2026-08-05
129,2025-02-06,6,6,紧急故障处理,已批准,无,2025-02-02
129,2025-04-14,3,3,客户交付,已批准,调休,2025-04-12
129,2025-10-31,8,8,季度盘点,已批准,调休,2025-10-29
129,2025-12-12,3,3,版本发布,已批准,调休,2025-12-07
132,2025-01-03,8,8,项目上线冲刺,已批准,调休,2024-12-30
132,2025-02-20,6,6,季度盘点,已批准,加班费,2025-02-19
132,2025-07-31,4,4,月度结账,已批准,调休,2025-07-28
132,2025-10-15,4,,客户交付,已拒绝,无,2025-10-14
132,2026-05-08,2,2,客户交付,已批准,调休,2026-05-03
132,2026-06-01,6,6,季度盘点,已批准,调休,2026-05-27
132,2026-08-17,2,2,客户交付,已批准,调休,2026-08-15
133,2025-01-09,8,8,紧急故障处理,已批准,调休,2025-01-05
133,2025-11-21,4,4,版本发布,已批准,加班费,2025-11-16
134,2025-03-26,3,3,客户交付,已批准,调休,2025-03-22
134,2025-07-17,6,6,紧急故障处理,已批准,调休,2025-07-14
134,2025-10-23,4,4,版本发布,已批准,加班费,2025-10-20
134,2025-11-04,8,,紧急故障处理,已拒绝,无,2025-11-02
134,2026-01-16,8,8,客户交付,已批准,调休,2026-01-14
134,2026-03-27,3,3,版本发布,已批准,调休,2026-03-23
135,2025-04-02,3,,月度结账,已拒绝,无,2025-03-29
135,2025-05-08,4,4,紧急故障处理,已批准,调休,2025-05-04
135,2025-07-04,2,2,项目上线冲刺,已批准,加班费,2025-06-30
135,2026-07-02,6,6,月度结账,已批准,调休,2026-06-28
137,2025-02-24,8,8,月度结账,已批准,调休,2025-02-19
137,2025-03-13,3,3,版本发布,已批准,调休,2025-03-08
137,2025-10-17,2,,客户交付,已拒绝,无,2025-10-16
137,2025-11-27,6,6,紧急故障处理,已批准,加班费,2025-11-24
137,2025-12-24,2,2,月度结账,已批准,调休,2025-12-22
137,2026-03-30,4,4,项目上线冲刺,已批准,调休,2026-03-29
137,2026-04-01,2,2,月度结账,已批准,加班费,2026-03-27
137,2026-05-12,4,4,紧急故障处理,已批准,调休,2026-05-09
138,2025-01-31,4,4,客户交付,已批准,调休,2025-01-27
138,2025-05-13,4,4,紧急故障处理,已批准,调休,2025-05-12
138,2026-02-17,6,6,项目上线冲刺,已批准,加班费,2026-02-15
138,2026-06-18,4,4,版本发布,已批准,调休,2026-06-16
139,2025-09-23,4,4,月度结账,已批准,调休,2025-09-22
139,2025-11-10,4,4,客户交付,已批准,加班费,2025-11-07
139,2025-12-16,2,2,月度结账,待审批,无,2025-12-12
139,2026-06-19,8,8,版本发布,已批准,调休,2026-06-15
142,2025-01-17,8,8,季度盘点,已批准,调休,2025-01-16
142,2025-06-02,2,2,紧急故障处理,已批准,加班费,2025-05-29
142,2026-02-06,8,8,项目上线冲刺,已批准,调休,2026-02-02
142,2026-03-25,4,4,客户交付,已批准,调休,2026-03-20
142,2026-04-27,3,3,季度盘点,已批准,调休,2026-04-22
142,2026-05-11,8,8,项目上线冲刺,已批准,无,2026-05-09
142,2026-06-02,6,6,版本发布,已批准,调休,2026-06-01
142,2026-07-02,4,,紧急故障处理,已拒绝,无,2026-07-01
143,2025-04-23,2,2,紧急故障处理,已批准,无,2025-04-22
143,2026-02-16,4,4,紧急故障处理,待审批,无,2026-02-13
143,2026-05-21,2,2,客户交付,待审批,无,2026-05-17
144,2025-01-29,2,2,月度结账,已批准,调休,2025-01-26
144,2025-02-06,6,6,客户交付,已批准,加班费,2025-02-04
144,2025-03-05,4,4,紧急故障处理,已批准,调休,2025-03-01
144,2025-09-08,2,,季度盘点,已拒绝,无,2025-09-05
144,2025-10-31,8,8,项目上线冲刺,待审批,无,2025-10-30
144,2026-04-24,6,6,版本发布,已批准,加班费,2026-04-20
144,2026-05-28,2,2,季度盘点,已批准,加班费,2026-05-27
146,2025-07-29,6,6,紧急故障处理,已批准,调休,2025-07-27
146,2025-09-24,2,2,版本发布,已批准,调休,2025-09-21
146,2026-03-12,3,3,紧急故障处理,已批准,无,2026-03-09
146,2026-06-29,2,2,季度盘点,已批准,调休,2026-06-26
146,2026-07-30,3,3,客户交付,已批准,调休,2026-07-26
147,2025-04-01,6,6,客户交付,已批准,调休,2025-03-28
147,2025-05-02,3,3,季度盘点,已批准,加班费,2025-04-30
147,2025-08-22,8,8,月度结账,已批准,加班费,2025-08-18
147,2026-01-09,4,4,项目上线冲刺,已批准,调休,2026-01-08
147,2026-05-08,3,3,紧急故障处理,待审批,无,2026-05-05
147,2026-07-10,3,3,客户交付,已批准,调休,2026-07-09
147,2026-08-10,4,4,季度盘点,已批准,调休,2026-08-05
149,2025-05-08,4,4,客户交付,已批准,调休,2025-05-06
149,2025-07-15,8,,版本发布,已拒绝,无,2025-07-14
149,2025-10-14,2,2,季度盘点,已批准,加班费,2025-10-12
149,2025-11-04,4,4,季度盘点,待审批,无,2025-11-01
149,2025-12-16,6,6,项目上线冲刺,已批准,调休,2025-12-15
149,2026-02-23,6,6,版本发布,已批准,加班费,2026-02-20
149,2026-06-08,4,4,版本发布,已批准,调休,2026-06-04
150,2025-06-05,6,6,季度盘点,已批准,调休,2025-06-03
150,2025-09-11,4,4,项目上线冲刺,已批准,无,2025-09-10
150,2025-12-12,8,8,季度盘点,已批准,调休,2025-12-09
150,2026-02-09,6,6,客户交付,已批准,调休,2026-02-04
151,2025-01-09,4,4,版本发布,已批准,加班费,2025-01-07
151,2025-02-28,6,6,项目上线冲刺,已批准,调休,2025-02-27
151,2025-04-17,6,6,月度结账,已批准,调休,2025-04-14
151,2025-06-02,3,3,客户交付,已批准,加班费,2025-05-29
151,2025-12-03,8,8,版本发布,已批准,调休,2025-11-30
151,2026-04-07,8,,紧急故障处理,已拒绝,无,2026-04-04
156,2025-01-07,4,4,季度盘点,已批准,调休,2025-01-06
156,2025-02-19,8,8,项目上线冲刺,已批准,调休,2025-02-14
156,2025-04-25,4,,季度盘点,已拒绝,无,2025-04-22
156,2025-08-19,8,8,紧急故障处理,已批准,调休,2025-08-16
156,2025-09-09,6,6,紧急故障处理,已批准,调休,2025-09-05
156,2025-11-04,6,6,紧急故障处理,已批准,调休,2025-10-31
156,2025-12-16,6,6,季度盘点,已批准,调休,2025-12-12
156,2026-04-28,8,8,项目上线冲刺,已批准,调休,2026-04-24
156,2026-05-25,6,6,客户交付,已批准,调休,2026-05-24
156,2026-07-09,3,3,月度结账,已批准,调休,2026-07-04
157,2025-03-07,4,4,季度盘点,已批准,调休,2025-03-03
157,2025-06-26,8,8,项目上线冲刺,已批准,加班费,2025-06-22
157,2025-09-01,8,,项目上线冲刺,已拒绝,无,2025-08-29
157,2025-10-15,8,8,月度结账,已批准,加班费,2025-10-14
157,2025-12-09,2,2,版本发布,已批准,调休,2025-12-05
157,2026-07-01,4,4,季度盘点,已批准,加班费,2026-06-30
158,2025-08-25,3,3,客户交付,已批准,调休,2025-08-21
158,2025-12-23,4,4,季度盘点,已批准,调休,2025-12-18
160,2026-04-27,3,3,项目上线冲刺,已批准,调休,2026-04-23
160,2026-08-26,2,2,版本发布,已批准,调休,2026-08-25
161,2025-05-14,6,6,月度结账,已批准,加班费,2025-05-10
161,2025-10-16,6,6,季度盘点,待审批,无,2025-10-15
161,2026-02-13,2,2,季度盘点,已批准,调休,2026-02-08
161,2026-05-26,6,6,版本发布,已批准,调休,2026-05-25
162,2025-03-13,8,8,版本发布,已批准,调休,2025-03-12
162,2025-05-19,2,2,客户交付,已批准,调休,2025-05-18
162,2025-08-05,2,2,月度结账,已批准,加班费,2025-08-04
162,2026-01-12,3,3,紧急故障处理,已批准,调休,2026-01-08
162,2026-04-09,2,2,季度盘点,已批准,加班费,2026-04-07
162,2026-05-22,4,4,紧急故障处理,已批准,调休,2026-05-19
162,2026-06-11,8,8,月度结账,已批准,加班费,2026-06-07
162,2026-07-15,4,4,季度盘点,已批准,加班费,2026-07-12
164,2025-10-28,2,2,紧急故障处理,待审批,无,2025-10-23
164,2025-11-13,6,6,项目上线冲刺,已批准,加班费,2025-11-11
165,2025-02-19,4,,紧急故障处理,已拒绝,无,2025-02-16
165,2025-03-25,4,4,紧急故障处理,待审批,无,2025-03-22
165,2025-06-03,6,6,项目上线冲刺,已批准,加班费,2025-06-01
165,2026-01-22,8,8,版本发布,已批准,调休,2026-01-19
165,2026-05-26,4,4,客户交付,已批准,调休,2026-05-22
165,2026-08-05,4,4,季度盘点,已批准,调休,2026-08-02
166,2025-05-08,4,4,项目上线冲刺,已批准,加班费,2025-05-06
166,2025-08-06,4,4,项目上线冲刺,待审批,无,2025-08-02
166,2025-09-25,6,,月度结账,已拒绝,无,2025-09-22
166,2025-12-22,4,4,月度结账,已批准,调休,2025-12-19
166,2026-01-08,8,8,客户交付,已批准,调休,2026-01-06
166,2026-03-04,2,2,版本发布,已批准,调休,2026-03-03
166,2026-04-02,3,3,月度结账,已批准,调休,2026-03-29
166,2026-06-09,4,4,版本发布,已批准,调休,2026-06-08
166,2026-07-24,8,8,紧急故障处理,已批准,调休,2026-07-20
167,2025-03-25,4,4,客户交付,待审批,无,2025-03-22
167,2025-04-11,4,4,紧急故障处理,已批准,调休,2025-04-10
167,2025-07-21,4,4,月度结账,已批准,调休,2025-07-19
167,2025-09-05,3,3,项目上线冲刺,已批准,调休,2025-09-02
167,2025-12-11,4,4,客户交付,已批准,加班费,2025-12-08
167,2026-03-09,6,6,季度盘点,已批准,调休,2026-03-05
167,2026-05-15,4,4,紧急故障处理,已批准,加班费,2026-05-12
167,2026-06-30,4,4,项目上线冲刺,已批准,调休,2026-06-26
167,2026-08-20,6,6,紧急故障处理,已批准,调休,2026-08-18
168,2025-05-28,2,2,版本发布,已批准,调休,2025-05-24
168,2025-12-03,4,4,紧急故障处理,已批准,加班费,2025-11-28
169,2025-11-06,4,4,客户交付,已批准,加班费,2025-11-02
171,2025-02-25,3,3,项目上线冲刺,已批准,调休,2025-02-20
171,2025-07-01,2,2,季度盘点,已批准,加班费,2025-06-27
171,2025-10-13,4,4,项目上线冲刺,已批准,调休,2025-10-08
171,2025-11-19,4,4,紧急故障处理,已批准,调休,2025-11-17
174,2025-05-05,2,2,项目上线冲刺,已批准,调休,2025-05-02
174,2025-06-04,6,6,项目上线冲刺,已批准,调休,2025-06-02
174,2025-07-01,4,4,客户交付,已批准,调休,2025-06-29
174,2025-11-20,8,8,项目上线冲刺,已批准,调休,2025-11-17
174,2026-04-07,8,8,季度盘点,已批准,加班费,2026-04-05
176,2025-05-15,3,3,季度盘点,已批准,调休,2025-05-12
176,2025-11-18,8,8,季度盘点,已批准,调休,2025-11-14
176,2026-02-03,3,,版本发布,已拒绝,无,2026-01-30
176,2026-03-09,3,3,月度结账,已批准,调休,2026-03-07
176,2026-04-07,3,3,紧急故障处理,已批准,调休,2026-04-04
177,2025-03-31,8,8,月度结账,已批准,加班费,2025-03-30
177,2025-09-25,6,6,项目上线冲刺,已批准,加班费,2025-09-21
177,2025-10-24,2,2,客户交付,已批准,加班费,2025-10-23
177,2026-02-17,3,3,版本发布,已批准,调休,2026-02-15
177,2026-08-18,6,6,客户交付,已批准,调休,2026-08-17
178,2026-03-02,4,,季度盘点,已拒绝,无,2026-02-26
178,2026-04-23,2,2,月度结账,已批准,调休,2026-04-22
178,2026-07-31,8,8,项目上线冲刺,已批准,调休,2026-07-29
178,2026-08-19,4,,季度盘点,已拒绝,无,2026-08-17
179,2025-05-09,2,2,季度盘点,已批准,加班费,2025-05-08
179,2025-10-16,4,4,紧急故障处理,已批准,调休,2025-10-11
179,2026-04-02,4,4,季度盘点,已批准,加班费,2026-03-28
179,2026-05-01,8,8,客户交付,已批准,调休,2026-04-30
180,2025-08-25,8,8,客户交付,待审批,无,2025-08-24
180,2025-09-10,4,4,季度盘点,已批准,调休,2025-09-09
181,2025-04-30,6,6,客户交付,已批准,加班费,2025-04-27
181,2025-09-11,8,8,版本发布,已批准,加班费,2025-09-09
181,2025-10-30,3,3,紧急故障处理,已批准,调休,2025-10-25
181,2025-12-15,3,3,客户交付,已批准,调休,2025-12-10
181,2026-01-16,2,,版本发布,已拒绝,无,2026-01-14
183,2025-04-02,3,3,客户交付,已批准,调休,2025-03-30
183,2025-08-05,6,6,项目上线冲刺,已批准,调休,2025-07-31
183,2025-11-17,4,4,客户交付,已批准,调休,2025-11-13
183,2025-12-22,2,2,客户交付,已批准,调休,2025-12-20
183,2026-02-27,4,4,客户交付,已批准,加班费,2026-02-22
183,2026-05-25,4,4,客户交付,已批准,调休,2026-05-23
183,2026-06-24,4,4,版本发布,已批准,调休,2026-06-20
183,2026-08-28,3,3,月度结账,已批准,调休,2026-08-27
184,2025-03-07,4,4,月度结账,已批准,调休,2025-03-04
184,2025-04-04,6,6,客户交付,已批准,调休,2025-04-03
184,2025-06-23,3,3,月度结账,已批准,加班费,2025-06-22
184,2025-08-14,6,6,季度盘点,待审批,无,2025-08-09
184,2025-09-12,6,6,版本发布,已批准,调休,2025-09-09
184,2025-10-30,2,,项目上线冲刺,已拒绝,无,2025-10-26
184,2025-12-18,3,3,版本发布,已批准,加班费,2025-12-16
184,2026-01-09,3,3,项目上线冲刺,已批准,调休,2026-01-07
184,2026-03-24,6,6,月度结账,已批准,加班费,2026-03-22
184,2026-06-18,3,3,版本发布,已批准,调休,2026-06-16
186,2025-07-15,2,2,版本发布,已批准,加班费,2025-07-12
186,2025-09-02,2,2,紧急故障处理,已批准,加班费,2025-08-31
186,2026-04-07,4,4,客户交付,已批准,调休,2026-04-05
188,2025-05-21,4,4,客户交付,已批准,调休,2025-05-18
188,2025-06-04,2,2,项目上线冲刺,已批准,调休,2025-05-31
188,2025-08-12,4,4,紧急故障处理,已批准,调休,2025-08-07
188,2025-10-07,6,6,版本发布,已批准,加班费,2025-10-04
188,2025-11-03,4,4,客户交付,已批准,调休,2025-10-30
188,2026-03-05,6,6,月度结账,已批准,调休,2026-03-03
188,2026-05-01,8,8,客户交付,已批准,调休,2026-04-27
188,2026-06-25,4,4,紧急故障处理,已批准,加班费,2026-06-23
188,2026-08-03,4,4,项目上线冲刺,已批准,调休,2026-07-29
190,2025-01-21,2,2,月度结账,已批准,加班费,2025-01-18
190,2025-02-28,4,4,紧急故障处理,已批准,加班费,2025-02-25
190,2025-04-08,4,4,客户交付,已批准,加班费,2025-04-03
190,2025-05-21,8,,季度盘点,已拒绝,无,2025-05-19
190,2025-06-03,3,3,季度盘点,已批准,调休,2025-06-01
190,2025-07-08,6,6,月度结账,已批准,调休,2025-07-03
190,2025-08-04,2,2,版本发布,已批准,加班费,2025-07-31
190,2026-01-05,2,2,项目上线冲刺,已批准,调休,2026-01-01
190,2026-02-20,6,6,项目上线冲刺,已批准,调休,2026-02-17
190,2026-07-01,2,2,客户交付,已批准,加班费,2026-06-28
191,2025-07-04,4,,月度结账,已拒绝,无,2025-06-29
191,2025-08-14,4,4,季度盘点,已批准,加班费,2025-08-12
191,2026-04-01,4,4,项目上线冲刺,已批准,调休,2026-03-27
191,2026-05-13,8,8,客户交付,已批准,调休,2026-05-11
191,2026-08-06,6,6,版本发布,已批准,调休,2026-08-01
193,2025-04-14,3,3,客户交付,已批准,加班费,2025-04-09
193,2025-06-19,2,2,客户交付,已批准,调休,2025-06-17
193,2026-01-19,3,3,季度盘点,已批准,调休,2026-01-17
193,2026-07-31,6,6,季度盘点,已批准,加班费,2026-07-27
193,2026-08-18,4,4,紧急故障处理,已批准,加班费,2026-08-13
195,2026-06-24,4,4,客户交付,已批准,加班费,2026-06-22
195,2026-08-03,4,4,季度盘点,已批准,调休,2026-07-29
197,2025-01-24,2,2,项目上线冲刺,待审批,无,2025-01-21
197,2025-02-27,4,4,客户交付,已批准,调休,2025-02-24
197,2025-06-30,2,,季度盘点,已拒绝,无,2025-06-25
197,2025-09-15,2,2,紧急故障处理,已批准,加班费,2025-09-12
197,2025-10-29,8,8,版本发布,已批准,调休,2025-10-28
197,2026-07-02,4,4,版本发布,待审批,无,2026-06-30
200,2025-09-25,8,8,紧急故障处理,已批准,加班费,2025-09-23
200,2026-05-15,3,3,项目上线冲刺,已批准,无,2026-05-11
200,2026-07-20,6,6,紧急故障处理,已批准,调休,2026-07-16
201,2025-08-11,3,3,月度结账,已批准,调休,2025-08-10
201,2025-12-22,4,4,客户交付,已批准,调休,2025-12-19
201,2026-07-20,4,4,客户交付,已批准,调休,2026-07-17
202,2026-02-03,6,6,月度结账,已批准,调休,2026-01-29
203,2025-02-14,3,3,客户交付,已批准,调休,2025-02-12
203,2025-07-04,8,8,项目上线冲刺,已批准,调休,2025-07-01
203,2025-08-25,4,4,项目上线冲刺,已批准,加班费,2025-08-20
203,2025-10-29,3,,月度结账,已拒绝,无,2025-10-24
203,2026-01-06,2,2,客户交付,已批准,调休,2026-01-05
206,2025-03-05,3,3,项目上线冲刺,已批准,加班费,2025-03-03
206,2025-08-04,2,2,项目上线冲刺,已批准,调休,2025-08-03
206,2025-09-04,6,6,版本发布,已批准,加班费,2025-09-03
206,2026-01-16,3,3,项目上线冲刺,已批准,调休,2026-01-13
206,2026-04-13,3,3,项目上线冲刺,已批准,加班费,2026-04-09
206,2026-05-04,2,2,项目上线冲刺,已批准,加班费,2026-05-02
206,2026-06-01,6,6,项目上线冲刺,已批准,调休,2026-05-29
207,2025-06-12,2,2,版本发布,已批准,加班费,2025-06-08
207,2025-11-04,2,,紧急故障处理,已拒绝,无,2025-10-30
207,2025-12-16,4,4,项目上线冲刺,已批准,调休,2025-12-15
207,2026-04-15,2,2,季度盘点,已批准,调休,2026-04-11
208,2025-01-31,3,3,客户交付,已批准,加班费,2025-01-28
208,2025-02-24,4,4,季度盘点,已批准,调休,2025-02-23
208,2025-03-10,3,3,项目上线冲刺,已批准,加班费,2025-03-05
208,2025-08-28,4,4,版本发布,已批准,加班费,2025-08-24
208,2025-11-14,8,8,项目上线冲刺,已批准,调休,2025-11-10
208,2026-02-05,6,6,紧急故障处理,已批准,调休,2026-02-03
208,2026-05-22,6,6,版本发布,已批准,无,2026-05-21
208,2026-06-12,4,4,项目上线冲刺,已批准,调休,2026-06-08
209,2025-02-13,4,4,季度盘点,已批准,调休,2025-02-10
209,2025-04-23,4,4,月度结账,已批准,调休,2025-04-19
209,2025-07-07,4,,项目上线冲刺,已拒绝,无,2025-07-06
209,2025-09-25,2,,客户交付,已拒绝,无,2025-09-23
209,2025-10-30,4,4,版本发布,待审批,无,2025-10-28
209,2025-11-12,6,6,版本发布,已批准,加班费,2025-11-08
209,2026-03-18,8,8,项目上线冲刺,已批准,调休,2026-03-17
209,2026-04-06,3,3,版本发布,已批准,加班费,2026-04-03
209,2026-05-18,4,4,客户交付,已批准,加班费,2026-05-14
209,2026-07-07,6,,客户交付,已拒绝,无,2026-07-06
209,2026-08-05,3,3,版本发布,已批准,调休,2026-08-02
210,2025-02-21,2,2,季度盘点,已批准,无,2025-02-18
210,2025-08-19,3,3,版本发布,已批准,调休,2025-08-15
210,2025-09-17,6,6,项目上线冲刺,已批准,调休,2025-09-12
210,2026-02-19,4,,季度盘点,已拒绝,无,2026-02-14
211,2025-05-30,2,2,月度结账,已批准,加班费,2025-05-27
211,2025-06-20,8,8,版本发布,已批准,调休,2025-06-15
211,2025-07-03,4,4,紧急故障处理,已批准,加班费,2025-07-01
211,2025-08-06,4,4,季度盘点,已批准,调休,2025-08-02
211,2025-09-18,8,8,月度结账,已批准,调休,2025-09-14
211,2025-12-29,2,2,季度盘点,已批准,调休,2025-12-24
211,2026-05-01,6,6,版本发布,待审批,无,2026-04-30
212,2025-01-13,4,4,项目上线冲刺,已批准,加班费,2025-01-08
212,2025-10-09,2,,月度结账,已拒绝,无,2025-10-08
212,2025-12-18,6,6,季度盘点,已批准,加班费,2025-12-16
213,2025-04-16,3,3,客户交付,已批准,无,2025-04-12
213,2025-06-06,2,2,季度盘点,已批准,加班费,2025-06-05
213,2025-09-25,4,4,版本发布,已批准,无,2025-09-24
213,2025-11-10,6,6,版本发布,已批准,调休,2025-11-06
213,2026-05-07,4,,月度结账,已拒绝,无,2026-05-05
214,2025-02-07,3,3,月度结账,已批准,加班费,2025-02-03
214,2025-03-05,2,2,月度结账,已批准,调休,2025-03-01
214,2025-05-07,4,,月度结账,已拒绝,无,2025-05-02
214,2025-08-05,3,3,月度结账,已批准,加班费,2025-07-31
214,2025-09-15,2,2,季度盘点,已批准,调休,2025-09-12
214,2025-10-17,4,,客户交付,已拒绝,无,2025-10-15
214,2026-02-10,6,6,项目上线冲刺,已批准,调休,2026-02-07
214,2026-03-06,8,8,月度结账,已批准,加班费,2026-03-05
214,2026-05-18,6,6,版本发布,已批准,调休,2026-05-15
214,2026-07-03,4,4,紧急故障处理,已批准,调休,2026-07-01
215,2025-03-17,3,3,紧急故障处理,已批准,调休,2025-03-14
216,2025-03-31,8,8,版本发布,已批准,无,2025-03-30
216,2025-05-06,8,,月度结账,已拒绝,无,2025-05-05
216,2025-07-17,6,6,客户交付,待审批,无,2025-07-13
216,2025-09-05,4,4,客户交付,已批准,调休,2025-08-31
216,2025-12-17,4,4,月度结账,已批准,加班费,2025-12-16
216,2026-01-23,8,8,版本发布,已批准,调休,2026-01-22
216,2026-04-24,4,4,紧急故障处理,已批准,调休,2026-04-22
216,2026-05-04,4,4,月度结账,已批准,调休,2026-05-03
216,2026-06-01,6,6,客户交付,已批准,无,2026-05-31
216,2026-07-02,6,,季度盘点,已拒绝,无,2026-06-27
216,2026-08-24,6,,季度盘点,已拒绝,无,2026-08-19
217,2025-02-07,4,4,客户交付,已批准,加班费,2025-02-02
217,2025-04-01,6,6,客户交付,已批准,调休,2025-03-28
217,2025-05-30,4,4,紧急故障处理,已批准,加班费,2025-05-25
217,2025-09-10,4,4,月度结账,已批准,调休,2025-09-07
217,2025-10-02,8,8,版本发布,已批准,加班费,2025-09-29
217,2026-03-02,4,4,紧急故障处理,待审批,无,2026-03-01
217,2026-05-01,8,8,版本发布,已批准,调休,2026-04-30
218,2025-05-21,8,8,版本发布,已批准,调休,2025-05-20
218,2025-07-03,3,3,紧急故障处理,已批准,调休,2025-06-30
218,2026-04-06,8,8,月度结账,待审批,无,2026-04-02
220,2025-06-10,8,8,客户交付,已批准,加班费,2025-06-08
220,2026-01-02,3,3,紧急故障处理,已批准,调休,2026-01-01
221,2025-01-01,4,4,客户交付,已批准,调休,2024-12-28
221,2025-03-31,6,6,项目上线冲刺,已批准,调休,2025-03-29
221,2025-07-09,2,2,版本发布,已批准,调休,2025-07-06
221,2025-08-06,3,3,版本发布,已批准,调休,2025-08-01
221,2025-10-13,2,2,项目上线冲刺,待审批,无,2025-10-10
221,2025-11-12,2,2,季度盘点,已批准,调休,2025-11-11
221,2026-01-06,4,4,版本发布,已批准,调休,2026-01-04
221,2026-03-06,3,3,项目上线冲刺,已批准,调休,2026-03-04
221,2026-04-15,4,4,项目上线冲刺,已批准,加班费,2026-04-11
221,2026-08-04,6,6,季度盘点,已批准,调休,2026-08-02
224,2025-01-24,3,,项目上线冲刺,已拒绝,无,2025-01-23
224,2025-02-18,6,6,季度盘点,已批准,加班费,2025-02-15
224,2025-04-08,3,,客户交付,已拒绝,无,2025-04-05
224,2025-07-16,3,3,月度结账,已批准,调休,2025-07-13
224,2026-01-22,6,6,项目上线冲刺,已批准,调休,2026-01-18
225,2025-02-17,2,2,月度结账,已批准,加班费,2025-02-14
225,2025-03-18,3,3,紧急故障处理,已批准,调休,2025-03-13
225,2025-06-05,8,8,版本发布,已批准,调休,2025-06-01
225,2025-09-22,4,4,紧急故障处理,已批准,加班费,2025-09-18
225,2025-10-16,8,8,紧急故障处理,已批准,加班费,2025-10-13
225,2026-01-19,4,4,客户交付,已批准,加班费,2026-01-16
225,2026-04-24,4,4,项目上线冲刺,已批准,调休,2026-04-22
225,2026-08-11,6,6,紧急故障处理,已批准,调休,2026-08-10
226,2025-01-14,6,6,季度盘点,已批准,调休,2025-01-13
226,2025-05-08,4,4,月度结账,已批准,调休,2025-05-04
226,2025-09-05,3,3,版本发布,已批准,调休,2025-09-03
226,2025-10-22,2,2,季度盘点,已批准,调休,2025-10-20
226,2026-02-02,4,4,项目上线冲刺,已批准,加班费,2026-02-01
226,2026-05-01,4,4,版本发布,已批准,调休,2026-04-30
228,2025-01-06,3,3,版本发布,已批准,调休,2025-01-03
228,2025-12-08,4,4,版本发布,已批准,加班费,2025-12-04
228,2026-02-19,6,6,紧急故障处理,已批准,加班费,2026-02-18
228,2026-04-01,8,,月度结账,已拒绝,无,2026-03-30
228,2026-06-25,6,6,月度结账,已批准,加班费,2026-06-20
230,2025-07-28,3,3,紧急故障处理,已批准,加班费,2025-07-23
230,2025-12-22,6,,紧急故障处理,已拒绝,无,2025-12-20
230,2026-07-24,6,6,版本发布,已批准,加班费,2026-07-22
231,2026-04-30,6,6,客户交付,已批准,无,2026-04-25
231,2026-06-04,3,3,紧急故障处理,已批准,调休,2026-05-31
231,2026-07-03,6,6,客户交付,已批准,加班费,2026-07-01
231,2026-08-10,6,6,客户交付,已批准,无,2026-08-06
232,2025-01-29,6,,版本发布,已拒绝,无,2025-01-24
232,2025-05-19,3,3,季度盘点,已批准,调休,2025-05-18
232,2025-06-09,4,4,月度结账,已批准,调休,2025-06-08
232,2025-07-28,8,8,版本发布,已批准,加班费,2025-07-23
232,2025-12-04,2,2,月度结账,已批准,调休,2025-12-02
232,2026-01-21,4,4,月度结账,已批准,调休,2026-01-18
232,2026-02-04,8,8,项目上线冲刺,已批准,调休,2026-02-01
234,2025-06-10,4,4,紧急故障处理,待审批,无,2025-06-06
234,2025-07-22,6,,版本发布,已拒绝,无,2025-07-18
234,2025-08-19,4,4,版本发布,已批准,调休,2025-08-17
234,2025-11-25,8,8,季度盘点,已批准,调休,2025-11-23
234,2026-02-23,4,4,客户交付,已批准,加班费,2026-02-20
234,2026-04-14,4,4,项目上线冲刺,已批准,调休,2026-04-09
236,2025-02-26,4,4,客户交付,已批准,调休,2025-02-22
236,2025-07-15,4,4,项目上线冲刺,待审批,无,2025-07-11
236,2025-08-04,2,,紧急故障处理,已拒绝,无,2025-08-01
236,2025-11-07,2,2,版本发布,已批准,调休,2025-11-04
236,2025-12-31,8,8,客户交付,已批准,调休,2025-12-29
236,2026-03-02,2,,客户交付,已拒绝,无,2026-02-26
236,2026-05-22,3,3,季度盘点,已批准,调休,2026-05-18
237,2025-12-24,8,8,版本发布,已批准,调休,2025-12-21
237,2026-01-14,6,6,项目上线冲刺,已批准,调休,2026-01-09
237,2026-02-24,8,8,季度盘点,已批准,加班费,2026-02-23
239,2025-01-06,3,3,项目上线冲刺,已批准,调休,2025-01-02
239,2025-05-30,2,2,月度结账,已批准,调休,2025-05-25
239,2025-06-06,8,8,项目上线冲刺,已批准,加班费,2025-06-04
239,2025-07-31,2,2,月度结账,已批准,调休,2025-07-27
240,2025-03-20,8,8,客户交付,已批准,加班费,2025-03-16
240,2025-09-17,3,3,紧急故障处理,已批准,加班费,2025-09-14
240,2025-12-16,4,4,客户交付,已批准,调休,2025-12-12
240,2026-07-06,8,8,客户交付,已批准,调休,2026-07-04
242,2025-01-03,8,8,客户交付,已批准,加班费,2024-12-31
242,2025-07-30,4,4,客户交付,已批准,无,2025-07-28
242,2025-08-08,3,3,项目上线冲刺,已批准,调休,2025-08-05
242,2025-11-21,4,4,项目上线冲刺,已批准,加班费,2025-11-17
242,2026-01-02,6,6,季度盘点,已批准,加班费,2025-12-28
242,2026-02-16,6,6,客户交付,已批准,调休,2026-02-15
242,2026-06-16,4,4,客户交付,待审批,无,2026-06-13
243,2025-07-09,8,,客户交付,已拒绝,无,2025-07-07
243,2025-09-10,2,2,版本发布,已批准,加班费,2025-09-07
243,2026-01-05,4,4,紧急故障处理,已批准,加班费,2026-01-03
243,2026-02-18,4,4,月度结账,已批准,加班费,2026-02-15
243,2026-03-17,4,4,项目上线冲刺,已批准,加班费,2026-03-14
245,2025-02-05,3,3,季度盘点,已批准,加班费,2025-01-31
245,2025-04-01,6,6,季度盘点,已批准,调休,2025-03-28
245,2026-07-24,2,2,季度盘点,已批准,调休,2026-07-23
247,2025-01-09,8,8,季度盘点,已批准,加班费,2025-01-08
247,2025-02-24,4,4,版本发布,已批准,无,2025-02-22
248,2025-02-07,4,4,客户交付,已批准,调休,2025-02-05
248,2025-04-16,4,4,项目上线冲刺,已批准,调休,2025-04-15
248,2025-05-09,4,4,项目上线冲刺,已批准,加班费,2025-05-07
248,2025-06-10,3,3,月度结账,待审批,无,2025-06-07
248,2026-01-15,6,6,版本发布,已批准,调休,2026-01-10
248,2026-02-18,2,2,客户交付,已批准,调休,2026-02-15
248,2026-03-12,4,4,客户交付,已批准,调休,2026-03-09
248,2026-06-22,3,,项目上线冲刺,已拒绝,无,2026-06-17
250,2025-02-14,6,6,版本发布,已批准,调休,2025-02-13
250,2025-12-15,6,6,客户交付,已批准,调休,2025-12-10
250,2026-01-08,3,3,月度结账,已批准,调休,2026-01-05
252,2025-02-28,4,4,项目上线冲刺,已批准,加班费,2025-02-23
252,2026-01-21,4,4,客户交付,已批准,调休,2026-01-18
252,2026-02-04,4,4,客户交付,已批准,调休,2026-02-02
253,2025-02-10,4,4,紧急故障处理,已批准,调休,2025-02-05
253,2025-05-30,6,6,季度盘点,已批准,调休,2025-05-29
253,2025-08-11,4,4,版本发布,已批准,加班费,2025-08-08
253,2025-10-06,2,2,客户交付,已批准,调休,2025-10-05
253,2026-02-18,3,3,版本发布,已批准,加班费,2026-02-17
253,2026-03-06,4,4,季度盘点,已批准,调休,2026-03-03
255,2025-02-05,6,6,客户交付,已批准,加班费,2025-02-02
255,2025-05-12,6,6,项目上线冲刺,已批准,加班费,2025-05-11
255,2025-06-16,4,4,季度盘点,已批准,加班费,2025-06-12
255,2026-02-09,4,4,紧急故障处理,已批准,调休,2026-02-08
255,2026-07-28,3,3,版本发布,已批准,加班费,2026-07-27
256,2025-03-06,6,6,月度结账,已批准,调休,2025-03-04
256,2025-04-01,6,6,版本发布,已批准,调休,2025-03-27
256,2025-07-08,4,4,版本发布,已批准,加班费,2025-07-07
256,2025-08-27,6,6,紧急故障处理,已批准,调休,2025-08-23
256,2026-01-05,2,2,月度结账,已批准,无,2026-01-04
256,2026-04-06,4,4,季度盘点,已批准,调休,2026-04-03
256,2026-06-29,2,2,月度结账,已批准,加班费,2026-06-26
257,2025-03-21,2,2,版本发布,已批准,调休,2025-03-16
257,2025-06-19,3,3,版本发布,已批准,加班费,2025-06-16
257,2025-11-04,8,8,月度结账,已批准,加班费,2025-11-03
257,2026-03-31,6,6,客户交付,已批准,加班费,2026-03-27
257,2026-05-12,8,8,月度结账,已批准,加班费,2026-05-08
257,2026-08-11,8,8,项目上线冲刺,已批准,调休,2026-08-10
260,2025-03-11,4,4,客户交付,待审批,无,2025-03-08
260,2025-04-30,4,4,季度盘点,已批准,调休,2025-04-26
261,2025-12-24,8,8,客户交付,已批准,加班费,2025-12-19
261,2026-02-27,2,2,客户交付,已批准,调休,2026-02-24
261,2026-03-26,6,6,紧急故障处理,已批准,调休,2026-03-25
261,2026-07-31,8,8,月度结账,已批准,调休,2026-07-30
261,2026-08-28,6,6,版本发布,已批准,加班费,2026-08-27
262,2025-11-24,4,4,月度结账,已批准,调休,2025-11-23
262,2026-02-12,6,6,项目上线冲刺,已批准,调休,2026-02-09
262,2026-06-18,6,6,版本发布,已批准,调休,2026-06-13
262,2026-08-25,4,4,紧急故障处理,已批准,加班费,2026-08-22
263,2025-02-05,2,2,项目上线冲刺,已批准,无,2025-02-04
263,2025-04-23,6,6,项目上线冲刺,已批准,调休,2025-04-21
263,2025-07-01,6,6,月度结账,已批准,调休,2025-06-28
263,2026-01-13,4,4,客户交付,已批准,调休,2026-01-12
263,2026-03-27,6,6,版本发布,已批准,加班费,2026-03-25
263,2026-05-01,8,8,版本发布,已批准,调休,2026-04-29
263,2026-07-15,3,3,紧急故障处理,待审批,无,2026-07-11
263,2026-08-18,4,4,版本发布,已批准,调休,2026-08-16
264,2026-01-29,6,6,客户交付,已批准,调休,2026-01-26
265,2025-02-26,2,2,季度盘点,已批准,加班费,2025-02-25
265,2025-05-05,4,,紧急故障处理,已拒绝,无,2025-05-03
265,2025-10-16,4,4,客户交付,已批准,加班费,2025-10-13
265,2026-04-30,2,,月度结账,已拒绝,无,2026-04-27
265,2026-06-05,4,4,季度盘点,已批准,调休,2026-06-01
265,2026-07-28,4,4,客户交付,已批准,加班费,2026-07-27
266,2025-02-05,4,4,项目上线冲刺,已批准,加班费,2025-02-04
266,2025-05-30,4,4,版本发布,已批准,加班费,2025-05-25
267,2025-01-22,4,,紧急故障处理,已拒绝,无,2025-01-18
267,2025-02-04,4,4,项目上线冲刺,已批准,调休,2025-02-03
267,2025-03-27,8,8,月度结账,已批准,调休,2025-03-26
267,2025-04-17,4,4,月度结账,已批准,调休,2025-04-16
267,2025-06-10,4,4,紧急故障处理,已批准,加班费,2025-06-07
267,2025-07-31,4,4,版本发布,已批准,调休,2025-07-26
267,2025-09-15,8,8,月度结账,已批准,加班费,2025-09-11
267,2025-12-16,2,2,季度盘点,已批准,无,2025-12-14
267,2026-03-20,8,8,项目上线冲刺,已批准,调休,2026-03-19
267,2026-05-11,4,4,版本发布,已批准,无,2026-05-08
267,2026-06-12,8,8,季度盘点,已批准,无,2026-06-09
267,2026-08-21,8,8,季度盘点,已批准,加班费,2026-08-17
268,2025-01-23,2,2,月度结账,已批准,调休,2025-01-22
268,2025-07-31,4,4,项目上线冲刺,已批准,调休,2025-07-29
268,2025-09-23,4,,项目上线冲刺,已拒绝,无,2025-09-19
268,2026-02-23,4,4,项目上线冲刺,已批准,调休,2026-02-20
268,2026-04-09,4,4,客户交付,已批准,加班费,2026-04-06
269,2025-01-21,3,3,客户交付,待审批,无,2025-01-20
269,2025-03-28,4,,月度结账,已拒绝,无,2025-03-24
269,2025-04-11,8,8,版本发布,已批准,调休,2025-04-10
269,2025-05-15,3,3,项目上线冲刺,已批准,调休,2025-05-11
269,2025-06-26,6,6,紧急故障处理,已批准,加班费,2025-06-22
269,2025-07-14,2,2,紧急故障处理,已批准,加班费,2025-07-12
269,2026-02-11,2,2,季度盘点,已批准,加班费,2026-02-10
269,2026-04-24,2,2,季度盘点,已批准,调休,2026-04-20
269,2026-06-16,6,6,客户交付,已批准,调休,2026-06-14
269,2026-07-03,4,4,紧急故障处理,已批准,调休,2026-07-01
269,2026-08-06,4,4,版本发布,已批准,调休,2026-08-05
271,2025-02-28,6,6,项目上线冲刺,已批准,调休,2025-02-25
271,2025-06-19,4,4,版本发布,已批准,调休,2025-06-14
271,2026-01-06,8,8,季度盘点,已批准,调休,2026-01-03
271,2026-04-06,6,6,月度结账,已批准,调休,2026-04-03
271,2026-05-01,4,,项目上线冲刺,已拒绝,无,2026-04-30
271,2026-08-28,6,6,紧急故障处理,已批准,加班费,2026-08-23
272,2025-01-17,2,2,紧急故障处理,已批准,加班费,2025-01-12
272,2025-02-17,2,2,版本发布,已批准,调休,2025-02-16
272,2025-12-02,8,8,客户交付,待审批,无,2025-11-30
272,2026-03-10,4,,紧急故障处理,已拒绝,无,2026-03-09
272,2026-04-10,8,8,版本发布,已批准,调休,2026-04-05
272,2026-05-22,8,8,紧急故障处理,已批准,加班费,2026-05-21
273,2025-05-22,6,6,项目上线冲刺,已批准,加班费,2025-05-19
273,2025-11-17,2,,季度盘点,已拒绝,无,2025-11-13
273,2026-02-05,3,3,项目上线冲刺,已批准,加班费,2026-01-31
273,2026-04-20,2,2,项目上线冲刺,已批准,调休,2026-04-16
275,2025-02-26,3,3,项目上线冲刺,已批准,调休,2025-02-23
275,2026-02-09,2,2,月度结账,已批准,调休,2026-02-04
275,2026-04-06,4,4,项目上线冲刺,已批准,加班费,2026-04-01
275,2026-07-28,6,6,紧急故障处理,已批准,调休,2026-07-24
278,2026-06-01,4,4,项目上线冲刺,已批准,调休,2026-05-27
279,2025-01-03,4,4,客户交付,已批准,调休,2024-12-29
279,2025-10-22,4,4,客户交付,已批准,加班费,2025-10-21
279,2026-06-26,6,6,客户交付,已批准,无,2026-06-21
280,2025-09-25,2,2,版本发布,已批准,调休,2025-09-20
280,2025-11-19,4,4,版本发布,已批准,加班费,2025-11-15
280,2025-12-29,4,4,项目上线冲刺,已批准,加班费,2025-12-25
280,2026-02-03,2,2,紧急故障处理,已批准,调休,2026-02-02
280,2026-08-25,2,2,月度结账,已批准,调休,2026-08-23
281,2025-05-05,3,3,项目上线冲刺,已批准,调休,2025-05-04
281,2026-02-05,8,8,版本发布,已批准,调休,2026-02-04
281,2026-05-01,4,4,紧急故障处理,已批准,加班费,2026-04-29
282,2025-01-15,8,8,项目上线冲刺,已批准,调休,2025-01-10
282,2025-05-06,4,4,客户交付,已批准,调休,2025-05-01
282,2025-06-13,3,3,季度盘点,已批准,加班费,2025-06-08
282,2025-09-02,2,2,项目上线冲刺,已批准,加班费,2025-08-29
282,2025-10-20,8,,版本发布,已拒绝,无,2025-10-17
282,2025-11-12,4,4,项目上线冲刺,已批准,调休,2025-11-11
282,2026-04-22,4,4,季度盘点,已批准,加班费,2026-04-17
283,2025-02-13,6,6,紧急故障处理,已批准,加班费,2025-02-12
283,2025-03-05,6,6,紧急故障处理,已批准,调休,2025-03-01
283,2025-05-12,2,2,项目上线冲刺,已批准,调休,2025-05-08
283,2025-06-25,6,6,季度盘点,已批准,调休,2025-06-20
283,2025-07-09,6,6,客户交付,已批准,加班费,2025-07-07
283,2026-01-13,4,4,月度结账,已批准,调休,2026-01-11
283,2026-04-16,4,4,季度盘点,已批准,调休,2026-04-14
284,2025-06-23,2,,季度盘点,已拒绝,无,2025-06-18
284,2025-08-11,3,3,版本发布,已批准,调休,2025-08-08
284,2025-11-27,2,2,紧急故障处理,已批准,调休,2025-11-22
284,2026-03-06,3,3,月度结账,已批准,调休,2026-03-03
284,2026-05-04,2,2,紧急故障处理,已批准,调休,2026-04-30
284,2026-06-29,8,8,紧急故障处理,已批准,加班费,2026-06-25
284,2026-07-20,4,4,项目上线冲刺,已批准,加班费,2026-07-18
285,2025-02-03,3,3,客户交付,已批准,调休,2025-01-30
285,2025-04-10,4,4,月度结账,已批准,调休,2025-04-06
287,2025-03-31,2,2,版本发布,已批准,加班费,2025-03-30
287,2025-04-01,3,,月度结账,已拒绝,无,2025-03-29
287,2026-01-27,8,8,月度结账,已批准,调休,2026-01-23
288,2026-02-27,3,3,版本发布,已批准,调休,2026-02-23
291,2025-01-03,2,2,客户交付,已批准,调休,2025-01-01
291,2025-02-26,8,,紧急故障处理,已拒绝,无,2025-02-23
291,2025-03-06,8,8,项目上线冲刺,已批准,调休,2025-03-02
291,2025-05-06,6,6,月度结账,已批准,加班费,2025-05-01
291,2025-09-25,6,6,季度盘点,已批准,调休,2025-09-22
291,2025-10-06,4,4,项目上线冲刺,已批准,调休,2025-10-04
291,2026-01-20,6,6,月度结账,已批准,加班费,2026-01-15
291,2026-05-04,4,4,月度结账,已批准,加班费,2026-05-03
291,2026-06-18,2,2,紧急故障处理,已批准,调休,2026-06-16
292,2025-03-10,2,,月度结账,已拒绝,无,2025-03-05
292,2025-11-10,6,6,月度结账,已批准,调休,2025-11-08
292,2026-02-05,4,4,紧急故障处理,已批准,调休,2026-01-31
293,2025-01-08,2,2,版本发布,已批准,调休,2025-01-03
293,2025-04-18,2,2,项目上线冲刺,已批准,加班费,2025-04-13
293,2025-05-30,3,3,月度结账,已批准,调休,2025-05-26
293,2025-07-25,4,4,客户交付,已批准,无,2025-07-24
293,2025-08-13,4,4,月度结账,待审批,无,2025-08-10
293,2025-09-11,4,4,版本发布,已批准,调休,2025-09-07
293,2026-02-27,3,3,紧急故障处理,已批准,调休,2026-02-25
293,2026-03-17,3,3,项目上线冲刺,已批准,加班费,2026-03-14
293,2026-07-28,4,,项目上线冲刺,已拒绝,无,2026-07-26
295,2025-04-14,6,6,项目上线冲刺,已批准,调休,2025-04-12
295,2025-05-14,4,,季度盘点,已拒绝,无,2025-05-09
295,2025-09-09,8,8,版本发布,已批准,加班费,2025-09-06
295,2025-10-02,6,6,版本发布,已批准,调休,2025-09-30
295,2025-11-19,4,4,紧急故障处理,已批准,加班费,2025-11-15
295,2025-12-12,8,8,季度盘点,待审批,无,2025-12-10
295,2026-01-07,2,2,项目上线冲刺,已批准,调休,2026-01-04
295,2026-02-10,4,4,客户交付,已批准,调休,2026-02-05
295,2026-03-10,3,3,项目上线冲刺,已批准,调休,2026-03-05
295,2026-04-06,2,2,月度结账,已批准,加班费,2026-04-04
297,2025-03-04,3,3,版本发布,已批准,调休,2025-02-27
297,2025-09-09,4,4,项目上线冲刺,已批准,调休,2025-09-06
297,2025-11-20,4,4,项目上线冲刺,已批准,加班费,2025-11-17
297,2026-04-01,2,2,客户交付,已批准,调休,2026-03-29
298,2025-02-03,3,3,季度盘点,已批准,无,2025-02-01
298,2026-04-06,2,,紧急故障处理,已拒绝,无,2026-04-04
299,2025-06-16,8,8,季度盘点,已批准,调休,2025-06-13
299,2025-10-09,2,2,项目上线冲刺,已批准,调休,2025-10-07
299,2025-11-04,4,4,版本发布,待审批,无,2025-10-30
299,2026-08-04,4,4,版本发布,已批准,调休,2026-08-03
302,2025-02-26,4,4,月度结账,已批准,调休,2025-02-23
302,2025-03-06,3,3,紧急故障处理,待审批,无,2025-03-01
302,2025-05-02,2,,紧急故障处理,已拒绝,无,2025-04-29
302,2025-06-17,8,8,月度结账,已批准,调休,2025-06-13
302,2025-07-04,2,2,版本发布,已批准,调休,2025-06-30
302,2025-10-17,2,2,版本发布,已批准,调休,2025-10-12
302,2026-01-09,4,4,项目上线冲刺,已批准,调休,2026-01-04
302,2026-08-07,3,,客户交付,已拒绝,无,2026-08-02
303,2025-02-24,4,4,项目上线冲刺,已批准,调休,2025-02-21
303,2025-10-28,6,6,紧急故障处理,已批准,调休,2025-10-24
305,2025-03-28,6,6,紧急故障处理,已批准,加班费,2025-03-23
305,2026-06-17,6,,紧急故障处理,已拒绝,无,2026-06-16
307,2025-04-28,3,,月度结账,已拒绝,无,2025-04-27
307,2025-07-22,4,4,紧急故障处理,已批准,调休,2025-07-17
307,2025-10-15,2,2,紧急故障处理,已批准,调休,2025-10-13
308,2025-03-21,4,4,版本发布,已批准,调休,2025-03-18
308,2025-12-01,8,8,客户交付,已批准,调休,2025-11-26
308,2026-03-02,3,3,客户交付,已批准,调休,2026-02-27
308,2026-05-28,3,3,项目上线冲刺,已批准,加班费,2026-05-23
309,2025-02-12,6,6,季度盘点,已批准,调休,2025-02-11
309,2025-05-15,2,2,版本发布,已批准,加班费,2025-05-13
309,2025-06-26,4,4,季度盘点,已批准,调休,2025-06-24
309,2025-09-05,6,6,紧急故障处理,已批准,调休,2025-09-02
309,2026-01-14,2,2,客户交付,已批准,加班费,2026-01-12
309,2026-05-28,6,6,版本发布,已批准,调休,2026-05-25
309,2026-07-13,6,6,季度盘点,已批准,调休,2026-07-08
310,2025-04-03,2,2,月度结账,已批准,调休,2025-03-29
310,2025-06-25,8,8,季度盘点,已批准,调休,2025-06-21
310,2025-08-13,4,4,季度盘点,已批准,调休,2025-08-09
310,2025-12-17,4,4,季度盘点,已批准,调休,2025-12-14
310,2026-01-15,3,3,版本发布,已批准,调休,2026-01-12
310,2026-04-14,6,6,客户交付,已批准,加班费,2026-04-12
310,2026-06-25,8,8,项目上线冲刺,已批准,调休,2026-06-22
311,2025-04-03,8,8,季度盘点,已批准,调休,2025-03-31
311,2025-08-08,2,2,客户交付,已批准,调休,2025-08-04
311,2025-11-18,3,3,版本发布,已批准,加班费,2025-11-17
311,2025-12-05,4,4,季度盘点,已批准,加班费,2025-11-30
311,2026-07-10,2,,项目上线冲刺,已拒绝,无,2026-07-09
312,2025-07-31,4,4,紧急故障处理,已批准,加班费,2025-07-28
312,2026-01-28,4,4,版本发布,已批准,加班费,2026-01-26
312,2026-08-26,4,4,客户交付,已批准,调休,2026-08-21
313,2025-01-07,2,2,项目上线冲刺,已批准,调休,2025-01-03
313,2025-02-18,6,6,季度盘点,已批准,调休,2025-02-16
313,2025-06-24,2,2,版本发布,已批准,加班费,2025-06-19
313,2025-07-29,4,4,紧急故障处理,已批准,调休,2025-07-28
313,2026-07-01,4,4,项目上线冲刺,已批准,加班费,2026-06-30
315,2025-06-10,8,8,紧急故障处理,已批准,调休,2025-06-06
315,2026-04-29,6,6,项目上线冲刺,已批准,调休,2026-04-27
316,2025-08-12,2,2,季度盘点,已批准,调休,2025-08-09
316,2025-10-22,6,6,季度盘点,已批准,调休,2025-10-20
316,2025-11-25,4,4,季度盘点,已批准,无,2025-11-20
316,2026-01-01,4,4,紧急故障处理,已批准,调休,2025-12-29
316,2026-05-12,2,2,紧急故障处理,已批准,加班费,2026-05-07
316,2026-06-11,8,8,月度结账,已批准,加班费,2026-06-09
316,2026-07-30,4,4,版本发布,已批准,调休,2026-07-26
316,2026-08-19,4,4,紧急故障处理,已批准,调休,2026-08-14
317,2025-08-27,3,3,版本发布,已批准,加班费,2025-08-23
317,2025-09-23,4,4,版本发布,待审批,无,2025-09-19
317,2026-04-17,4,4,紧急故障处理,已批准,无,2026-04-16
317,2026-06-25,4,4,版本发布,已批准,调休,2026-06-22
317,2026-07-16,6,6,项目上线冲刺,已批准,无,2026-07-13
317,2026-08-25,2,2,客户交付,已批准,加班费,2026-08-22
319,2025-02-17,8,8,季度盘点,已批准,调休,2025-02-14
319,2025-03-24,3,,版本发布,已拒绝,无,2025-03-22
319,2025-05-12,2,2,客户交付,待审批,无,2025-05-08
319,2025-06-19,8,8,项目上线冲刺,已批准,加班费,2025-06-18
319,2026-02-04,6,6,客户交付,已批准,调休,2026-02-02
319,2026-03-02,2,,客户交付,已拒绝,无,2026-02-25
319,2026-07-14,4,4,项目上线冲刺,已批准,无,2026-07-10
320,2025-01-07,8,8,版本发布,已批准,加班费,2025-01-02
320,2026-07-30,4,4,版本发布,已批准,调休,2026-07-28
321,2025-03-07,8,8,版本发布,已批准,调休,2025-03-02
321,2025-07-24,3,3,紧急故障处理,已批准,调休,2025-07-20
321,2025-11-20,8,8,客户交付,已批准,调休,2025-11-16
323,2025-02-07,8,8,季度盘点,已批准,加班费,2025-02-03
323,2025-04-11,6,6,月度结账,已批准,无,2025-04-08
323,2025-05-02,6,6,项目上线冲刺,已批准,加班费,2025-04-28
323,2025-06-16,4,4,客户交付,已批准,无,2025-06-15
323,2025-09-18,3,3,月度结账,已批准,加班费,2025-09-13
323,2025-10-17,3,3,项目上线冲刺,已批准,调休,2025-10-12
323,2026-01-27,3,3,客户交付,已批准,调休,2026-01-26
323,2026-03-31,2,2,版本发布,已批准,调休,2026-03-27
323,2026-06-19,2,2,季度盘点,已批准,加班费,2026-06-16
325,2025-09-29,2,2,版本发布,已批准,调休,2025-09-27
325,2026-02-11,8,8,紧急故障处理,已批准,调休,2026-02-07
327,2025-04-29,4,,紧急故障处理,已拒绝,无,2025-04-28
327,2025-08-29,2,2,项目上线冲刺,已批准,调休,2025-08-26
327,2025-09-08,3,3,版本发布,已批准,加班费,2025-09-03
327,2025-10-08,6,,版本发布,已拒绝,无,2025-10-03
327,2026-02-25,8,8,紧急故障处理,已批准,调休,2026-02-20
328,2025-01-30,8,8,紧急故障处理,已批准,加班费,2025-01-25
328,2025-08-26,2,2,版本发布,待审批,无,2025-08-22
328,2025-09-11,4,4,月度结账,待审批,无,2025-09-07
328,2025-11-14,4,4,版本发布,已批准,加班费,2025-11-11
328,2025-12-11,8,8,版本发布,已批准,调休,2025-12-08
328,2026-02-25,4,4,项目上线冲刺,已批准,加班费,2026-02-23
328,2026-05-11,6,6,季度盘点,已批准,无,2026-05-09
329,2025-04-17,3,3,紧急故障处理,已批准,调休,2025-04-12
329,2025-07-10,2,2,项目上线冲刺,已批准,加班费,2025-07-07
331,2025-02-17,2,2,季度盘点,已批准,调休,2025-02-12
331,2025-03-14,4,,月度结账,已拒绝,无,2025-03-09
331,2025-11-24,8,8,月度结账,已批准,加班费,2025-11-22
331,2025-12-23,6,,客户交付,已拒绝,无,2025-12-19
331,2026-02-05,4,4,紧急故障处理,已批准,加班费,2026-02-03
331,2026-03-05,6,6,月度结账,已批准,调休,2026-02-28
331,2026-04-02,4,,项目上线冲刺,已拒绝,无,2026-04-01
333,2025-03-19,2,2,版本发布,已批准,加班费,2025-03-17
333,2025-04-23,4,4,项目上线冲刺,已批准,加班费,2025-04-20
333,2025-06-13,3,3,客户交付,已批准,调休,2025-06-12
333,2025-08-19,6,6,客户交付,已批准,调休,2025-08-16
333,2025-09-08,4,4,项目上线冲刺,已批准,加班费,2025-09-05
333,2025-10-22,2,,客户交付,已拒绝,无,2025-10-18
333,2025-11-06,3,3,客户交付,已批准,加班费,2025-11-02
333,2026-03-05,8,8,项目上线冲刺,已批准,加班费,2026-03-03
333,2026-05-04,4,4,客户交付,已批准,加班费,2026-05-03
334,2025-08-20,4,4,版本发布,已批准,加班费,2025-08-16
334,2025-11-03,8,8,客户交付,已批准,无,2025-10-29
335,2025-07-23,2,,项目上线冲刺,已拒绝,无,2025-07-21
338,2025-05-19,4,4,客户交付,待审批,无,2025-05-14
338,2026-01-23,4,4,客户交付,已批准,加班费,2026-01-22
338,2026-03-16,6,6,项目上线冲刺,已批准,调休,2026-03-13
339,2025-03-18,8,8,客户交付,已批准,无,2025-03-14
339,2025-09-29,4,4,季度盘点,已批准,加班费,2025-09-28
341,2025-02-24,4,4,客户交付,已批准,无,2025-02-23
341,2025-04-18,3,3,项目上线冲刺,已批准,加班费,2025-04-14
341,2025-05-01,8,8,季度盘点,已批准,调休,2025-04-26
341,2025-09-04,3,3,月度结账,已批准,调休,2025-09-03
341,2026-01-07,8,8,项目上线冲刺,待审批,无,2026-01-06
341,2026-02-17,6,6,版本发布,已批准,加班费,2026-02-15
341,2026-03-25,4,4,季度盘点,已批准,调休,2026-03-22
341,2026-05-07,3,3,季度盘点,已批准,调休,2026-05-02
341,2026-06-26,4,4,客户交付,已批准,调休,2026-06-23
341,2026-08-18,3,3,月度结账,已批准,调休,2026-08-13
342,2025-09-22,8,8,项目上线冲刺,已批准,调休,2025-09-21
342,2025-11-13,3,,版本发布,已拒绝,无,2025-11-09
342,2026-02-05,4,,月度结账,已拒绝,无,2026-02-02
342,2026-04-22,6,6,客户交付,已批准,加班费,2026-04-19
342,2026-06-02,3,3,项目上线冲刺,已批准,加班费,2026-05-31
342,2026-08-06,8,8,版本发布,已批准,调休,2026-08-04
343,2025-01-10,6,6,紧急故障处理,待审批,无,2025-01-09
343,2025-04-04,8,8,季度盘点,已批准,加班费,2025-03-30
343,2025-05-12,4,4,客户交付,已批准,加班费,2025-05-09
343,2025-07-25,6,6,版本发布,已批准,调休,2025-07-24
343,2025-08-06,4,4,客户交付,已批准,调休,2025-08-05
343,2025-09-16,6,6,项目上线冲刺,已批准,调休,2025-09-12
343,2025-10-29,3,3,季度盘点,待审批,无,2025-10-27
343,2026-01-12,4,4,客户交付,已批准,调休,2026-01-09
343,2026-04-09,6,6,月度结账,已批准,加班费,2026-04-08
343,2026-06-15,2,2,季度盘点,已批准,调休,2026-06-13
345,2025-03-05,8,8,月度结账,已批准,调休,2025-03-03
345,2025-07-25,3,3,项目上线冲刺,已批准,调休,2025-07-23
345,2026-01-13,3,3,项目上线冲刺,已批准,调休,2026-01-12
345,2026-03-18,6,,季度盘点,已拒绝,无,2026-03-14
345,2026-07-09,6,,紧急故障处理,已拒绝,无,2026-07-04
346,2025-05-19,2,2,紧急故障处理,已批准,调休,2025-05-15
346,2025-07-18,6,6,月度结账,已批准,加班费,2025-07-13
346,2026-01-30,6,6,版本发布,已批准,调休,2026-01-26
347,2025-01-24,3,3,版本发布,待审批,无,2025-01-20
347,2025-03-13,6,6,项目上线冲刺,已批准,调休,2025-03-08
347,2025-06-11,8,8,项目上线冲刺,已批准,调休,2025-06-09
347,2025-12-23,4,4,月度结账,已批准,调休,2025-12-20
347,2026-01-06,8,8,版本发布,已批准,调休,2026-01-01
347,2026-04-21,8,8,季度盘点,已批准,调休,2026-04-20
347,2026-06-04,8,8,紧急故障处理,已批准,加班费,2026-06-01
347,2026-07-17,4,4,季度盘点,已批准,调休,2026-07-13
347,2026-08-12,6,6,季度盘点,已批准,调休,2026-08-10
348,2025-01-02,4,4,版本发布,待审批,无,2024-12-29
348,2025-04-04,8,,紧急故障处理,已拒绝,无,2025-04-03
348,2026-07-09,2,2,月度结账,已批准,调休,2026-07-05
349,2025-08-07,8,8,紧急故障处理,已批准,加班费,2025-08-06
349,2025-11-07,3,3,紧急故障处理,已批准,调休,2025-11-06
349,2026-01-23,4,4,版本发布,已批准,加班费,2026-01-19
349,2026-03-13,3,3,版本发布,已批准,加班费,2026-03-09
349,2026-06-01,6,6,客户交付,已批准,加班费,2026-05-29
350,2026-01-13,4,4,紧急故障处理,已批准,调休,2026-01-09
351,2025-02-12,6,6,客户交付,已批准,调休,2025-02-11
351,2025-03-25,4,4,版本发布,已批准,加班费,2025-03-24
351,2025-07-16,4,4,项目上线冲刺,已批准,调休,2025-07-14
351,2025-11-03,4,4,紧急故障处理,已批准,调休,2025-10-29
351,2025-12-09,6,6,季度盘点,已批准,加班费,2025-12-07
351,2026-02-18,3,,项目上线冲刺,已拒绝,无,2026-02-16
351,2026-04-02,4,4,版本发布,已批准,加班费,2026-03-31
352,2025-08-29,6,6,紧急故障处理,已批准,加班费,2025-08-27
352,2025-09-23,2,2,紧急故障处理,已批准,调休,2025-09-21
353,2025-04-22,4,4,紧急故障处理,已批准,调休,2025-04-21
353,2025-05-12,8,8,月度结账,已批准,调休,2025-05-08
353,2025-06-03,8,8,项目上线冲刺,已批准,加班费,2025-06-01
353,2026-02-23,8,8,版本发布,已批准,调休,2026-02-19
353,2026-03-17,4,4,版本发布,待审批,无,2026-03-16
353,2026-07-08,2,,版本发布,已拒绝,无,2026-07-03
354,2025-06-10,3,3,紧急故障处理,已批准,调休,2025-06-09
354,2025-08-25,4,4,版本发布,已批准,调休,2025-08-22
354,2025-10-16,8,,客户交付,已拒绝,无,2025-10-13
354,2026-01-07,4,4,紧急故障处理,已批准,调休,2026-01-06
354,2026-02-05,8,8,版本发布,已批准,加班费,2026-02-04
354,2026-03-30,8,8,紧急故障处理,已批准,调休,2026-03-28
354,2026-06-15,3,3,月度结账,已批准,加班费,2026-06-14
354,2026-07-24,6,6,月度结账,待审批,无,2026-07-20
354,2026-08-19,6,6,季度盘点,已批准,调休,2026-08-16
355,2025-10-21,6,,客户交付,已拒绝,无,2025-10-19
356,2025-03-17,4,,版本发布,已拒绝,无,2025-03-13
356,2025-05-01,4,4,紧急故障处理,已批准,调休,2025-04-28
356,2025-06-24,4,4,紧急故障处理,已批准,调休,2025-06-21
356,2025-07-31,2,,季度盘点,已拒绝,无,2025-07-27
356,2025-08-15,4,4,紧急故障处理,已批准,调休,2025-08-14
356,2025-10-02,6,6,月度结账,已批准,调休,2025-09-28
356,2026-04-02,6,6,项目上线冲刺,已批准,调休,2026-03-29
356,2026-05-14,8,,项目上线冲刺,已拒绝,无,2026-05-09
356,2026-06-17,8,8,客户交付,已批准,调休,2026-06-12
357,2025-01-15,3,3,月度结账,已批准,调休,2025-01-13
357,2025-09-10,6,6,客户交付,已批准,调休,2025-09-09
357,2025-10-01,4,4,紧急故障处理,已批准,调休,2025-09-27
357,2026-06-18,4,,紧急故障处理,已拒绝,无,2026-06-16
357,2026-08-04,8,8,客户交付,已批准,加班费,2026-08-03
358,2025-02-20,2,2,紧急故障处理,已批准,调休,2025-02-17
358,2025-08-28,2,2,版本发布,已批准,调休,2025-08-26
359,2025-08-01,4,4,版本发布,已批准,调休,2025-07-31
360,2025-04-25,4,4,紧急故障处理,已批准,加班费,2025-04-24
362,2025-05-06,2,,月度结账,已拒绝,无,2025-05-01
363,2025-05-14,8,8,月度结账,已批准,加班费,2025-05-09
363,2025-10-06,3,3,版本发布,已批准,加班费,2025-10-04
363,2025-11-04,3,,季度盘点,已拒绝,无,2025-10-31
363,2026-01-27,8,8,紧急故障处理,已批准,无,2026-01-23
363,2026-03-06,4,4,月度结账,已批准,调休,2026-03-05
363,2026-04-16,2,,版本发布,已拒绝,无,2026-04-14
363,2026-05-27,2,2,月度结账,已批准,调休,2026-05-22
363,2026-06-04,3,3,紧急故障处理,已批准,加班费,2026-05-31
363,2026-07-28,3,3,紧急故障处理,已批准,调休,2026-07-24
363,2026-08-14,4,4,版本发布,已批准,调休,2026-08-10
365,2025-03-27,8,8,月度结账,已批准,无,2025-03-23
365,2025-07-11,4,4,项目上线冲刺,已批准,加班费,2025-07-06
365,2026-05-25,2,2,项目上线冲刺,已批准,加班费,2026-05-23
365,2026-07-09,4,4,版本发布,已批准,加班费,2026-07-07
365,2026-08-11,4,4,季度盘点,已批准,调休,2026-08-10
366,2025-05-26,3,3,紧急故障处理,已批准,调休,2025-05-24
366,2025-08-19,8,8,版本发布,已批准,调休,2025-08-14
366,2025-09-22,3,3,季度盘点,已批准,调休,2025-09-17
366,2025-12-03,4,4,紧急故障处理,已批准,调休,2025-12-01
366,2026-01-13,2,2,客户交付,已批准,调休,2026-01-08
366,2026-05-01,4,4,月度结账,已批准,加班费,2026-04-29
366,2026-06-16,2,2,月度结账,已批准,调休,2026-06-11
366,2026-08-24,6,6,客户交付,已批准,调休,2026-08-22
367,2025-01-30,6,6,季度盘点,已批准,调休,2025-01-26
367,2025-02-27,3,3,月度结账,已批准,加班费,2025-02-23
367,2025-03-10,4,4,紧急故障处理,已批准,调休,2025-03-06
367,2025-06-30,3,3,季度盘点,已批准,加班费,2025-06-26
367,2025-10-06,4,4,季度盘点,已批准,加班费,2025-10-05
367,2026-02-10,3,3,项目上线冲刺,已批准,调休,2026-02-07
367,2026-04-24,2,2,季度盘点,已批准,调休,2026-04-20
367,2026-06-12,8,8,项目上线冲刺,已批准,调休,2026-06-08
367,2026-07-21,8,8,紧急故障处理,待审批,无,2026-07-20
367,2026-08-05,2,2,月度结账,已批准,无,2026-08-02
368,2025-01-10,6,6,版本发布,已批准,加班费,2025-01-07
368,2025-05-19,4,4,月度结账,已批准,加班费,2025-05-16
368,2025-10-15,6,6,月度结账,已批准,加班费,2025-10-12
368,2025-11-04,3,3,项目上线冲刺,已批准,加班费,2025-10-30
368,2026-03-06,4,4,客户交付,已批准,调休,2026-03-05
368,2026-04-21,2,2,紧急故障处理,已批准,加班费,2026-04-20
368,2026-05-18,6,6,客户交付,已批准,加班费,2026-05-16
369,2025-02-26,3,3,客户交付,已批准,调休,2025-02-25
369,2025-05-01,4,4,紧急故障处理,已批准,加班费,2025-04-26
369,2025-07-07,2,2,紧急故障处理,已批准,加班费,2025-07-04
370,2025-03-19,4,4,紧急故障处理,已批准,调休,2025-03-15
370,2025-04-29,4,4,客户交付,已批准,无,2025-04-28
370,2025-07-02,8,8,客户交付,已批准,调休,2025-07-01
370,2025-09-25,2,2,月度结账,已批准,调休,2025-09-20
370,2025-10-06,4,4,版本发布,已批准,调休,2025-10-03
370,2025-12-17,4,4,客户交付,已批准,加班费,2025-12-12
370,2026-04-07,4,,紧急故障处理,已拒绝,无,2026-04-04
370,2026-08-17,8,8,月度结账,已批准,调休,2026-08-15
372,2025-01-09,8,8,版本发布,已批准,加班费,2025-01-04
373,2025-06-13,6,6,季度盘点,已批准,调休,2025-06-09
373,2025-10-02,2,2,月度结账,已批准,加班费,2025-09-30
373,2025-12-31,3,3,月度结账,待审批,无,2025-12-30
373,2026-01-06,8,8,月度结账,已批准,加班费,2026-01-04
373,2026-02-03,4,,月度结账,已拒绝,无,2026-01-29
373,2026-08-12,8,8,客户交付,已批准,加班费,2026-08-10
374,2025-02-14,4,4,客户交付,已批准,调休,2025-02-12
374,2025-06-05,4,4,版本发布,已批准,无,2025-06-01
374,2025-09-29,6,6,紧急故障处理,已批准,加班费,2025-09-27
374,2025-10-15,3,3,版本发布,已批准,加班费,2025-10-14
374,2025-11-26,2,2,月度结账,已批准,调休,2025-11-25
374,2025-12-03,4,4,客户交付,已批准,调休,2025-12-02
374,2026-01-15,4,4,月度结账,已批准,加班费,2026-01-14
374,2026-03-09,4,4,版本发布,已批准,无,2026-03-07
374,2026-05-20,3,3,季度盘点,已批准,调休,2026-05-16
374,2026-07-29,4,4,紧急故障处理,已批准,调休,2026-07-26
374,2026-08-14,3,3,季度盘点,已批准,调休,2026-08-12
376,2025-01-30,2,2,项目上线冲刺,已批准,加班费,2025-01-29
376,2025-06-10,8,8,紧急故障处理,已批准,加班费,2025-06-05
377,2025-01-14,4,4,月度结账,已批准,调休,2025-01-13
377,2025-02-13,4,,紧急故障处理,已拒绝,无,2025-02-09
377,2025-05-14,2,2,项目上线冲刺,已批准,调休,2025-05-13
377,2025-07-28,4,4,客户交付,已批准,加班费,2025-07-25
377,2025-08-15,8,,紧急故障处理,已拒绝,无,2025-08-10
377,2025-09-03,2,2,客户交付,已批准,调休,2025-08-30
377,2025-12-18,6,6,项目上线冲刺,已批准,加班费,2025-12-13
377,2026-01-14,6,6,季度盘点,已批准,调休,2026-01-13
377,2026-02-16,6,6,项目上线冲刺,已批准,调休,2026-02-12
377,2026-03-24,3,3,紧急故障处理,已批准,调休,2026-03-19
377,2026-04-17,4,4,客户交付,已批准,加班费,2026-04-16
377,2026-06-02,6,6,季度盘点,已批准,加班费,2026-05-30
377,2026-07-29,2,2,季度盘点,已批准,加班费,2026-07-25
378,2025-01-16,8,8,紧急故障处理,已批准,加班费,2025-01-11
378,2025-02-24,2,2,季度盘点,待审批,无,2025-02-23
378,2025-03-21,4,4,项目上线冲刺,已批准,调休,2025-03-17
378,2025-06-26,4,4,月度结账,待审批,无,2025-06-24
378,2025-12-15,3,3,客户交付,已批准,加班费,2025-12-10
378,2026-05-19,4,4,项目上线冲刺,已批准,调休,2026-05-14
378,2026-08-03,2,2,客户交付,已批准,加班费,2026-08-01
379,2025-01-13,4,,版本发布,已拒绝,无,2025-01-12
379,2025-05-16,8,8,月度结账,已批准,加班费,2025-05-13
379,2025-07-23,2,2,项目上线冲刺,已批准,调休,2025-07-21
379,2025-08-18,4,4,季度盘点,已批准,加班费,2025-08-16
379,2025-11-19,2,2,版本发布,已批准,调休,2025-11-18
379,2026-05-04,6,6,客户交付,已批准,调休,2026-05-02
379,2026-07-15,2,2,项目上线冲刺,已批准,调休,2026-07-10
379,2026-08-21,3,3,版本发布,已批准,加班费,2026-08-16
380,2025-01-24,2,2,季度盘点,已批准,调休,2025-01-21
381,2025-03-28,6,6,版本发布,已批准,调休,2025-03-23
381,2025-05-21,8,8,紧急故障处理,已批准,调休,2025-05-20
381,2025-12-22,4,4,季度盘点,已批准,调休,2025-12-21
381,2026-05-11,8,,月度结账,已拒绝,无,2026-05-06
381,2026-06-24,3,3,紧急故障处理,已批准,调休,2026-06-21
384,2025-01-31,8,8,月度结账,已批准,调休,2025-01-26
384,2025-03-04,4,4,季度盘点,已批准,调休,2025-02-27
385,2025-05-21,2,2,紧急故障处理,已批准,加班费,2025-05-17
385,2025-08-21,2,2,季度盘点,已批准,调休,2025-08-17
386,2025-05-05,4,4,季度盘点,已批准,加班费,2025-05-03
386,2025-06-17,2,,紧急故障处理,已拒绝,无,2025-06-12
389,2025-02-12,8,,版本发布,已拒绝,无,2025-02-08
389,2025-04-14,6,6,项目上线冲刺,待审批,无,2025-04-13
389,2025-05-06,4,4,版本发布,已批准,加班费,2025-05-03
389,2025-10-09,2,2,版本发布,已批准,加班费,2025-10-04
389,2025-11-19,8,8,紧急故障处理,已批准,调休,2025-11-16
389,2026-05-20,4,4,客户交付,已批准,调休,2026-05-18
389,2026-07-07,2,2,客户交付,已批准,加班费,2026-07-02
391,2025-03-10,4,4,季度盘点,已批准,调休,2025-03-09
391,2025-04-08,4,4,紧急故障处理,已批准,调休,2025-04-07
392,2025-04-25,6,6,月度结账,已批准,调休,2025-04-22
392,2025-06-19,2,2,版本发布,已批准,调休,2025-06-15
392,2025-10-09,4,4,季度盘点,已批准,无,2025-10-05
392,2025-11-20,4,4,季度盘点,已批准,调休,2025-11-18
394,2025-11-13,3,3,客户交付,已批准,调休,2025-11-09
394,2026-04-03,4,,客户交付,已拒绝,无,2026-03-30
394,2026-08-24,8,8,版本发布,已批准,加班费,2026-08-23
395,2025-08-14,4,4,客户交付,已批准,调休,2025-08-10
395,2025-09-24,2,2,紧急故障处理,已批准,加班费,2025-09-22
395,2026-02-24,4,4,月度结账,已批准,调休,2026-02-19
395,2026-05-25,6,6,客户交付,已批准,调休,2026-05-24
398,2025-01-03,8,8,季度盘点,已批准,调休,2025-01-01
398,2025-03-20,2,2,月度结账,已批准,加班费,2025-03-19
398,2025-08-18,3,3,客户交付,已批准,调休,2025-08-15
398,2025-09-29,2,2,版本发布,已批准,加班费,2025-09-24
398,2025-12-22,4,4,紧急故障处理,已批准,加班费,2025-12-21
398,2026-02-26,2,2,项目上线冲刺,已批准,加班费,2026-02-25
398,2026-03-10,8,8,版本发布,已批准,调休,2026-03-06
400,2025-01-03,4,4,项目上线冲刺,已批准,无,2024-12-31
400,2025-03-14,2,2,版本发布,已批准,加班费,2025-03-12
400,2025-05-16,2,2,客户交付,已批准,调休,2025-05-15
400,2025-07-23,3,3,季度盘点,已批准,调休,2025-07-18
400,2025-08-21,6,6,月度结账,已批准,调休,2025-08-18
400,2025-10-31,4,,紧急故障处理,已拒绝,无,2025-10-30
400,2026-04-22,4,4,月度结账,已批准,调休,2026-04-20
400,2026-08-24,4,,版本发布,已拒绝,无,2026-08-22
401,2025-03-17,8,8,季度盘点,待审批,无,2025-03-12
401,2025-07-02,3,3,项目上线冲刺,已批准,无,2025-06-27
401,2025-10-17,6,6,紧急故障处理,已批准,无,2025-10-13
401,2025-11-13,6,6,紧急故障处理,已批准,调休,2025-11-11
401,2025-12-22,4,4,季度盘点,待审批,无,2025-12-21
401,2026-02-12,4,4,季度盘点,已批准,加班费,2026-02-07
402,2025-02-20,2,2,版本发布,已批准,调休,2025-02-18
402,2025-04-02,4,4,紧急故障处理,已批准,调休,2025-04-01
402,2025-05-02,6,6,版本发布,已批准,加班费,2025-04-30
402,2025-07-07,2,,客户交付,已拒绝,无,2025-07-05
402,2025-09-11,4,4,月度结账,待审批,无,2025-09-08
403,2025-07-31,2,2,版本发布,已批准,调休,2025-07-28
403,2026-01-09,2,2,紧急故障处理,已批准,调休,2026-01-04
403,2026-06-25,8,8,月度结账,已批准,调休,2026-06-20
403,2026-07-22,6,6,季度盘点,已批准,加班费,2026-07-20
403,2026-08-21,8,8,紧急故障处理,已批准,调休,2026-08-17
404,2025-01-16,3,3,季度盘点,已批准,调休,2025-01-13
404,2025-02-06,4,4,紧急故障处理,已批准,调休,2025-02-03
406,2025-04-10,6,6,版本发布,已批准,调休,2025-04-09
406,2025-09-10,4,4,项目上线冲刺,已批准,调休,2025-09-06
406,2026-08-18,6,6,月度结账,已批准,调休,2026-08-14
407,2025-02-17,8,8,项目上线冲刺,已批准,调休,2025-02-16
407,2025-04-24,6,6,客户交付,已批准,调休,2025-04-21
407,2026-06-25,8,,紧急故障处理,已拒绝,无,2026-06-24
410,2025-05-07,4,4,版本发布,已批准,调休,2025-05-04
410,2025-06-19,2,2,月度结账,已批准,加班费,2025-06-16
410,2025-07-03,2,2,月度结账,已批准,加班费,2025-06-30
410,2025-08-11,4,4,版本发布,已批准,调休,2025-08-08
410,2025-10-10,4,4,客户交付,已批准,调休,2025-10-09
410,2026-01-07,4,4,版本发布,已批准,加班费,2026-01-06
411,2025-01-14,4,,月度结账,已拒绝,无,2025-01-13
411,2025-03-25,3,3,项目上线冲刺,已批准,调休,2025-03-24
411,2025-04-18,3,3,季度盘点,已批准,调休,2025-04-13
411,2025-09-08,6,6,项目上线冲刺,已批准,加班费,2025-09-06
411,2025-10-28,4,4,客户交付,已批准,调休,2025-10-27
411,2025-12-18,8,8,月度结账,已批准,调休,2025-12-14
411,2026-01-02,2,2,紧急故障处理,已批准,调休,2026-01-01
411,2026-04-23,3,3,季度盘点,已批准,调休,2026-04-22
412,2025-02-17,3,3,客户交付,已批准,调休,2025-02-16
412,2025-04-22,8,8,项目上线冲刺,已批准,加班费,2025-04-20
412,2026-02-24,6,6,版本发布,已批准,加班费,2026-02-22
412,2026-07-13,4,4,月度结账,已批准,加班费,2026-07-09
412,2026-08-14,3,3,季度盘点,已批准,无,2026-08-13
413,2025-04-03,2,,版本发布,已拒绝,无,2025-04-02
413,2025-06-02,4,4,客户交付,待审批,无,2025-05-29
413,2025-08-18,2,2,客户交付,已批准,调休,2025-08-16
413,2026-01-07,2,2,紧急故障处理,已批准,加班费,2026-01-05
413,2026-03-12,8,8,客户交付,待审批,无,2026-03-11
414,2025-04-16,8,8,客户交付,已批准,加班费,2025-04-13
414,2025-05-12,4,4,版本发布,已批准,加班费,2025-05-10
414,2025-08-20,2,2,季度盘点,已批准,调休,2025-08-19
414,2025-09-17,8,8,版本发布,已批准,调休,2025-09-15
414,2025-12-16,4,4,版本发布,已批准,调休,2025-12-12
414,2026-03-13,2,2,版本发布,已批准,加班费,2026-03-11
414,2026-06-04,2,2,项目上线冲刺,已批准,调休,2026-06-02
414,2026-07-07,2,2,季度盘点,已批准,加班费,2026-07-04
415,2025-10-08,3,3,月度结账,已批准,调休,2025-10-05
415,2026-04-16,4,4,客户交付,已批准,加班费,2026-04-13
417,2026-05-29,6,6,月度结账,已批准,加班费,2026-05-25
419,2025-04-01,3,3,月度结账,已批准,调休,2025-03-27
419,2025-06-11,6,6,客户交付,已批准,调休,2025-06-08
419,2025-08-01,6,6,紧急故障处理,已批准,调休,2025-07-29
419,2025-10-30,4,4,版本发布,已批准,调休,2025-10-26
419,2025-11-28,2,2,客户交付,已批准,加班费,2025-11-23
419,2025-12-22,4,4,月度结账,已批准,调休,2025-12-19
419,2026-01-23,4,4,项目上线冲刺,已批准,调休,2026-01-21
419,2026-02-05,4,4,季度盘点,已批准,调休,2026-02-03
419,2026-08-31,8,8,项目上线冲刺,已批准,调休,2026-08-27
420,2025-01-27,6,6,月度结账,已批准,调休,2025-01-24
420,2025-02-28,6,6,紧急故障处理,已批准,调休,2025-02-27
420,2025-05-02,8,8,季度盘点,已批准,调休,2025-04-30
420,2025-09-19,3,3,客户交付,已批准,调休,2025-09-18
420,2025-10-10,4,,版本发布,已拒绝,无,2025-10-05
420,2025-12-05,4,4,项目上线冲刺,已批准,调休,2025-12-03
420,2026-03-31,4,4,项目上线冲刺,已批准,加班费,2026-03-28
420,2026-04-07,3,3,月度结账,已批准,无,2026-04-04
420,2026-07-29,4,4,项目上线冲刺,已批准,加班费,2026-07-27
422,2025-05-30,4,4,季度盘点,已批准,加班费,2025-05-27
422,2025-08-15,8,8,紧急故障处理,已批准,调休,2025-08-12
422,2026-08-10,4,4,客户交付,待审批,无,2026-08-08
423,2025-02-25,4,4,季度盘点,已批准,调休,2025-02-21
423,2025-03-18,4,4,紧急故障处理,已批准,加班费,2025-03-17
423,2025-05-27,4,4,版本发布,待审批,无,2025-05-24
423,2026-01-15,2,2,版本发布,已批准,调休,2026-01-14
423,2026-04-07,2,2,紧急故障处理,已批准,调休,2026-04-02
423,2026-05-05,4,4,版本发布,已批准,调休,2026-05-01
423,2026-06-18,4,,版本发布,已拒绝,无,2026-06-15
423,2026-07-13,2,2,客户交付,已批准,调休,2026-07-12
426,2025-03-19,4,,版本发布,已拒绝,无,2025-03-14
426,2025-07-15,6,6,项目上线冲刺,已批准,调休,2025-07-11
426,2025-12-23,4,4,项目上线冲刺,已批准,调休,2025-12-20
426,2026-01-06,2,2,紧急故障处理,已批准,加班费,2026-01-04
426,2026-06-12,3,3,版本发布,已批准,加班费,2026-06-11
428,2025-02-18,6,6,客户交付,待审批,无,2025-02-13
429,2025-02-06,2,2,版本发布,已批准,加班费,2025-02-03
429,2025-06-17,6,,项目上线冲刺,已拒绝,无,2025-06-16
429,2025-07-28,4,4,版本发布,已批准,加班费,2025-07-23
429,2025-08-21,3,3,季度盘点,已批准,加班费,2025-08-17
429,2026-04-13,3,3,紧急故障处理,已批准,加班费,2026-04-10
429,2026-06-17,6,6,季度盘点,已批准,加班费,2026-06-15
429,2026-08-18,4,,版本发布,已拒绝,无,2026-08-13
430,2025-03-20,6,6,季度盘点,已批准,调休,2025-03-19
430,2025-05-26,4,4,版本发布,已批准,加班费,2025-05-24
430,2025-06-27,4,4,客户交付,已批准,调休,2025-06-25
430,2025-07-17,8,8,月度结账,已批准,调休,2025-07-15
430,2025-09-25,3,3,项目上线冲刺,已批准,加班费,2025-09-23
430,2026-03-24,2,2,季度盘点,已批准,加班费,2026-03-20
430,2026-05-07,3,3,紧急故障处理,已批准,加班费,2026-05-05
430,2026-08-31,8,8,项目上线冲刺,已批准,调休,2026-08-28
431,2025-01-08,3,3,项目上线冲刺,已批准,调休,2025-01-04
431,2025-02-13,8,,季度盘点,已拒绝,无,2025-02-10
431,2025-04-24,3,3,季度盘点,已批准,加班费,2025-04-21
431,2025-07-17,4,4,版本发布,已批准,调休,2025-07-15
431,2025-11-19,8,8,季度盘点,已批准,加班费,2025-11-18
431,2026-06-04,8,,月度结账,已拒绝,无,2026-06-03
432,2025-01-15,8,8,版本发布,已批准,调休,2025-01-10
432,2025-03-27,2,2,月度结账,已批准,加班费,2025-03-26
432,2025-04-10,4,4,版本发布,已批准,调休,2025-04-05
432,2025-06-03,3,3,季度盘点,已批准,调休,2025-05-30
432,2026-03-24,8,8,月度结账,已批准,调休,2026-03-22
433,2025-02-17,4,4,版本发布,已批准,无,2025-02-16
433,2025-05-21,2,2,项目上线冲刺,已批准,加班费,2025-05-19
433,2025-12-04,2,2,季度盘点,已批准,调休,2025-12-03
433,2026-05-06,6,6,季度盘点,已批准,加班费,2026-05-04
433,2026-06-22,3,3,版本发布,已批准,加班费,2026-06-18
433,2026-07-10,2,2,季度盘点,已批准,调休,2026-07-05
433,2026-08-05,3,3,季度盘点,已批准,加班费,2026-08-03
434,2025-02-17,4,4,项目上线冲刺,已批准,调休,2025-02-13
434,2025-05-08,2,2,季度盘点,已批准,调休,2025-05-05
434,2025-07-24,8,8,月度结账,已批准,调休,2025-07-23
434,2026-01-26,3,3,月度结账,已批准,调休,2026-01-23
434,2026-03-16,3,3,月度结账,已批准,调休,2026-03-15
434,2026-04-03,8,8,月度结账,已批准,调休,2026-04-01
434,2026-06-09,2,2,客户交付,已批准,调休,2026-06-04
435,2025-01-14,2,2,月度结账,已批准,调休,2025-01-10
435,2025-04-01,4,4,月度结账,已批准,加班费,2025-03-31
435,2025-08-04,2,2,季度盘点,已批准,调休,2025-08-03
435,2025-12-11,3,3,客户交付,已批准,调休,2025-12-10
435,2026-04-13,4,4,项目上线冲刺,已批准,调休,2026-04-11
435,2026-06-15,4,4,紧急故障处理,已批准,调休,2026-06-14
437,2025-05-21,6,6,客户交付,已批准,加班费,2025-05-16
437,2025-06-17,8,8,版本发布,已批准,调休,2025-06-14
437,2025-09-01,6,6,紧急故障处理,已批准,加班费,2025-08-30
437,2025-11-18,8,8,季度盘点,已批准,加班费,2025-11-15
439,2025-01-28,6,6,紧急故障处理,已批准,调休,2025-01-27
439,2025-02-04,4,4,版本发布,已批准,加班费,2025-02-02
439,2025-04-08,6,6,项目上线冲刺,已批准,调休,2025-04-06
439,2025-07-02,2,2,项目上线冲刺,已批准,调休,2025-07-01
439,2025-08-26,2,2,项目上线冲刺,已批准,加班费,2025-08-24
439,2026-02-19,4,4,版本发布,已批准,调休,2026-02-17
439,2026-03-12,3,3,季度盘点,已批准,调休,2026-03-11
441,2025-02-05,4,4,项目上线冲刺,已批准,加班费,2025-02-02
441,2025-04-08,4,4,项目上线冲刺,已批准,加班费,2025-04-07
441,2025-05-26,4,4,版本发布,已批准,调休,2025-05-22
442,2025-01-15,2,2,紧急故障处理,已批准,调休,2025-01-11
442,2025-02-24,8,8,月度结账,已批准,加班费,2025-02-20
442,2025-04-23,3,3,客户交付,已批准,加班费,2025-04-19
442,2025-07-02,3,3,客户交付,已批准,无,2025-06-28
443,2025-04-21,4,4,季度盘点,已批准,加班费,2025-04-19
443,2025-06-04,3,3,紧急故障处理,待审批,无,2025-06-01
443,2025-07-09,8,8,季度盘点,已批准,加班费,2025-07-07
445,2025-12-29,3,3,项目上线冲刺,已批准,调休,2025-12-28
445,2026-04-03,2,2,版本发布,待审批,无,2026-04-01
445,2026-06-17,4,4,版本发布,已批准,调休,2026-06-14
446,2025-01-24,2,2,月度结账,已批准,调休,2025-01-21
447,2025-01-14,4,4,季度盘点,已批准,调休,2025-01-12
447,2025-02-11,2,2,月度结账,已批准,调休,2025-02-10
447,2025-05-26,4,4,月度结账,已批准,加班费,2025-05-23
447,2025-06-11,8,8,月度结账,已批准,调休,2025-06-10
447,2025-08-01,8,8,紧急故障处理,已批准,无,2025-07-31
447,2025-09-02,6,6,紧急故障处理,已批准,调休,2025-08-28
447,2025-10-01,4,4,季度盘点,已批准,加班费,2025-09-28
447,2026-01-13,6,,版本发布,已拒绝,无,2026-01-08
447,2026-03-12,4,4,项目上线冲刺,已批准,调休,2026-03-07
447,2026-05-21,4,4,季度盘点,已批准,无,2026-05-18
447,2026-08-03,2,2,季度盘点,待审批,无,2026-07-29
448,2025-07-24,6,6,客户交付,已批准,调休,2025-07-22
448,2025-12-02,2,2,月度结账,待审批,无,2025-11-29
448,2026-03-04,2,2,月度结账,已批准,加班费,2026-02-28
448,2026-04-09,6,6,版本发布,已批准,调休,2026-04-06
448,2026-05-21,2,2,月度结账,已批准,加班费,2026-05-16
448,2026-07-21,2,2,客户交付,已批准,调休,2026-07-20
449,2025-02-28,8,8,月度结账,已批准,调休,2025-02-26
449,2025-10-17,6,6,版本发布,待审批,无,2025-10-14
449,2025-12-08,2,2,季度盘点,已批准,加班费,2025-12-05
449,2026-02-19,4,4,版本发布,已批准,无,2026-02-18
449,2026-03-20,2,2,项目上线冲刺,已批准,调休,2026-03-16
449,2026-06-26,4,4,项目上线冲刺,已批准,加班费,2026-06-24
450,2025-02-05,4,4,季度盘点,已批准,调休,2025-02-04
450,2025-04-22,8,8,客户交付,已批准,加班费,2025-04-17
450,2025-07-03,4,4,版本发布,已批准,加班费,2025-06-30
450,2025-09-18,4,4,季度盘点,已批准,调休,2025-09-16
450,2025-10-23,4,4,版本发布,已批准,无,2025-10-22
450,2025-11-14,6,,项目上线冲刺,已拒绝,无,2025-11-11
450,2025-12-08,4,4,季度盘点,已批准,调休,2025-12-07
450,2026-01-30,8,8,紧急故障处理,已批准,加班费,2026-01-28
450,2026-06-30,2,2,季度盘点,已批准,调休,2026-06-29
452,2025-04-17,4,4,紧急故障处理,已批准,调休,2025-04-14
453,2025-01-08,4,4,月度结账,已批准,调休,2025-01-07
453,2025-03-04,4,4,版本发布,已批准,调休,2025-03-02
453,2025-04-28,2,2,紧急故障处理,已批准,调休,2025-04-25
453,2025-07-14,2,2,客户交付,待审批,无,2025-07-13
453,2026-02-26,4,4,版本发布,已批准,调休,2026-02-22
453,2026-05-25,4,4,月度结账,已批准,加班费,2026-05-23
453,2026-08-04,2,2,月度结账,已批准,调休,2026-08-01
456,2025-02-05,6,6,版本发布,已批准,加班费,2025-02-04
457,2025-02-04,3,3,月度结账,已批准,无,2025-01-31
457,2025-04-17,3,3,季度盘点,已批准,加班费,2025-04-16
458,2025-12-12,4,4,季度盘点,待审批,无,2025-12-10
459,2025-02-27,4,4,月度结账,已批准,无,2025-02-25
459,2025-06-17,4,4,项目上线冲刺,已批准,调休,2025-06-15
459,2025-07-14,3,3,版本发布,已批准,加班费,2025-07-12
459,2025-08-13,8,8,客户交付,已批准,加班费,2025-08-11
459,2025-09-23,4,,紧急故障处理,已拒绝,无,2025-09-21
459,2025-10-28,2,2,月度结账,已批准,加班费,2025-10-24
459,2026-08-10,6,6,客户交付,已批准,调休,2026-08-07
460,2025-01-10,4,4,季度盘点,已批准,加班费,2025-01-06
460,2025-02-06,2,2,版本发布,已批准,调休,2025-02-02
460,2025-06-12,3,3,项目上线冲刺,已批准,调休,2025-06-07
460,2025-08-20,3,3,月度结账,已批准,调休,2025-08-16
460,2025-10-27,8,8,项目上线冲刺,已批准,加班费,2025-10-23
460,2025-12-22,3,3,版本发布,已批准,调休,2025-12-20
460,2026-04-15,4,4,版本发布,已批准,调休,2026-04-13
460,2026-05-04,3,,季度盘点,已拒绝,无,2026-05-03
460,2026-06-05,3,,客户交付,已拒绝,无,2026-06-02
460,2026-07-27,6,6,月度结账,已批准,调休,2026-07-26
461,2025-03-19,3,3,客户交付,已批准,加班费,2025-03-16
461,2025-05-26,4,4,项目上线冲刺,待审批,无,2025-05-24
461,2025-07-29,4,4,客户交付,已批准,加班费,2025-07-25
461,2025-08-04,2,2,季度盘点,已批准,调休,2025-08-03
461,2025-09-10,6,6,客户交付,已批准,调休,2025-09-06
461,2025-11-20,8,8,版本发布,已批准,调休,2025-11-15
461,2025-12-08,3,3,项目上线冲刺,已批准,加班费,2025-12-06
461,2026-01-29,3,3,季度盘点,已批准,调休,2026-01-26
461,2026-02-09,3,3,紧急故障处理,已批准,调休,2026-02-06
462,2025-01-20,3,3,项目上线冲刺,已批准,调休,2025-01-15
462,2025-04-22,4,4,项目上线冲刺,已批准,加班费,2025-04-19
462,2025-05-09,4,4,紧急故障处理,已批准,调休,2025-05-07
462,2025-06-09,3,3,季度盘点,已批准,调休,2025-06-07
462,2025-07-08,4,4,季度盘点,已批准,调休,2025-07-03
462,2025-10-17,2,,客户交付,已拒绝,无,2025-10-12
462,2025-11-04,6,6,客户交付,已批准,调休,2025-11-01
462,2025-12-10,8,,月度结账,已拒绝,无,2025-12-09
462,2026-06-09,6,6,季度盘点,已批准,加班费,2026-06-04
462,2026-07-02,4,4,紧急故障处理,已批准,调休,2026-06-29
464,2025-02-24,4,4,季度盘点,已批准,加班费,2025-02-23
464,2025-03-10,4,4,版本发布,已批准,加班费,2025-03-05
464,2025-04-11,4,4,月度结账,已批准,加班费,2025-04-08
464,2025-09-18,4,4,月度结账,待审批,无,2025-09-17
464,2025-10-16,6,6,季度盘点,已批准,调休,2025-10-12
464,2025-12-19,6,6,客户交付,已批准,加班费,2025-12-18
464,2026-04-23,6,6,月度结账,已批准,加班费,2026-04-22
464,2026-05-11,3,3,月度结账,已批准,调休,2026-05-07
466,2025-07-01,2,,月度结账,已拒绝,无,2025-06-29
466,2025-11-03,4,4,月度结账,已批准,调休,2025-11-01
466,2025-12-15,4,4,客户交付,已批准,加班费,2025-12-14
466,2026-03-31,8,8,季度盘点,已批准,调休,2026-03-26
468,2025-01-30,3,3,季度盘点,已批准,调休,2025-01-26
469,2025-03-25,6,6,项目上线冲刺,已批准,调休,2025-03-21
469,2025-05-15,2,2,季度盘点,已批准,调休,2025-05-14
469,2025-06-25,2,2,月度结账,已批准,调休,2025-06-21
469,2025-08-26,4,4,紧急故障处理,已批准,调休,2025-08-21
469,2025-09-19,4,4,客户交付,已批准,调休,2025-09-17
469,2025-11-03,8,,季度盘点,已拒绝,无,2025-11-01
469,2026-04-01,4,4,客户交付,已批准,调休,2026-03-27
469,2026-06-10,8,8,客户交付,已批准,调休,2026-06-06
470,2025-03-07,4,4,版本发布,已批准,调休,2025-03-04
470,2025-04-22,4,4,客户交付,已批准,无,2025-04-21
470,2025-06-03,3,3,月度结账,已批准,调休,2025-05-29
470,2025-12-03,4,4,客户交付,已批准,调休,2025-12-02
470,2026-04-08,4,4,月度结账,已批准,调休,2026-04-03
470,2026-06-09,4,4,紧急故障处理,已批准,调休,2026-06-07
471,2025-05-20,4,4,版本发布,已批准,调休,2025-05-15
471,2026-01-27,6,6,季度盘点,已批准,调休,2026-01-24
471,2026-07-16,6,6,版本发布,已批准,调休,2026-07-11
471,2026-08-10,2,2,紧急故障处理,已批准,调休,2026-08-06
472,2025-05-20,4,4,紧急故障处理,已批准,加班费,2025-05-16
472,2025-10-10,3,3,月度结账,已批准,调休,2025-10-05
473,2025-01-23,2,,客户交付,已拒绝,无,2025-01-21
473,2025-02-21,4,4,紧急故障处理,已批准,加班费,2025-02-19
473,2025-09-15,4,4,版本发布,已批准,加班费,2025-09-10
473,2025-12-03,3,3,月度结账,已批准,加班费,2025-11-29
473,2026-01-14,2,2,客户交付,已批准,调休,2026-01-11
473,2026-03-09,8,8,客户交付,待审批,无,2026-03-07
474,2025-11-24,2,2,季度盘点,已批准,调休,2025-11-22
474,2026-03-18,2,2,项目上线冲刺,已批准,加班费,2026-03-13
474,2026-04-15,3,3,季度盘点,已批准,调休,2026-04-11
474,2026-08-06,3,3,月度结账,已批准,调休,2026-08-02
475,2025-02-26,6,,项目上线冲刺,已拒绝,无,2025-02-25
475,2025-04-29,4,,季度盘点,已拒绝,无,2025-04-25
475,2025-05-16,3,3,紧急故障处理,已批准,加班费,2025-05-15
475,2025-07-25,8,8,版本发布,已批准,加班费,2025-07-22
476,2025-02-13,6,6,客户交付,已批准,无,2025-02-09
476,2025-06-11,8,8,客户交付,已批准,加班费,2025-06-10
476,2026-01-26,3,3,客户交付,已批准,调休,2026-01-24
477,2025-01-10,2,2,客户交付,已批准,调休,2025-01-08
477,2025-02-19,8,8,项目上线冲刺,已批准,调休,2025-02-15
477,2025-06-04,6,,客户交付,已拒绝,无,2025-05-30
477,2025-09-17,6,6,季度盘点,已批准,调休,2025-09-15
477,2026-01-14,4,,客户交付,已拒绝,无,2026-01-11
477,2026-02-03,6,6,客户交付,已批准,加班费,2026-02-02
477,2026-03-10,4,4,月度结账,已批准,无,2026-03-08
481,2025-04-17,4,4,季度盘点,已批准,加班费,2025-04-15
483,2026-03-24,2,2,版本发布,待审批,无,2026-03-20
483,2026-05-18,2,2,紧急故障处理,已批准,加班费,2026-05-15
486,2025-01-14,4,4,客户交付,已批准,调休,2025-01-11
486,2025-08-19,3,3,版本发布,已批准,调休,2025-08-17
486,2026-01-09,4,4,季度盘点,已批准,调休,2026-01-04
486,2026-03-17,4,4,版本发布,已批准,调休,2026-03-15
486,2026-04-16,4,4,版本发布,已批准,加班费,2026-04-11
486,2026-05-21,8,8,月度结账,已批准,调休,2026-05-20
487,2025-02-11,2,2,客户交付,已批准,无,2025-02-07
487,2025-04-14,8,8,紧急故障处理,已批准,调休,2025-04-09
487,2025-06-11,4,4,版本发布,已批准,加班费,2025-06-10
487,2025-07-09,4,4,客户交付,已批准,调休,2025-07-06
487,2025-08-15,4,4,季度盘点,已批准,加班费,2025-08-12
487,2025-10-13,8,8,版本发布,已批准,调休,2025-10-09
487,2026-05-21,4,4,版本发布,已批准,加班费,2026-05-19
487,2026-06-30,8,8,项目上线冲刺,已批准,调休,2026-06-29
488,2025-04-22,4,4,版本发布,待审批,无,2025-04-17
489,2025-04-21,4,4,季度盘点,已批准,调休,2025-04-18
489,2025-06-12,3,3,版本发布,已批准,加班费,2025-06-11
490,2025-12-12,2,2,紧急故障处理,已批准,无,2025-12-11
490,2026-07-02,2,2,季度盘点,已批准,无,2026-06-29
491,2025-02-05,4,4,版本发布,已批准,加班费,2025-01-31
491,2025-06-04,4,4,月度结账,已批准,加班费,2025-06-01
491,2025-09-11,3,3,季度盘点,已批准,调休,2025-09-07
491,2026-02-24,2,2,版本发布,已批准,无,2026-02-23
491,2026-04-17,4,4,版本发布,已批准,调休,2026-04-14
491,2026-05-18,2,2,客户交付,已批准,调休,2026-05-17
492,2025-03-25,8,8,季度盘点,已批准,调休,2025-03-24
492,2025-07-24,4,4,紧急故障处理,已批准,加班费,2025-07-23
492,2026-01-26,4,,紧急故障处理,已拒绝,无,2026-01-22
492,2026-06-22,3,3,紧急故障处理,已批准,无,2026-06-19
493,2025-01-31,2,2,客户交付,已批准,加班费,2025-01-27
493,2025-02-25,2,2,客户交付,已批准,加班费,2025-02-21
493,2025-05-08,6,6,季度盘点,已批准,加班费,2025-05-04
493,2025-09-01,2,2,客户交付,已批准,加班费,2025-08-28
493,2026-07-22,4,4,客户交付,已批准,调休,2026-07-20
494,2025-02-07,3,3,项目上线冲刺,已批准,调休,2025-02-02
494,2025-07-01,4,4,版本发布,已批准,调休,2025-06-29
494,2025-08-13,4,4,月度结账,已批准,加班费,2025-08-10
494,2025-09-04,2,2,季度盘点,已批准,加班费,2025-09-03
494,2026-02-12,2,2,月度结账,已批准,调休,2026-02-07
494,2026-04-16,2,,客户交付,已拒绝,无,2026-04-11
494,2026-06-11,4,4,月度结账,待审批,无,2026-06-10
496,2025-01-28,2,2,月度结账,已批准,调休,2025-01-24
497,2025-07-30,4,4,客户交付,已批准,调休,2025-07-28
497,2026-02-23,4,4,版本发布,已批准,调休,2026-02-18
498,2025-04-29,4,4,季度盘点,已批准,调休,2025-04-27
498,2026-07-20,6,6,项目上线冲刺,已批准,调休,2026-07-18
499,2025-04-15,4,4,客户交付,已批准,调休,2025-04-12
499,2025-06-03,3,,项目上线冲刺,已拒绝,无,2025-06-02
499,2026-03-06,2,2,版本发布,已批准,调休,2026-03-04
499,2026-05-27,4,4,季度盘点,已批准,加班费,2026-05-22
499,2026-06-30,3,3,客户交付,待审批,无,2026-06-25
500,2025-01-08,4,4,版本发布,已批准,调休,2025-01-06
502,2025-02-05,6,6,紧急故障处理,已批准,调休,2025-02-01
502,2025-06-30,4,4,紧急故障处理,已批准,加班费,2025-06-28
502,2025-07-17,2,2,项目上线冲刺,已批准,加班费,2025-07-14
502,2025-08-01,4,4,版本发布,已批准,调休,2025-07-27
502,2025-09-25,2,2,月度结账,已批准,调休,2025-09-21
502,2025-10-17,3,3,季度盘点,已批准,调休,2025-10-15
502,2025-11-20,3,3,客户交付,已批准,加班费,2025-11-17
502,2025-12-24,2,2,项目上线冲刺,已批准,调休,2025-12-21
502,2026-01-23,4,4,季度盘点,已批准,调休,2026-01-21
502,2026-03-19,6,6,客户交付,已批准,调休,2026-03-14
502,2026-06-05,6,6,版本发布,已批准,加班费,2026-06-01
503,2025-02-28,4,,紧急故障处理,已拒绝,无,2025-02-26
503,2025-06-11,4,4,月度结账,已批准,调休,2025-06-09
503,2025-08-13,6,6,版本发布,已批准,加班费,2025-08-09
503,2026-04-08,6,6,项目上线冲刺,已批准,调休,2026-04-06
504,2025-02-21,8,8,客户交付,已批准,加班费,2025-02-17
504,2025-08-26,4,4,季度盘点,已批准,加班费,2025-08-23
504,2026-01-15,6,6,季度盘点,已批准,加班费,2026-01-11
504,2026-02-19,4,4,客户交付,已批准,调休,2026-02-15
504,2026-05-26,3,3,紧急故障处理,已批准,调休,2026-05-22
504,2026-06-10,2,2,客户交付,已批准,加班费,2026-06-07
504,2026-08-12,4,4,月度结账,已批准,调休,2026-08-11
505,2025-04-21,4,4,紧急故障处理,已批准,调休,2025-04-19
506,2025-01-03,2,2,紧急故障处理,已批准,调休,2024-12-31
506,2025-04-07,2,2,紧急故障处理,已批准,调休,2025-04-02
507,2025-05-19,6,6,紧急故障处理,已批准,调休,2025-05-14
507,2025-07-21,2,2,紧急故障处理,已批准,无,2025-07-19
507,2025-08-22,4,4,项目上线冲刺,已批准,调休,2025-08-20
507,2025-12-02,8,8,项目上线冲刺,已批准,加班费,2025-11-28
507,2026-02-26,4,4,客户交付,已批准,调休,2026-02-21
507,2026-06-17,6,,项目上线冲刺,已拒绝,无,2026-06-14
507,2026-08-20,4,4,月度结账,已批准,调休,2026-08-19
508,2025-01-16,6,6,紧急故障处理,已批准,调休,2025-01-15
508,2025-04-25,4,4,紧急故障处理,已批准,调休,2025-04-24
508,2025-08-08,3,3,项目上线冲刺,已批准,调休,2025-08-03
508,2025-11-10,2,2,紧急故障处理,已批准,调休,2025-11-08
508,2025-12-08,6,6,月度结账,已批准,加班费,2025-12-03
508,2026-04-24,2,2,紧急故障处理,已批准,调休,2026-04-22
509,2025-07-15,8,8,客户交付,待审批,无,2025-07-12
509,2025-09-30,2,2,项目上线冲刺,已批准,调休,2025-09-28
509,2025-11-10,4,4,版本发布,已批准,加班费,2025-11-07
509,2025-12-03,2,2,项目上线冲刺,已批准,调休,2025-11-28
509,2026-01-16,8,8,月度结账,已批准,调休,2026-01-13
510,2025-06-24,3,3,客户交付,已批准,加班费,2025-06-23
510,2026-06-15,3,3,季度盘点,已批准,调休,2026-06-11
511,2025-04-21,4,4,紧急故障处理,已批准,加班费,2025-04-18
511,2025-09-03,3,3,紧急故障处理,已批准,调休,2025-09-02
511,2025-11-17,6,6,客户交付,已批准,加班费,2025-11-14
511,2025-12-26,4,4,季度盘点,已批准,调休,2025-12-22
512,2025-01-24,4,4,紧急故障处理,已批准,调休,2025-01-22
512,2025-02-18,4,4,客户交付,已批准,调休,2025-02-13
512,2025-04-07,8,8,季度盘点,已批准,加班费,2025-04-03
512,2025-09-23,4,4,紧急故障处理,已批准,调休,2025-09-20
512,2025-10-24,6,6,项目上线冲刺,已批准,调休,2025-10-23
512,2026-02-26,4,4,版本发布,已批准,调休,2026-02-23
512,2026-04-20,6,6,月度结账,已批准,加班费,2026-04-18
512,2026-05-27,8,8,版本发布,已批准,加班费,2026-05-26
512,2026-06-02,4,4,版本发布,已批准,加班费,2026-05-30
513,2025-01-21,6,6,项目上线冲刺,已批准,调休,2025-01-20
513,2025-03-10,6,6,项目上线冲刺,已批准,调休,2025-03-06
513,2025-07-02,2,2,季度盘点,已批准,调休,2025-07-01
513,2025-08-12,3,3,项目上线冲刺,已批准,调休,2025-08-10
513,2025-09-16,4,4,客户交付,已批准,加班费,2025-09-13
513,2025-11-05,4,4,月度结账,已批准,加班费,2025-11-01
513,2026-06-03,2,2,客户交付,已批准,加班费,2026-05-29
513,2026-07-06,6,6,版本发布,已批准,调休,2026-07-02
514,2025-12-30,4,,季度盘点,已拒绝,无,2025-12-29
514,2026-01-05,4,4,客户交付,已批准,加班费,2025-12-31
515,2025-02-04,6,6,月度结账,已批准,无,2025-01-31
515,2025-05-13,3,3,项目上线冲刺,已批准,调休,2025-05-10
515,2025-07-01,3,,客户交付,已拒绝,无,2025-06-27
515,2025-10-21,4,4,项目上线冲刺,已批准,加班费,2025-10-20
515,2025-12-31,4,4,季度盘点,已批准,无,2025-12-29
515,2026-05-22,4,,版本发布,已拒绝,无,2026-05-20
516,2025-03-17,8,8,项目上线冲刺,已批准,调休,2025-03-15
516,2025-07-04,4,4,项目上线冲刺,已批准,调休,2025-07-03
516,2025-11-10,8,8,版本发布,已批准,加班费,2025-11-09
516,2026-02-18,4,4,月度结账,已批准,调休,2026-02-16
516,2026-07-13,2,2,紧急故障处理,待审批,无,2026-07-10
517,2025-03-12,4,4,客户交付,已批准,调休,2025-03-11
519,2025-05-07,6,6,版本发布,已批准,调休,2025-05-05
519,2026-02-05,4,4,季度盘点,已批准,调休,2026-02-04
519,2026-07-17,4,4,客户交付,已批准,调休,2026-07-14
520,2025-01-07,8,8,版本发布,已批准,调休,2025-01-05
521,2025-01-14,6,6,项目上线冲刺,已批准,加班费,2025-01-09
521,2025-02-13,3,3,项目上线冲刺,已批准,调休,2025-02-12
522,2025-01-15,3,3,项目上线冲刺,已批准,加班费,2025-01-11
522,2025-02-24,2,2,版本发布,已批准,调休,2025-02-20
524,2025-02-18,4,4,客户交付,已批准,调休,2025-02-17
526,2025-03-31,4,4,季度盘点,已批准,无,2025-03-28
526,2025-05-30,6,6,季度盘点,已批准,加班费,2025-05-29
526,2025-06-25,6,6,季度盘点,已批准,加班费,2025-06-23
526,2025-07-22,2,,季度盘点,已拒绝,无,2025-07-19
526,2025-09-17,6,,季度盘点,已拒绝,无,2025-09-13
526,2025-10-28,2,2,版本发布,已批准,调休,2025-10-24
526,2025-12-22,4,4,紧急故障处理,已批准,加班费,2025-12-18
526,2026-04-07,3,3,客户交付,已批准,加班费,2026-04-03
526,2026-06-18,4,4,季度盘点,已批准,调休,2026-06-16
527,2025-01-08,4,4,季度盘点,已批准,加班费,2025-01-07
527,2025-06-16,8,8,月度结账,已批准,加班费,2025-06-11
527,2026-03-25,3,3,季度盘点,已批准,加班费,2026-03-21
527,2026-07-10,8,8,客户交付,已批准,调休,2026-07-06
528,2025-08-01,3,,月度结账,已拒绝,无,2025-07-27
528,2026-04-10,8,8,项目上线冲刺,已批准,加班费,2026-04-05
528,2026-05-05,6,6,紧急故障处理,已批准,调休,2026-05-04
528,2026-07-27,6,6,项目上线冲刺,已批准,调休,2026-07-26
529,2025-02-05,4,4,客户交付,已批准,调休,2025-02-03
529,2025-05-01,4,4,项目上线冲刺,已批准,调休,2025-04-27
529,2026-06-26,4,4,客户交付,已批准,加班费,2026-06-21
529,2026-08-12,2,2,紧急故障处理,已批准,调休,2026-08-10
531,2025-02-24,6,,客户交付,已拒绝,无,2025-02-19
532,2025-02-07,2,2,月度结账,已批准,加班费,2025-02-04
532,2025-03-19,6,6,项目上线冲刺,已批准,调休,2025-03-18
532,2025-04-22,8,8,项目上线冲刺,已批准,调休,2025-04-17
532,2025-06-03,4,4,月度结账,已批准,加班费,2025-06-02
532,2026-03-18,8,8,项目上线冲刺,已批准,加班费,2026-03-16
532,2026-06-08,3,3,月度结账,已批准,调休,2026-06-03
533,2025-01-06,2,2,季度盘点,已批准,无,2025-01-01
533,2025-08-12,4,,客户交付,已拒绝,无,2025-08-08
533,2025-09-04,4,4,紧急故障处理,已批准,加班费,2025-09-01
533,2026-04-23,4,4,版本发布,已批准,调休,2026-04-19
533,2026-05-22,4,4,季度盘点,已批准,调休,2026-05-18
533,2026-06-26,6,6,紧急故障处理,已批准,加班费,2026-06-23
533,2026-07-03,2,2,项目上线冲刺,已批准,调休,2026-06-30
535,2025-01-14,4,4,紧急故障处理,已批准,加班费,2025-01-09
535,2025-02-19,2,,紧急故障处理,已拒绝,无,2025-02-16
535,2025-05-29,8,8,项目上线冲刺,已批准,调休,2025-05-25
535,2025-06-24,3,3,项目上线冲刺,已批准,加班费,2025-06-21
535,2026-01-23,4,4,版本发布,已批准,加班费,2026-01-18
535,2026-02-19,3,3,季度盘点,已批准,加班费,2026-02-15
535,2026-03-20,8,8,客户交付,已批准,调休,2026-03-19
536,2025-03-03,8,8,版本发布,已批准,加班费,2025-02-26
536,2025-07-15,3,3,紧急故障处理,已批准,加班费,2025-07-12
536,2025-09-09,8,8,季度盘点,已批准,加班费,2025-09-06
536,2025-10-29,4,4,项目上线冲刺,已批准,加班费,2025-10-27
536,2026-01-22,3,3,版本发布,已批准,调休,2026-01-18
536,2026-02-04,8,8,月度结账,已批准,加班费,2026-02-02
536,2026-03-03,3,3,紧急故障处理,已批准,调休,2026-02-26
536,2026-05-20,4,4,项目上线冲刺,已批准,调休,2026-05-15
536,2026-07-20,4,4,季度盘点,已批准,调休,2026-07-18
536,2026-08-03,3,3,紧急故障处理,已批准,调休,2026-08-02
537,2025-01-22,3,3,项目上线冲刺,已批准,调休,2025-01-18
537,2025-02-28,8,8,客户交付,已批准,调休,2025-02-27
537,2025-05-16,3,3,紧急故障处理,已批准,调休,2025-05-15
537,2025-06-25,4,,紧急故障处理,已拒绝,无,2025-06-21
537,2025-07-03,3,3,项目上线冲刺,已批准,加班费,2025-07-01
537,2025-11-03,4,4,客户交付,已批准,加班费,2025-11-01
538,2025-04-14,6,6,版本发布,已批准,加班费,2025-04-11
538,2025-06-10,6,6,季度盘点,已批准,调休,2025-06-07
538,2025-07-18,4,4,季度盘点,已批准,加班费,2025-07-15
538,2025-09-25,4,4,紧急故障处理,已批准,调休,2025-09-20
538,2026-08-21,2,2,客户交付,已批准,调休,2026-08-17
539,2025-01-07,6,6,月度结账,已批准,加班费,2025-01-03
539,2025-02-28,3,3,客户交付,已批准,加班费,2025-02-25
539,2025-03-11,3,3,版本发布,已批准,调休,2025-03-08
539,2025-05-28,4,4,项目上线冲刺,已批准,加班费,2025-05-27
539,2025-06-03,4,4,月度结账,已批准,加班费,2025-05-29
539,2025-08-04,2,2,月度结账,已批准,调休,2025-08-03
539,2025-10-31,2,2,客户交付,已批准,加班费,2025-10-27
540,2025-02-11,4,4,版本发布,已批准,加班费,2025-02-10
540,2025-03-31,2,,版本发布,已拒绝,无,2025-03-30
540,2025-04-07,4,4,客户交付,已批准,调休,2025-04-04
540,2025-05-28,6,6,紧急故障处理,已批准,调休,2025-05-26
540,2025-06-03,4,4,季度盘点,已批准,加班费,2025-05-29
541,2025-03-25,6,6,紧急故障处理,已批准,加班费,2025-03-23
541,2025-04-11,8,8,季度盘点,已批准,加班费,2025-04-10
541,2025-07-15,4,4,季度盘点,待审批,无,2025-07-10
541,2025-08-07,4,4,版本发布,已批准,加班费,2025-08-02
541,2025-09-25,2,,版本发布,已拒绝,无,2025-09-21
541,2026-03-27,3,3,季度盘点,已批准,加班费,2026-03-24
541,2026-04-08,8,8,客户交付,已批准,调休,2026-04-04
541,2026-08-04,4,4,紧急故障处理,已批准,调休,2026-07-31
542,2025-04-02,8,8,项目上线冲刺,已批准,加班费,2025-03-30
542,2025-05-27,4,4,客户交付,已批准,加班费,2025-05-25
542,2025-09-22,8,8,紧急故障处理,已批准,调休,2025-09-19
542,2026-03-19,8,8,紧急故障处理,已批准,加班费,2026-03-15
542,2026-04-21,6,6,客户交付,已批准,加班费,2026-04-16
542,2026-06-26,2,2,版本发布,待审批,无,2026-06-23
543,2025-04-03,8,,月度结账,已拒绝,无,2025-03-30
543,2025-05-09,4,4,项目上线冲刺,已批准,调休,2025-05-07
543,2025-06-02,2,2,紧急故障处理,待审批,无,2025-05-28
543,2025-07-23,6,6,客户交付,已批准,调休,2025-07-19
543,2026-02-24,4,4,季度盘点,已批准,加班费,2026-02-20
543,2026-04-22,6,6,月度结账,已批准,加班费,2026-04-19
543,2026-07-14,4,4,季度盘点,已批准,调休,2026-07-12
544,2025-04-21,2,2,季度盘点,已批准,加班费,2025-04-19
544,2025-05-09,3,3,客户交付,已批准,加班费,2025-05-07
544,2025-07-14,4,4,版本发布,已批准,加班费,2025-07-11
544,2025-11-27,2,2,项目上线冲刺,已批准,调休,2025-11-22
544,2026-02-04,8,8,客户交付,已批准,调休,2026-01-30
544,2026-03-16,4,4,客户交付,已批准,调休,2026-03-12
544,2026-04-17,4,4,项目上线冲刺,已批准,调休,2026-04-14
544,2026-05-19,8,8,月度结账,已批准,调休,2026-05-15
544,2026-07-14,8,8,项目上线冲刺,已批准,加班费,2026-07-13
545,2025-01-15,4,4,紧急故障处理,已批准,调休,2025-01-13
545,2025-04-10,8,8,季度盘点,待审批,无,2025-04-05
545,2025-07-17,6,6,项目上线冲刺,已批准,调休,2025-07-13
545,2025-08-19,8,8,月度结账,已批准,调休,2025-08-15
545,2025-09-08,4,4,项目上线冲刺,已批准,调休,2025-09-03
546,2026-02-20,8,8,月度结账,已批准,加班费,2026-02-15
547,2025-04-14,3,3,版本发布,已批准,加班费,2025-04-09
547,2025-11-25,4,4,季度盘点,已批准,调休,2025-11-21
547,2025-12-23,2,2,月度结账,已批准,调休,2025-12-19
547,2026-02-17,4,4,季度盘点,已批准,加班费,2026-02-14
547,2026-04-28,6,6,紧急故障处理,已批准,调休,2026-04-24
547,2026-08-04,4,4,月度结账,已批准,调休,2026-07-31
548,2025-04-24,8,8,版本发布,已批准,加班费,2025-04-20
548,2025-07-16,6,6,项目上线冲刺,已批准,加班费,2025-07-15
548,2025-10-06,8,8,紧急故障处理,已批准,调休,2025-10-03
548,2026-01-09,4,4,季度盘点,已批准,加班费,2026-01-04
548,2026-03-19,3,3,客户交付,已批准,加班费,2026-03-14
548,2026-04-02,2,2,客户交付,已批准,调休,2026-04-01
548,2026-06-01,3,3,项目上线冲刺,已批准,调休,2026-05-29
548,2026-08-14,8,8,项目上线冲刺,已批准,调休,2026-08-11
549,2025-04-01,4,4,版本发布,已批准,加班费,2025-03-27
549,2025-06-23,3,3,紧急故障处理,已批准,加班费,2025-06-19
549,2026-01-15,4,4,客户交付,已批准,调休,2026-01-11
549,2026-02-17,4,4,版本发布,已批准,调休,2026-02-15
549,2026-04-08,4,4,季度盘点,已批准,加班费,2026-04-04
549,2026-07-28,4,4,月度结账,已批准,调休,2026-07-25
550,2026-07-28,3,3,项目上线冲刺,已批准,加班费,2026-07-27
551,2025-06-30,4,4,月度结账,已批准,无,2025-06-27
551,2025-09-26,8,8,客户交付,已批准,无,2025-09-21
551,2026-02-05,4,,项目上线冲刺,已拒绝,无,2026-02-01
552,2025-06-06,8,8,紧急故障处理,已批准,调休,2025-06-04
552,2025-07-14,3,3,客户交付,已批准,调休,2025-07-13
552,2026-02-26,8,8,紧急故障处理,已批准,无,2026-02-22
552,2026-04-30,3,3,季度盘点,已批准,调休,2026-04-26
553,2025-05-29,4,4,月度结账,已批准,加班费,2025-05-25
553,2025-08-06,8,8,客户交付,已批准,加班费,2025-08-05
553,2025-10-16,2,2,紧急故障处理,已批准,调休,2025-10-13
553,2025-11-14,3,3,月度结账,已批准,调休,2025-11-12
553,2025-12-01,2,2,版本发布,已批准,加班费,2025-11-30
553,2026-02-04,3,3,月度结账,已批准,调休,2026-02-01
553,2026-03-16,4,4,项目上线冲刺,已批准,加班费,2026-03-13
553,2026-05-27,3,3,月度结账,已批准,调休,2026-05-26
553,2026-06-02,6,6,客户交付,已批准,调休,2026-05-30
553,2026-08-28,4,4,版本发布,已批准,调休,2026-08-25
554,2025-03-26,3,3,季度盘点,已批准,调休,2025-03-24
554,2025-07-14,6,,季度盘点,已拒绝,无,2025-07-13
554,2025-12-10,6,6,客户交付,已批准,调休,2025-12-07
554,2026-01-05,2,2,月度结账,已批准,调休,2025-12-31
554,2026-02-16,4,4,月度结账,已批准,加班费,2026-02-14
555,2025-06-26,3,3,客户交付,已批准,加班费,2025-06-25
555,2025-09-09,2,2,版本发布,已批准,调休,2025-09-05
556,2025-05-28,6,6,项目上线冲刺,已批准,调休,2025-05-27
556,2025-08-29,4,4,紧急故障处理,已批准,调休,2025-08-27
556,2025-11-17,2,2,版本发布,已批准,加班费,2025-11-14
556,2026-01-19,6,6,版本发布,已批准,加班费,2026-01-14
556,2026-02-05,4,,紧急故障处理,已拒绝,无,2026-02-02
556,2026-06-11,8,8,季度盘点,已批准,调休,2026-06-09
557,2025-04-18,6,6,客户交付,已批准,调休,2025-04-16
557,2025-05-21,8,8,版本发布,已批准,调休,2025-05-18
557,2026-03-11,4,4,项目上线冲刺,已批准,调休,2026-03-07
557,2026-06-18,6,6,月度结账,已批准,加班费,2026-06-17
558,2025-08-01,4,4,紧急故障处理,已批准,加班费,2025-07-27
558,2026-05-20,2,2,季度盘点,待审批,无,2026-05-15
559,2025-04-16,8,8,版本发布,已批准,调休,2025-04-13
559,2025-06-24,4,4,版本发布,已批准,加班费,2025-06-21
559,2025-10-03,4,4,客户交付,已批准,加班费,2025-09-28
559,2026-07-07,8,8,版本发布,已批准,调休,2026-07-03
560,2025-04-08,6,6,季度盘点,已批准,调休,2025-04-07
560,2025-05-27,3,3,客户交付,已批准,调休,2025-05-22
560,2025-06-16,2,2,月度结账,已批准,调休,2025-06-14
560,2025-08-18,2,2,客户交付,已批准,加班费,2025-08-15
560,2025-11-20,6,6,紧急故障处理,已批准,调休,2025-11-19
560,2025-12-02,4,,紧急故障处理,已拒绝,无,2025-11-30
560,2026-01-05,6,6,季度盘点,待审批,无,2026-01-02
560,2026-03-27,2,2,季度盘点,已批准,加班费,2026-03-22
560,2026-04-30,6,6,紧急故障处理,已批准,调休,2026-04-29
561,2025-07-18,4,4,季度盘点,已批准,调休,2025-07-17
561,2025-08-29,8,8,客户交付,已批准,调休,2025-08-24
561,2025-09-18,8,8,月度结账,待审批,无,2025-09-15
561,2026-02-03,6,6,版本发布,已批准,调休,2026-01-31
561,2026-05-22,3,3,紧急故障处理,已批准,加班费,2026-05-18
562,2025-08-14,8,8,季度盘点,已批准,调休,2025-08-11
562,2025-09-08,8,,项目上线冲刺,已拒绝,无,2025-09-06
562,2025-10-08,8,8,季度盘点,已批准,加班费,2025-10-05
562,2025-11-19,2,2,月度结账,已批准,加班费,2025-11-14
562,2025-12-15,4,4,项目上线冲刺,已批准,加班费,2025-12-13
562,2026-02-11,4,,月度结账,已拒绝,无,2026-02-06
562,2026-04-22,4,4,月度结账,已批准,调休,2026-04-20
562,2026-07-28,3,3,月度结账,已批准,调休,2026-07-23
563,2025-04-24,3,3,版本发布,已批准,调休,2025-04-20
563,2025-06-05,6,6,版本发布,已批准,无,2025-06-01
563,2025-07-24,2,2,版本发布,已批准,调休,2025-07-22
563,2025-11-03,3,,月度结账,已拒绝,无,2025-11-02
563,2026-02-16,2,2,季度盘点,已批准,加班费,2026-02-12
563,2026-06-10,4,4,季度盘点,已批准,加班费,2026-06-09
563,2026-08-04,4,4,紧急故障处理,已批准,调休,2026-08-01
564,2025-04-17,3,3,版本发布,已批准,加班费,2025-04-12
564,2025-06-16,4,4,客户交付,已批准,调休,2025-06-11
565,2025-06-06,2,,版本发布,已拒绝,无,2025-06-04
565,2025-08-19,6,6,月度结账,已批准,调休,2025-08-14
565,2025-11-28,3,,季度盘点,已拒绝,无,2025-11-26
565,2026-01-20,3,3,版本发布,已批准,调休,2026-01-16
565,2026-02-04,4,4,紧急故障处理,已批准,调休,2026-01-30
565,2026-04-01,8,8,季度盘点,已批准,调休,2026-03-28
565,2026-07-09,4,4,客户交付,已批准,加班费,2026-07-07
565,2026-08-27,8,8,客户交付,已批准,调休,2026-08-25
566,2025-03-10,4,4,项目上线冲刺,已批准,调休,2025-03-08
566,2025-07-10,2,2,项目上线冲刺,已批准,加班费,2025-07-07
566,2025-11-21,8,8,月度结账,已批准,加班费,2025-11-16
566,2026-02-13,3,3,项目上线冲刺,已批准,调休,2026-02-11
566,2026-08-18,2,2,客户交付,已批准,调休,2026-08-15
567,2025-03-31,6,6,季度盘点,已批准,加班费,2025-03-27
567,2025-06-09,8,8,项目上线冲刺,已批准,调休,2025-06-04
567,2025-07-15,4,4,客户交付,待审批,无,2025-07-11
567,2025-09-10,8,8,季度盘点,已批准,调休,2025-09-08
567,2026-01-01,8,8,月度结账,待审批,无,2025-12-31
568,2025-06-12,6,6,紧急故障处理,已批准,加班费,2025-06-07
569,2025-08-21,4,,版本发布,已拒绝,无,2025-08-19
569,2025-09-01,4,4,项目上线冲刺,已批准,调休,2025-08-28
569,2025-11-03,4,4,版本发布,已批准,调休,2025-10-31
569,2025-12-05,4,,月度结账,已拒绝,无,2025-12-01
570,2025-05-08,3,3,紧急故障处理,已批准,加班费,2025-05-03
570,2025-07-16,4,4,版本发布,已批准,加班费,2025-07-15
571,2025-04-09,6,,项目上线冲刺,已拒绝,无,2025-04-05
571,2025-06-26,6,6,紧急故障处理,已批准,加班费,2025-06-23
572,2025-05-08,2,2,项目上线冲刺,已批准,调休,2025-05-05
572,2025-11-03,4,4,季度盘点,已批准,调休,2025-10-29
573,2025-07-01,6,6,季度盘点,已批准,调休,2025-06-29
573,2025-08-12,4,4,月度结账,已批准,调休,2025-08-07
573,2026-03-10,2,2,客户交付,已批准,加班费,2026-03-05
574,2025-05-15,6,6,版本发布,已批准,加班费,2025-05-14
574,2025-06-03,4,4,项目上线冲刺,已批准,加班费,2025-06-01
574,2025-11-07,4,4,项目上线冲刺,已批准,加班费,2025-11-06
574,2025-12-16,4,4,月度结账,已批准,调休,2025-12-11
574,2026-06-09,2,2,客户交付,已批准,加班费,2026-06-05
575,2025-04-30,4,4,季度盘点,已批准,调休,2025-04-26
575,2025-07-04,8,8,紧急故障处理,已批准,加班费,2025-07-03
575,2026-01-19,2,2,紧急故障处理,已批准,加班费,2026-01-18
575,2026-02-24,8,8,版本发布,已批准,加班费,2026-02-23
575,2026-03-19,6,6,客户交付,已批准,加班费,2026-03-18
575,2026-04-24,4,4,项目上线冲刺,已批准,加班费,2026-04-20
576,2025-09-02,4,4,月度结账,已批准,调休,2025-08-30
576,2025-11-18,4,,项目上线冲刺,已拒绝,无,2025-11-15
576,2025-12-09,2,2,客户交付,已批准,调休,2025-12-08
576,2026-02-20,8,8,客户交付,已批准,加班费,2026-02-19
576,2026-04-20,4,4,月度结账,已批准,调休,2026-04-15
576,2026-07-10,4,4,季度盘点,已批准,调休,2026-07-06
577,2025-05-26,4,4,项目上线冲刺,已批准,调休,2025-05-23
578,2025-06-11,4,4,月度结账,已批准,调休,2025-06-10
578,2025-07-17,3,3,项目上线冲刺,已批准,加班费,2025-07-15
578,2025-08-13,4,4,紧急故障处理,已批准,调休,2025-08-10
578,2025-10-10,2,2,客户交付,待审批,无,2025-10-06
578,2026-02-09,8,,季度盘点,已拒绝,无,2026-02-04
578,2026-05-18,3,3,紧急故障处理,已批准,加班费,2026-05-16
578,2026-08-05,4,,月度结账,已拒绝,无,2026-07-31
579,2025-05-12,6,6,版本发布,已批准,加班费,2025-05-11
579,2025-10-22,3,3,季度盘点,已批准,调休,2025-10-21
579,2025-11-13,8,8,月度结账,已批准,调休,2025-11-12
579,2025-12-12,4,4,项目上线冲刺,已批准,加班费,2025-12-10
579,2026-01-21,6,6,季度盘点,已批准,调休,2026-01-19
580,2026-03-09,8,8,月度结账,已批准,调休,2026-03-07
581,2025-08-22,3,3,季度盘点,已批准,调休,2025-08-21
581,2025-09-05,2,2,版本发布,已批准,调休,2025-09-04
581,2026-01-30,4,4,月度结账,已批准,加班费,2026-01-27
581,2026-03-13,8,8,版本发布,已批准,加班费,2026-03-09
581,2026-08-10,2,2,版本发布,已批准,无,2026-08-08
582,2026-02-12,3,3,项目上线冲刺,已批准,调休,2026-02-10
582,2026-03-30,4,4,项目上线冲刺,已批准,加班费,2026-03-29
583,2026-05-26,2,2,月度结账,已批准,调休,2026-05-21
583,2026-06-26,2,2,版本发布,已批准,加班费,2026-06-25
583,2026-07-24,4,4,月度结账,已批准,加班费,2026-07-23
584,2025-10-30,3,3,项目上线冲刺,已批准,加班费,2025-10-25
584,2025-11-27,2,2,项目上线冲刺,已批准,加班费,2025-11-26
584,2026-05-13,4,4,紧急故障处理,已批准,调休,2026-05-11
585,2025-08-13,6,6,客户交付,已批准,调休,2025-08-11
585,2025-10-28,3,3,季度盘点,已批准,调休,2025-10-25
585,2025-12-19,8,8,月度结账,已批准,调休,2025-12-14
585,2026-02-02,4,,客户交付,已拒绝,无,2026-01-28
586,2025-08-27,4,,紧急故障处理,已拒绝,无,2025-08-25
586,2025-09-01,4,4,项目上线冲刺,待审批,无,2025-08-27
586,2025-12-18,4,4,紧急故障处理,已批准,调休,2025-12-13
586,2026-01-20,2,2,客户交付,已批准,调休,2026-01-19
586,2026-05-05,4,4,月度结账,已批准,加班费,2026-04-30
586,2026-06-12,4,4,紧急故障处理,待审批,无,2026-06-11
586,2026-08-17,3,3,项目上线冲刺,已批准,调休,2026-08-12
587,2025-04-25,2,2,紧急故障处理,已批准,调休,2025-04-22
588,2025-07-30,4,4,项目上线冲刺,已批准,调休,2025-07-27
588,2025-10-13,4,4,版本发布,已批准,加班费,2025-10-10
590,2025-11-24,4,,项目上线冲刺,已拒绝,无,2025-11-23
590,2025-12-12,8,8,季度盘点,已批准,调休,2025-12-07
590,2026-04-07,2,2,项目上线冲刺,已批准,调休,2026-04-05
590,2026-05-18,8,8,客户交付,已批准,调休,2026-05-16
591,2025-08-27,4,4,月度结账,已批准,调休,2025-08-26
591,2026-02-09,2,2,紧急故障处理,待审批,无,2026-02-04
592,2025-06-26,4,4,紧急故障处理,已批准,调休,2025-06-25
592,2026-04-16,4,4,月度结账,已批准,调休,2026-04-12
592,2026-05-14,3,3,月度结账,已批准,调休,2026-05-13
593,2025-05-19,6,6,版本发布,已批准,加班费,2025-05-14
593,2026-02-27,6,,季度盘点,已拒绝,无,2026-02-26
593,2026-05-13,2,2,紧急故障处理,已批准,加班费,2026-05-11
594,2025-05-26,4,4,月度结账,已批准,加班费,2025-05-24
594,2025-07-04,4,4,季度盘点,已批准,无,2025-07-02
594,2025-10-15,8,8,月度结账,已批准,加班费,2025-10-11
594,2025-11-27,4,4,客户交付,已批准,无,2025-11-24
594,2026-03-09,6,,版本发布,已拒绝,无,2026-03-05
595,2025-06-27,8,8,月度结账,已批准,调休,2025-06-23
595,2025-07-15,3,3,紧急故障处理,已批准,加班费,2025-07-10
595,2026-03-17,4,4,项目上线冲刺,待审批,无,2026-03-14
595,2026-04-17,4,,项目上线冲刺,已拒绝,无,2026-04-13
595,2026-06-03,2,2,项目上线冲刺,已批准,加班费,2026-05-31
595,2026-08-21,2,2,紧急故障处理,已批准,调休,2026-08-19
596,2025-05-27,4,4,紧急故障处理,已批准,加班费,2025-05-22
596,2025-07-04,4,,项目上线冲刺,已拒绝,无,2025-06-29
596,2026-01-29,8,8,季度盘点,已批准,调休,2026-01-26
596,2026-02-18,4,4,项目上线冲刺,已批准,加班费,2026-02-13
596,2026-03-12,6,6,季度盘点,已批准,加班费,2026-03-10
596,2026-04-21,4,4,紧急故障处理,已批准,加班费,2026-04-19
596,2026-05-15,4,4,季度盘点,已批准,加班费,2026-05-11
596,2026-07-10,4,4,客户交付,已批准,调休,2026-07-08
597,2025-06-11,3,3,紧急故障处理,已批准,调休,2025-06-09
597,2025-07-04,8,8,季度盘点,已批准,调休,2025-07-01
597,2025-10-15,4,4,季度盘点,已批准,调休,2025-10-10
597,2025-12-12,4,4,版本发布,待审批,无,2025-12-11
597,2026-04-10,4,4,客户交付,已批准,无,2026-04-05
597,2026-06-03,2,2,季度盘点,已批准,调休,2026-05-31
598,2025-05-15,4,4,月度结账,已批准,调休,2025-05-12
598,2025-06-25,8,8,版本发布,已批准,加班费,2025-06-23
598,2025-07-03,6,6,月度结账,已批准,调休,2025-06-29
598,2025-10-08,3,3,季度盘点,已批准,调休,2025-10-05
598,2025-11-24,4,4,季度盘点,已批准,加班费,2025-11-19
598,2025-12-03,3,3,客户交付,已批准,调休,2025-12-01
598,2026-04-03,4,4,紧急故障处理,待审批,无,2026-03-31
598,2026-08-12,8,8,项目上线冲刺,已批准,加班费,2026-08-10
599,2025-06-06,3,3,季度盘点,已批准,调休,2025-06-04
599,2025-07-18,3,3,版本发布,已批准,调休,2025-07-15
599,2025-09-12,4,4,紧急故障处理,已批准,调休,2025-09-11
599,2025-11-12,2,,项目上线冲刺,已拒绝,无,2025-11-11
599,2026-01-22,4,4,紧急故障处理,已批准,加班费,2026-01-18
599,2026-02-11,3,3,月度结账,已批准,调休,2026-02-07
599,2026-03-13,8,,紧急故障处理,已拒绝,无,2026-03-10
599,2026-05-12,2,2,客户交付,已批准,调休,2026-05-07
599,2026-07-20,3,3,紧急故障处理,已批准,调休,2026-07-19
600,2025-06-02,6,6,版本发布,已批准,加班费,2025-05-31
600,2025-12-02,8,8,季度盘点,已批准,调休,2025-11-27
600,2026-02-03,4,4,季度盘点,已批准,加班费,2026-01-30
600,2026-03-03,3,3,项目上线冲刺,已批准,加班费,2026-03-02
600,2026-05-15,4,,紧急故障处理,已拒绝,无,2026-05-10
600,2026-06-26,2,2,月度结账,已批准,加班费,2026-06-25
601,2025-05-22,2,,版本发布,已拒绝,无,2025-05-20
601,2025-08-28,4,4,客户交付,已批准,加班费,2025-08-25
601,2025-09-08,6,,紧急故障处理,已拒绝,无,2025-09-05
601,2026-04-22,2,2,季度盘点,已批准,加班费,2026-04-20
601,2026-08-21,4,4,版本发布,已批准,加班费,2026-08-16
602,2025-05-26,2,2,月度结账,已批准,调休,2025-05-23
602,2025-10-07,8,8,季度盘点,已批准,调休,2025-10-06
602,2025-11-26,6,6,版本发布,已批准,调休,2025-11-21
602,2026-08-21,6,6,客户交付,已批准,加班费,2026-08-17
603,2025-08-20,8,8,紧急故障处理,已批准,调休,2025-08-17
603,2026-01-14,3,3,版本发布,已批准,调休,2026-01-12
603,2026-03-19,6,6,季度盘点,已批准,加班费,2026-03-14
603,2026-04-09,2,2,项目上线冲刺,已批准,调休,2026-04-05
603,2026-06-03,6,6,客户交付,已批准,调休,2026-06-01
604,2025-06-18,4,,项目上线冲刺,已拒绝,无,2025-06-15
604,2025-08-04,4,4,季度盘点,已批准,调休,2025-08-01
604,2025-10-21,4,4,季度盘点,已批准,调休,2025-10-19
604,2025-11-26,6,6,季度盘点,已批准,调休,2025-11-23
604,2025-12-18,4,4,紧急故障处理,已批准,调休,2025-12-13
604,2026-03-31,8,8,月度结账,已批准,调休,2026-03-30
604,2026-05-19,4,4,季度盘点,已批准,调休,2026-05-18
604,2026-08-31,8,8,月度结账,已批准,调休,2026-08-30
605,2025-08-08,4,4,紧急故障处理,已批准,调休,2025-08-04
605,2026-08-18,4,4,项目上线冲刺,已批准,调休,2026-08-17
606,2025-11-17,4,4,客户交付,待审批,无,2025-11-12
606,2026-06-03,8,8,客户交付,待审批,无,2026-05-30
607,2026-02-09,6,6,月度结账,已批准,调休,2026-02-06
609,2025-06-27,8,8,季度盘点,待审批,无,2025-06-25
609,2025-08-26,6,6,月度结账,已批准,调休,2025-08-23
609,2025-09-03,6,6,客户交付,已批准,加班费,2025-08-29
609,2026-02-09,6,6,季度盘点,已批准,加班费,2026-02-08
609,2026-04-28,3,3,项目上线冲刺,已批准,加班费,2026-04-24
609,2026-05-12,2,2,紧急故障处理,已批准,加班费,2026-05-08
609,2026-07-10,8,8,月度结账,已批准,无,2026-07-08
610,2025-11-04,8,8,项目上线冲刺,已批准,加班费,2025-10-30
610,2026-02-25,8,8,客户交付,已批准,调休,2026-02-24
610,2026-04-14,6,6,季度盘点,已批准,加班费,2026-04-10
610,2026-07-13,2,2,项目上线冲刺,已批准,调休,2026-07-12
611,2025-08-13,8,,版本发布,已拒绝,无,2025-08-11
611,2025-11-27,2,,项目上线冲刺,已拒绝,无,2025-11-25
611,2026-01-23,8,8,季度盘点,已批准,调休,2026-01-22
611,2026-02-06,4,4,版本发布,已批准,加班费,2026-02-02
611,2026-05-28,8,8,紧急故障处理,已批准,调休,2026-05-25
611,2026-07-03,8,8,客户交付,已批准,加班费,2026-07-02
614,2026-06-18,2,2,版本发布,已批准,调休,2026-06-16
615,2025-08-21,8,,季度盘点,已拒绝,无,2025-08-16
615,2026-02-11,3,3,版本发布,已批准,调休,2026-02-08
616,2025-10-03,4,4,紧急故障处理,已批准,无,2025-09-30
617,2025-09-05,6,,月度结账,已拒绝,无,2025-09-02
617,2026-03-27,6,6,紧急故障处理,已批准,调休,2026-03-23
617,2026-04-13,4,4,月度结账,已批准,加班费,2026-04-12
619,2025-09-11,6,6,项目上线冲刺,已批准,调休,2025-09-09
619,2025-10-03,2,2,版本发布,已批准,调休,2025-10-01
619,2025-11-26,8,,客户交付,已拒绝,无,2025-11-24
619,2026-03-09,4,,版本发布,已拒绝,无,2026-03-06
619,2026-06-02,8,8,版本发布,已批准,加班费,2026-05-28
619,2026-07-22,4,4,版本发布,已批准,加班费,2026-07-21
620,2025-10-22,3,3,紧急故障处理,已批准,调休,2025-10-18
620,2025-12-30,4,,版本发布,已拒绝,无,2025-12-29
620,2026-01-19,6,6,紧急故障处理,已批准,无,2026-01-17
620,2026-03-20,3,3,项目上线冲刺,已批准,调休,2026-03-19
621,2025-09-05,6,6,项目上线冲刺,已批准,加班费,2025-09-01
621,2025-12-29,2,,季度盘点,已拒绝,无,2025-12-25
621,2026-01-14,4,,季度盘点,已拒绝,无,2026-01-10
621,2026-02-25,3,3,季度盘点,已批准,加班费,2026-02-22
621,2026-03-20,6,6,版本发布,已批准,调休,2026-03-16
621,2026-08-05,4,4,季度盘点,已批准,调休,2026-08-02
622,2025-09-23,8,8,月度结账,已批准,调休,2025-09-19
622,2025-10-10,2,2,客户交付,已批准,调休,2025-10-07
622,2026-03-16,3,3,客户交付,已批准,加班费,2026-03-14
622,2026-07-30,4,4,版本发布,已批准,调休,2026-07-26
622,2026-08-21,4,4,紧急故障处理,已批准,加班费,2026-08-20
623,2025-09-23,2,,季度盘点,已拒绝,无,2025-09-20
623,2025-10-30,8,8,季度盘点,已批准,加班费,2025-10-26
623,2025-12-01,8,8,季度盘点,已批准,无,2025-11-27
623,2026-01-26,6,6,客户交付,已批准,加班费,2026-01-24
623,2026-05-06,6,6,季度盘点,已批准,加班费,2026-05-02
623,2026-08-07,4,,客户交付,已拒绝,无,2026-08-06
624,2026-01-09,6,6,版本发布,已批准,调休,2026-01-04
624,2026-04-20,4,4,客户交付,待审批,无,2026-04-16
625,2025-08-12,8,8,版本发布,已批准,加班费,2025-08-11
625,2026-03-30,6,6,项目上线冲刺,已批准,加班费,2026-03-27
625,2026-05-15,6,6,季度盘点,已批准,调休,2026-05-13
626,2025-09-22,4,4,季度盘点,已批准,加班费,2025-09-17
626,2026-03-16,2,2,月度结账,待审批,无,2026-03-13
626,2026-05-05,4,4,客户交付,已批准,调休,2026-05-03
627,2025-08-05,2,2,版本发布,已批准,调休,2025-08-02
627,2025-09-18,4,4,版本发布,已批准,加班费,2025-09-14
627,2025-12-19,3,3,紧急故障处理,已批准,加班费,2025-12-15
627,2026-01-26,6,,版本发布,已拒绝,无,2026-01-23
627,2026-04-06,2,2,版本发布,已批准,调休,2026-04-01
627,2026-08-27,8,8,项目上线冲刺,待审批,无,2026-08-23
628,2025-09-03,6,6,客户交付,已批准,调休,2025-08-30
628,2025-12-22,6,6,季度盘点,已批准,调休,2025-12-17
629,2026-01-19,4,,客户交付,已拒绝,无,2026-01-15
630,2026-05-07,8,8,项目上线冲刺,已批准,调休,2026-05-06
631,2026-03-16,2,2,紧急故障处理,已批准,加班费,2026-03-13
631,2026-04-23,4,4,紧急故障处理,已批准,调休,2026-04-20
631,2026-06-26,4,4,季度盘点,已批准,调休,2026-06-25
632,2025-09-03,2,2,季度盘点,已批准,无,2025-09-02
632,2026-01-12,4,,客户交付,已拒绝,无,2026-01-08
632,2026-02-09,2,2,月度结账,已批准,调休,2026-02-07
633,2025-11-11,3,3,客户交付,已批准,调休,2025-11-10
633,2025-12-25,4,4,客户交付,已批准,调休,2025-12-22
634,2025-09-16,4,4,季度盘点,已批准,调休,2025-09-15
634,2025-10-29,2,2,版本发布,已批准,加班费,2025-10-25
634,2026-02-20,8,8,版本发布,待审批,无,2026-02-15
634,2026-05-07,2,2,月度结账,已批准,调休,2026-05-03
634,2026-06-08,3,3,客户交付,已批准,调休,2026-06-04
634,2026-07-01,8,8,季度盘点,已批准,调休,2026-06-27
634,2026-08-12,6,6,季度盘点,已批准,加班费,2026-08-07
635,2026-07-24,4,,项目上线冲刺,已拒绝,无,2026-07-23
636,2025-12-01,6,6,紧急故障处理,已批准,调休,2025-11-29
636,2026-04-29,3,3,紧急故障处理,已批准,无,2026-04-28
636,2026-06-05,6,6,项目上线冲刺,已批准,加班费,2026-06-02
637,2025-11-17,6,6,月度结账,已批准,加班费,2025-11-13
637,2026-03-31,8,,紧急故障处理,已拒绝,无,2026-03-26
637,2026-05-18,3,,紧急故障处理,已拒绝,无,2026-05-17
637,2026-06-24,8,8,版本发布,已批准,调休,2026-06-21
638,2025-11-13,2,2,客户交付,已批准,调休,2025-11-10
638,2025-12-01,3,3,版本发布,已批准,加班费,2025-11-29
638,2026-03-13,6,6,版本发布,已批准,调休,2026-03-11
639,2026-03-19,8,8,客户交付,已批准,加班费,2026-03-17
640,2026-02-25,3,3,客户交付,待审批,无,2026-02-24
640,2026-05-21,2,,紧急故障处理,已拒绝,无,2026-05-20
641,2026-01-19,4,4,紧急故障处理,已批准,调休,2026-01-17
641,2026-02-25,4,4,项目上线冲刺,已批准,调休,2026-02-22
641,2026-04-21,4,4,月度结账,已批准,加班费,2026-04-18
641,2026-06-02,6,6,客户交付,已批准,加班费,2026-05-31
641,2026-07-13,8,8,季度盘点,已批准,调休,2026-07-08
642,2025-10-27,4,4,紧急故障处理,已批准,调休,2025-10-25
642,2026-02-16,2,2,季度盘点,已批准,加班费,2026-02-13
642,2026-07-22,2,2,紧急故障处理,已批准,加班费,2026-07-19
642,2026-08-10,3,3,项目上线冲刺,已批准,调休,2026-08-07
643,2026-06-11,6,6,紧急故障处理,已批准,调休,2026-06-08
644,2025-11-28,6,6,紧急故障处理,已批准,调休,2025-11-23
644,2026-02-18,8,8,紧急故障处理,已批准,调休,2026-02-14
645,2025-10-09,6,6,月度结账,已批准,调休,2025-10-04
645,2025-11-03,4,4,项目上线冲刺,已批准,调休,2025-10-31
645,2025-12-19,2,2,版本发布,已批准,加班费,2025-12-15
645,2026-01-07,6,6,版本发布,已批准,调休,2026-01-03
646,2026-02-05,2,2,紧急故障处理,已批准,调休,2026-02-03
646,2026-05-22,8,8,紧急故障处理,待审批,无,2026-05-17
647,2025-12-03,2,2,版本发布,已批准,无,2025-11-29
647,2026-01-12,8,8,项目上线冲刺,已批准,调休,2026-01-09
647,2026-02-27,2,2,版本发布,已批准,调休,2026-02-22
647,2026-04-20,6,6,季度盘点,已批准,加班费,2026-04-19
647,2026-05-08,6,6,客户交付,已批准,调休,2026-05-03
648,2025-09-19,4,4,月度结账,已批准,调休,2025-09-17
648,2025-10-09,8,8,月度结账,已批准,加班费,2025-10-04
648,2025-11-26,4,4,版本发布,已批准,加班费,2025-11-22
648,2026-04-14,4,4,紧急故障处理,已批准,加班费,2026-04-10
648,2026-07-07,3,3,版本发布,已批准,加班费,2026-07-04
649,2025-10-08,4,4,紧急故障处理,已批准,加班费,2025-10-04
649,2026-04-03,8,,月度结账,已拒绝,无,2026-03-31
650,2025-12-02,3,3,紧急故障处理,已批准,调休,2025-11-30
650,2026-02-17,3,3,项目上线冲刺,已批准,加班费,2026-02-13
650,2026-03-09,6,6,版本发布,已批准,调休,2026-03-07
650,2026-05-04,8,8,月度结账,待审批,无,2026-05-01
650,2026-06-18,8,8,紧急故障处理,已批准,加班费,2026-06-13
651,2026-03-25,2,2,紧急故障处理,已批准,调休,2026-03-20
651,2026-05-05,2,2,季度盘点,已批准,调休,2026-05-04
651,2026-06-18,6,6,项目上线冲刺,已批准,调休,2026-06-14
651,2026-07-06,6,6,版本发布,已批准,调休,2026-07-01
653,2026-06-08,4,4,版本发布,已批准,加班费,2026-06-06
654,2025-11-25,3,3,月度结账,已批准,加班费,2025-11-23
654,2026-04-15,4,4,季度盘点,已批准,调休,2026-04-11
655,2026-01-08,8,8,月度结账,已批准,加班费,2026-01-06
655,2026-02-23,4,4,月度结账,已批准,调休,2026-02-18
655,2026-03-23,4,4,紧急故障处理,已批准,调休,2026-03-18
655,2026-07-17,3,3,季度盘点,已批准,调休,2026-07-13
655,2026-08-31,3,3,紧急故障处理,已批准,调休,2026-08-29
656,2025-10-21,3,3,版本发布,已批准,调休,2025-10-18
656,2025-11-11,8,8,紧急故障处理,已批准,加班费,2025-11-10
656,2026-02-11,8,8,月度结账,已批准,调休,2026-02-06
656,2026-04-14,4,4,紧急故障处理,已批准,加班费,2026-04-11
657,2025-11-12,2,2,月度结账,已批准,调休,2025-11-07
657,2025-12-17,4,4,项目上线冲刺,已批准,调休,2025-12-14
657,2026-02-27,6,,项目上线冲刺,已拒绝,无,2026-02-23
657,2026-03-31,4,4,月度结账,已批准,调休,2026-03-27
657,2026-05-06,8,8,项目上线冲刺,已批准,调休,2026-05-01
657,2026-07-30,3,3,客户交付,已批准,加班费,2026-07-25
661,2025-10-31,4,4,项目上线冲刺,已批准,调休,2025-10-30
661,2025-11-20,6,6,版本发布,已批准,加班费,2025-11-16
661,2026-04-21,4,4,项目上线冲刺,已批准,加班费,2026-04-18
662,2026-02-13,3,3,客户交付,已批准,调休,2026-02-09
662,2026-08-25,2,2,客户交付,已批准,调休,2026-08-24
663,2025-12-17,8,8,版本发布,已批准,加班费,2025-12-15
663,2026-06-15,4,4,月度结账,已批准,调休,2026-06-11
663,2026-07-10,3,3,月度结账,已批准,调休,2026-07-06
664,2026-01-23,2,2,季度盘点,已批准,调休,2026-01-20
664,2026-02-17,2,2,项目上线冲刺,待审批,无,2026-02-13
664,2026-03-18,6,6,季度盘点,已批准,无,2026-03-16
665,2026-04-27,4,4,客户交付,已批准,加班费,2026-04-24
666,2026-01-02,8,8,月度结账,已批准,加班费,2025-12-28
666,2026-05-14,4,4,客户交付,已批准,加班费,2026-05-09
667,2025-10-15,4,4,版本发布,已批准,调休,2025-10-14
667,2026-01-06,2,2,紧急故障处理,已批准,加班费,2026-01-04
667,2026-03-30,3,3,版本发布,已批准,调休,2026-03-28
667,2026-05-18,6,6,紧急故障处理,待审批,无,2026-05-16
667,2026-06-08,4,4,项目上线冲刺,已批准,加班费,2026-06-06
668,2025-11-05,8,8,版本发布,已批准,加班费,2025-11-03
668,2026-02-24,8,8,项目上线冲刺,已批准,加班费,2026-02-20
668,2026-03-10,2,2,项目上线冲刺,已批准,加班费,2026-03-08
668,2026-05-15,2,2,项目上线冲刺,已批准,加班费,2026-05-11
669,2026-03-25,3,3,季度盘点,已批准,调休,2026-03-22
669,2026-08-18,8,8,季度盘点,已批准,加班费,2026-08-16
670,2025-12-31,2,2,季度盘点,已批准,调休,2025-12-30
670,2026-01-20,3,3,项目上线冲刺,已批准,加班费,2026-01-15
670,2026-05-11,8,8,客户交付,已批准,调休,2026-05-06
670,2026-07-24,4,4,月度结账,已批准,加班费,2026-07-19
670,2026-08-04,4,4,客户交付,已批准,加班费,2026-07-31
671,2026-02-06,4,4,紧急故障处理,已批准,调休,2026-02-03
671,2026-03-25,4,4,季度盘点,已批准,加班费,2026-03-22
672,2026-05-25,3,3,月度结账,已批准,加班费,2026-05-21
672,2026-07-30,4,4,客户交付,已批准,加班费,2026-07-26
673,2025-11-25,2,2,客户交付,已批准,调休,2025-11-23
673,2025-12-02,4,4,月度结账,待审批,无,2025-12-01
673,2026-03-02,4,4,项目上线冲刺,已批准,调休,2026-02-28
673,2026-05-05,4,4,版本发布,已批准,加班费,2026-05-02
673,2026-07-30,4,,版本发布,已拒绝,无,2026-07-27
674,2025-12-09,4,4,月度结账,待审批,无,2025-12-08
674,2026-01-06,4,4,版本发布,已批准,加班费,2026-01-05
674,2026-02-13,8,8,客户交付,待审批,无,2026-02-11
674,2026-07-20,4,4,紧急故障处理,已批准,调休,2026-07-16
675,2025-11-24,2,2,版本发布,待审批,无,2025-11-20
675,2026-01-20,2,2,紧急故障处理,已批准,调休,2026-01-16
675,2026-03-24,4,4,项目上线冲刺,已批准,加班费,2026-03-20
675,2026-05-08,3,3,项目上线冲刺,已批准,调休,2026-05-06
675,2026-06-12,4,,版本发布,已拒绝,无,2026-06-11
676,2025-11-21,8,8,版本发布,已批准,加班费,2025-11-19
677,2025-11-19,8,8,季度盘点,已批准,调休,2025-11-14
677,2025-12-22,3,3,紧急故障处理,已批准,加班费,2025-12-17
677,2026-05-26,2,2,客户交付,已批准,加班费,2026-05-21
678,2025-12-31,4,4,版本发布,待审批,无,2025-12-27
679,2026-01-06,4,4,季度盘点,已批准,加班费,2026-01-05
679,2026-04-07,4,4,项目上线冲刺,已批准,加班费,2026-04-03
679,2026-05-29,4,4,季度盘点,已批准,调休,2026-05-26
679,2026-08-10,6,6,紧急故障处理,已批准,调休,2026-08-09
680,2026-03-10,4,4,紧急故障处理,已批准,调休,2026-03-06
680,2026-07-06,6,6,紧急故障处理,已批准,加班费,2026-07-01
680,2026-08-14,4,,项目上线冲刺,已拒绝,无,2026-08-09
682,2026-03-03,4,4,客户交付,待审批,无,2026-02-26
683,2026-06-17,4,4,月度结账,已批准,加班费,2026-06-15
683,2026-08-07,2,2,版本发布,待审批,无,2026-08-05
685,2025-12-25,6,6,季度盘点,已批准,加班费,2025-12-23
685,2026-04-13,6,6,客户交付,已批准,加班费,2026-04-11
686,2026-02-18,6,6,月度结账,已批准,加班费,2026-02-13
687,2026-05-20,4,4,版本发布,已批准,无,2026-05-16
688,2026-02-24,8,8,紧急故障处理,已批准,调休,2026-02-23
688,2026-04-07,4,4,紧急故障处理,已批准,加班费,2026-04-03
688,2026-05-14,2,2,客户交付,已批准,调休,2026-05-09
688,2026-06-17,6,6,客户交付,已批准,调休,2026-06-12
688,2026-07-06,6,6,项目上线冲刺,已批准,调休,2026-07-01
690,2026-04-21,6,6,版本发布,已批准,调休,2026-04-19
690,2026-05-15,3,,项目上线冲刺,已拒绝,无,2026-05-14
691,2026-04-24,3,3,紧急故障处理,已批准,无,2026-04-21
691,2026-06-18,8,8,季度盘点,已批准,加班费,2026-06-16
691,2026-07-24,6,6,项目上线冲刺,已批准,调休,2026-07-20
692,2026-03-12,8,8,月度结账,已批准,加班费,2026-03-07
692,2026-07-14,6,6,月度结账,已批准,加班费,2026-07-12
693,2026-03-17,6,6,月度结账,已批准,加班费,2026-03-14
694,2026-05-08,2,2,项目上线冲刺,已批准,调休,2026-05-03
696,2026-02-25,4,4,版本发布,已批准,调休,2026-02-22
697,2026-02-23,4,4,版本发布,已批准,加班费,2026-02-18
697,2026-06-04,3,3,紧急故障处理,已批准,加班费,2026-06-03
697,2026-07-03,2,2,紧急故障处理,已批准,调休,2026-07-02
697,2026-08-24,4,4,客户交付,已批准,调休,2026-08-21
698,2026-05-20,2,2,紧急故障处理,已批准,加班费,2026-05-17
698,2026-06-11,4,4,月度结账,已批准,调休,2026-06-06
698,2026-07-15,8,8,紧急故障处理,已批准,调休,2026-07-13
698,2026-08-18,2,2,季度盘点,已批准,调休,2026-08-16
699,2026-03-18,3,3,版本发布,已批准,加班费,2026-03-16
699,2026-06-02,8,8,客户交付,已批准,调休,2026-05-29
699,2026-08-20,8,8,月度结账,已批准,调休,2026-08-16
700,2026-03-04,4,4,版本发布,已批准,调休,2026-03-03
700,2026-05-26,2,2,紧急故障处理,已批准,加班费,2026-05-21
700,2026-07-02,3,3,紧急故障处理,已批准,加班费,2026-07-01
701,2026-08-03,4,4,月度结账,已批准,调休,2026-08-01
703,2026-04-01,6,6,紧急故障处理,已批准,调休,2026-03-27
704,2026-05-12,3,3,季度盘点,已批准,加班费,2026-05-07
704,2026-06-03,2,2,客户交付,已批准,调休,2026-06-01
705,2026-03-26,4,,月度结账,已拒绝,无,2026-03-24
705,2026-04-14,3,,月度结账,已拒绝,无,2026-04-12
705,2026-05-07,4,4,客户交付,待审批,无,2026-05-06
705,2026-06-22,4,4,项目上线冲刺,已批准,调休,2026-06-20
706,2026-04-16,2,2,紧急故障处理,已批准,无,2026-04-12
706,2026-06-11,4,4,季度盘点,已批准,调休,2026-06-08
707,2026-04-10,6,6,项目上线冲刺,已批准,调休,2026-04-06
708,2026-04-17,6,6,季度盘点,已批准,调休,2026-04-13
711,2026-07-10,4,4,紧急故障处理,已批准,调休,2026-07-06
712,2026-07-01,3,3,客户交付,已批准,调休,2026-06-26
713,2026-06-23,8,8,紧急故障处理,已批准,调休,2026-06-21
713,2026-08-06,8,8,紧急故障处理,已批准,加班费,2026-08-02
715,2026-06-23,3,3,项目上线冲刺,已批准,调休,2026-06-20
715,2026-07-17,2,2,项目上线冲刺,已批准,加班费,2026-07-15
716,2026-05-12,2,2,季度盘点,待审批,无,2026-05-11
716,2026-06-08,8,,项目上线冲刺,已拒绝,无,2026-06-03
716,2026-07-29,3,3,季度盘点,已批准,调休,2026-07-25
717,2026-04-24,6,6,客户交付,已批准,加班费,2026-04-21
717,2026-05-08,2,2,季度盘点,已批准,调休,2026-05-07
717,2026-08-10,2,2,月度结账,已批准,调休,2026-08-05
718,2026-06-19,3,3,版本发布,已批准,调休,2026-06-16
719,2026-06-10,6,,紧急故障处理,已拒绝,无,2026-06-08
720,2026-05-25,4,4,紧急故障处理,待审批,无,2026-05-21
720,2026-07-06,3,,版本发布,已拒绝,无,2026-07-03
721,2026-06-18,6,6,月度结账,已批准,无,2026-06-15
721,2026-08-03,8,8,季度盘点,已批准,调休,2026-07-31
722,2026-03-31,8,8,项目上线冲刺,待审批,无,2026-03-29
723,2026-04-16,3,3,客户交付,已批准,调休,2026-04-13
723,2026-06-04,3,3,紧急故障处理,已批准,无,2026-05-31
723,2026-08-25,4,4,紧急故障处理,已批准,加班费,2026-08-23
724,2026-04-23,2,2,月度结账,已批准,调休,2026-04-22
724,2026-05-14,4,4,项目上线冲刺,已批准,加班费,2026-05-13
724,2026-07-29,2,2,版本发布,已批准,调休,2026-07-27
726,2026-05-12,2,2,客户交付,已批准,调休,2026-05-09
728,2026-04-07,4,4,紧急故障处理,已批准,调休,2026-04-04
729,2026-05-05,4,4,紧急故障处理,已批准,加班费,2026-05-01
729,2026-08-27,2,2,月度结账,已批准,调休,2026-08-25
730,2026-06-05,4,4,项目上线冲刺,已批准,调休,2026-06-04
730,2026-07-28,2,2,客户交付,已批准,调休,2026-07-27
732,2026-04-17,2,2,客户交付,已批准,加班费,2026-04-15
732,2026-07-22,6,6,月度结账,已批准,调休,2026-07-17
733,2026-08-21,4,,月度结账,已拒绝,无,2026-08-19
734,2026-05-28,3,3,紧急故障处理,已批准,调休,2026-05-25
734,2026-07-09,8,8,月度结账,已批准,加班费,2026-07-06
735,2026-05-18,2,2,月度结账,已批准,调休,2026-05-14
735,2026-07-21,2,2,项目上线冲刺,已批准,调休,2026-07-17
735,2026-08-12,4,4,版本发布,已批准,调休,2026-08-10
736,2026-05-28,4,,版本发布,已拒绝,无,2026-05-25
736,2026-07-13,4,4,客户交付,待审批,无,2026-07-11
738,2026-06-17,6,6,版本发布,已批准,调休,2026-06-12
738,2026-07-20,8,8,客户交付,待审批,无,2026-07-16
741,2026-06-03,4,4,项目上线冲刺,已批准,调休,2026-05-30
741,2026-07-31,3,3,项目上线冲刺,已批准,调休,2026-07-27
742,2026-07-09,4,4,客户交付,已批准,加班费,2026-07-07
743,2026-04-28,3,3,月度结账,已批准,加班费,2026-04-24
743,2026-05-11,8,8,月度结账,已批准,调休,2026-05-06
743,2026-07-03,3,3,月度结账,已批准,调休,2026-07-01
747,2026-08-06,6,6,紧急故障处理,已批准,加班费,2026-08-04
749,2026-08-21,4,4,季度盘点,已批准,加班费,2026-08-16
751,2026-07-02,4,4,月度结账,已批准,加班费,2026-06-29
751,2026-08-14,8,8,月度结账,已批准,加班费,2026-08-10
754,2026-05-22,6,6,月度结账,已批准,加班费,2026-05-19
754,2026-08-31,4,4,项目上线冲刺,已批准,调休,2026-08-27
755,2026-05-26,8,8,季度盘点,已批准,调休,2026-05-25
755,2026-07-02,2,2,月度结账,已批准,调休,2026-06-29
757,2026-07-16,4,4,客户交付,已批准,调休,2026-07-11
761,2026-07-03,8,8,紧急故障处理,已批准,调休,2026-06-28
765,2026-07-13,4,4,客户交付,已批准,加班费,2026-07-10
766,2026-08-25,4,4,客户交付,已批准,加班费,2026-08-23
769,2026-08-05,2,2,月度结账,已批准,调休,2026-07-31
772,2026-08-31,4,4,季度盘点,已批准,加班费,2026-08-30
773,2026-08-18,3,,版本发布,已拒绝,无,2026-08-17
775,2026-07-14,4,4,月度结账,已批准,调休,2026-07-09
777,2026-07-24,8,8,月度结账,已批准,调休,2026-07-20
777,2026-08-10,4,4,版本发布,已批准,加班费,2026-08-09
786,2026-08-21,2,2,版本发布,已批准,加班费,2026-08-16
