emp_id,review_period,goal_type,goal_desc,weight,completion_pct
1,2024H1,OKR,关键差错率为0,40,15.7
1,2024H1,KPI,输出流程优化提案≥1项,30,27.2
1,2024H1,KPI,季度关键任务按期交付,30,36.4
2,2024H1,KPI,核心模块交付及时率≥95%,50,51.4
2,2024H1,OKR,带教1名新成员通过转正,20,37.6
2,2024H1,KPI,线上故障数同比下降20%,30,42.9
3,2024H1,OKR,线上故障数同比下降20%,20,54.4
3,2024H1,KPI,带教1名新成员通过转正,30,41.5
3,2024H1,OKR,核心模块交付及时率≥95%,50,64.1
4,2024H1,KPI,跨部门协作满意度≥4分,30,85.2
4,2024H1,OKR,完成专业分享≥2次,20,79.7
4,2024H1,KPI,关键差错率为0,30,72.8
4,2024H1,KPI,输出流程优化提案≥1项,20,85.0
5,2024H1,KPI,季度关键任务按期交付,60,43.9
5,2024H1,KPI,关键差错率为0,40,52.8
6,2024H1,OKR,输出流程优化提案≥1项,20,32.7
6,2024H1,KPI,跨部门协作满意度≥4分,30,45.4
6,2024H1,KPI,完成专业分享≥2次,10,55.9
6,2024H1,KPI,季度关键任务按期交付,40,59.4
7,2024H1,KPI,输出流程优化提案≥1项,30,56.7
7,2024H1,OKR,跨部门协作满意度≥4分,40,56.6
7,2024H1,KPI,完成专业分享≥2次,10,68.5
7,2024H1,KPI,关键差错率为0,20,70.9
9,2024H1,KPI,关键差错率为0,20,50.5
9,2024H1,OKR,跨部门协作满意度≥4分,30,50.0
9,2024H1,KPI,季度关键任务按期交付,20,41.4
9,2024H1,KPI,完成专业分享≥2次,30,36.7
10,2024H1,KPI,季度关键任务按期交付,60,53.4
10,2024H1,KPI,输出流程优化提案≥1项,10,47.2
10,2024H1,KPI,关键差错率为0,30,57.7
11,2024H1,OKR,带教1名新成员通过转正,50,55.3
11,2024H1,KPI,线上故障数同比下降20%,50,77.3
12,2024H1,KPI,带教1名新成员通过转正,20,61.9
12,2024H1,OKR,核心模块交付及时率≥95%,30,52.1
12,2024H1,KPI,线上故障数同比下降20%,50,53.9
15,2024H1,KPI,完成关键技术方案设计并通过评审,70,59.4
15,2024H1,OKR,核心模块交付及时率≥95%,30,61.9
16,2024H1,KPI,季度销售目标达成率≥90%,50,60.8
16,2024H1,KPI,老客户续约率≥85%,50,59.9
17,2024H1,KPI,完成专业分享≥2次,50,58.1
17,2024H1,KPI,关键差错率为0,50,40.1
19,2024H1,KPI,完成专业分享≥2次,40,79.4
19,2024H1,KPI,季度关键任务按期交付,60,80.6
21,2024H1,OKR,完成专业分享≥2次,60,61.7
21,2024H1,KPI,输出流程优化提案≥1项,20,65.1
21,2024H1,OKR,季度关键任务按期交付,20,57.7
23,2024H1,KPI,季度关键任务按期交付,50,54.3
23,2024H1,KPI,关键差错率为0,50,64.8
24,2024H1,KPI,季度关键任务按期交付,50,75.5
24,2024H1,OKR,输出流程优化提案≥1项,20,57.5
24,2024H1,KPI,关键差错率为0,30,64.9
25,2024H1,OKR,跨部门协作满意度≥4分,50,70.5
25,2024H1,KPI,季度关键任务按期交付,20,58.8
25,2024H1,OKR,关键差错率为0,30,56.5
27,2024H1,KPI,输出流程优化提案≥1项,40,71.2
27,2024H1,KPI,跨部门协作满意度≥4分,60,72.7
28,2024H1,KPI,完成关键技术方案设计并通过评审,20,68.5
28,2024H1,KPI,核心模块交付及时率≥95%,30,87.0
28,2024H1,KPI,线上故障数同比下降20%,50,92.1
29,2024H1,OKR,完成关键技术方案设计并通过评审,20,76.5
29,2024H1,KPI,线上故障数同比下降20%,30,68.7
29,2024H1,OKR,核心模块交付及时率≥95%,50,97.9
31,2024H1,OKR,关键差错率为0,40,80.2
31,2024H1,OKR,输出流程优化提案≥1项,60,90.8
33,2024H1,KPI,完成关键技术方案设计并通过评审,60,55.7
33,2024H1,KPI,线上故障数同比下降20%,40,71.5
34,2024H1,KPI,跨部门协作满意度≥4分,30,46.8
34,2024H1,KPI,关键差错率为0,20,60.1
34,2024H1,KPI,完成专业分享≥2次,20,47.5
34,2024H1,KPI,季度关键任务按期交付,30,53.9
35,2024H1,KPI,完成专业分享≥2次,50,68.5
35,2024H1,KPI,季度关键任务按期交付,30,79.4
35,2024H1,KPI,输出流程优化提案≥1项,20,60.5
36,2024H1,KPI,关键差错率为0,20,47.8
36,2024H1,KPI,跨部门协作满意度≥4分,10,31.0
36,2024H1,KPI,输出流程优化提案≥1项,50,43.5
36,2024H1,KPI,完成专业分享≥2次,20,48.1
38,2024H1,KPI,完成专业分享≥2次,60,65.5
38,2024H1,KPI,输出流程优化提案≥1项,40,76.4
40,2024H1,KPI,回款及时率≥95%,40,80.7
40,2024H1,KPI,季度销售目标达成率≥90%,60,84.8
41,2024H1,OKR,输出流程优化提案≥1项,50,98.0
41,2024H1,KPI,关键差错率为0,50,88.3
42,2024H1,KPI,老客户续约率≥85%,70,33.1
42,2024H1,KPI,新客户开发≥5家,20,36.4
42,2024H1,OKR,回款及时率≥95%,10,44.6
44,2024H1,KPI,带教1名新成员通过转正,40,87.9
44,2024H1,KPI,核心模块交付及时率≥95%,30,87.0
44,2024H1,KPI,完成关键技术方案设计并通过评审,30,67.0
46,2024H1,OKR,季度销售目标达成率≥90%,30,93.2
46,2024H1,KPI,新客户开发≥5家,70,93.4
47,2024H1,KPI,完成关键技术方案设计并通过评审,50,78.5
47,2024H1,KPI,核心模块交付及时率≥95%,50,92.3
48,2024H1,KPI,新客户开发≥5家,50,54.3
48,2024H1,KPI,回款及时率≥95%,20,74.6
48,2024H1,KPI,季度销售目标达成率≥90%,10,68.2
48,2024H1,OKR,老客户续约率≥85%,20,80.7
49,2024H1,KPI,季度关键任务按期交付,20,22.9
49,2024H1,KPI,关键差错率为0,20,34.1
49,2024H1,KPI,完成专业分享≥2次,20,21.2
49,2024H1,KPI,跨部门协作满意度≥4分,40,36.2
50,2024H1,KPI,跨部门协作满意度≥4分,50,67.8
50,2024H1,KPI,季度关键任务按期交付,30,86.7
50,2024H1,KPI,关键差错率为0,20,48.0
52,2024H1,OKR,老客户续约率≥85%,50,75.0
52,2024H1,KPI,季度销售目标达成率≥90%,50,50.1
53,2024H1,KPI,完成专业分享≥2次,40,50.0
53,2024H1,OKR,季度关键任务按期交付,40,37.4
53,2024H1,OKR,跨部门协作满意度≥4分,20,28.1
54,2024H1,KPI,关键差错率为0,60,67.4
54,2024H1,KPI,输出流程优化提案≥1项,40,56.4
56,2024H1,KPI,线上故障数同比下降20%,40,61.4
56,2024H1,KPI,完成关键技术方案设计并通过评审,60,39.2
57,2024H1,OKR,输出流程优化提案≥1项,40,54.0
57,2024H1,KPI,关键差错率为0,40,70.5
57,2024H1,KPI,跨部门协作满意度≥4分,20,53.3
58,2024H1,KPI,带教1名新成员通过转正,10,79.2
58,2024H1,OKR,完成关键技术方案设计并通过评审,20,71.7
58,2024H1,KPI,核心模块交付及时率≥95%,20,70.5
58,2024H1,KPI,线上故障数同比下降20%,50,77.3
59,2024H1,KPI,关键差错率为0,40,65.4
59,2024H1,KPI,跨部门协作满意度≥4分,20,82.1
59,2024H1,KPI,完成专业分享≥2次,20,70.7
59,2024H1,KPI,输出流程优化提案≥1项,20,70.8
60,2024H1,OKR,季度关键任务按期交付,60,69.5
60,2024H1,KPI,跨部门协作满意度≥4分,40,61.2
63,2024H1,OKR,关键差错率为0,50,66.2
63,2024H1,KPI,输出流程优化提案≥1项,50,58.8
64,2024H1,OKR,老客户续约率≥85%,60,77.3
64,2024H1,OKR,回款及时率≥95%,40,78.2
65,2024H1,KPI,季度关键任务按期交付,50,78.5
65,2024H1,KPI,完成专业分享≥2次,30,77.6
65,2024H1,KPI,关键差错率为0,20,71.3
66,2024H1,KPI,线上故障数同比下降20%,20,84.2
66,2024H1,OKR,完成关键技术方案设计并通过评审,20,100
66,2024H1,KPI,核心模块交付及时率≥95%,40,63.5
66,2024H1,KPI,带教1名新成员通过转正,20,72.1
67,2024H1,KPI,带教1名新成员通过转正,30,36.9
67,2024H1,KPI,线上故障数同比下降20%,40,60.5
67,2024H1,KPI,完成关键技术方案设计并通过评审,30,47.3
70,2024H1,KPI,输出流程优化提案≥1项,50,40.2
70,2024H1,KPI,关键差错率为0,50,65.9
73,2024H1,KPI,关键差错率为0,40,45.5
73,2024H1,OKR,季度关键任务按期交付,20,45.3
73,2024H1,KPI,完成专业分享≥2次,20,40.3
73,2024H1,KPI,输出流程优化提案≥1项,20,55.1
74,2024H1,OKR,线上故障数同比下降20%,20,99.4
74,2024H1,OKR,核心模块交付及时率≥95%,60,79.8
74,2024H1,KPI,带教1名新成员通过转正,20,81.9
75,2024H1,OKR,核心模块交付及时率≥95%,30,59.0
75,2024H1,KPI,带教1名新成员通过转正,30,60.2
75,2024H1,KPI,线上故障数同比下降20%,10,73.7
75,2024H1,KPI,完成关键技术方案设计并通过评审,30,61.3
76,2024H1,KPI,核心模块交付及时率≥95%,10,54.0
76,2024H1,KPI,带教1名新成员通过转正,60,59.2
76,2024H1,OKR,线上故障数同比下降20%,20,45.7
76,2024H1,KPI,完成关键技术方案设计并通过评审,10,49.3
79,2024H1,OKR,季度销售目标达成率≥90%,50,100
79,2024H1,KPI,老客户续约率≥85%,50,78.5
80,2024H1,OKR,完成专业分享≥2次,20,68.3
80,2024H1,OKR,跨部门协作满意度≥4分,30,51.6
80,2024H1,KPI,季度关键任务按期交付,30,73.2
80,2024H1,KPI,输出流程优化提案≥1项,20,79.0
82,2024H1,OKR,线上故障数同比下降20%,40,61.7
82,2024H1,KPI,完成关键技术方案设计并通过评审,20,62.3
82,2024H1,OKR,带教1名新成员通过转正,40,69.7
84,2024H1,KPI,季度销售目标达成率≥90%,30,59.5
84,2024H1,KPI,新客户开发≥5家,70,47.6
85,2024H1,OKR,核心模块交付及时率≥95%,60,51.1
85,2024H1,OKR,完成关键技术方案设计并通过评审,40,66.6
86,2024H1,KPI,关键差错率为0,20,78.5
86,2024H1,OKR,输出流程优化提案≥1项,30,58.4
86,2024H1,OKR,季度关键任务按期交付,30,53.2
86,2024H1,KPI,跨部门协作满意度≥4分,20,86.6
87,2024H1,KPI,带教1名新成员通过转正,50,66.5
87,2024H1,KPI,完成关键技术方案设计并通过评审,50,54.2
88,2024H1,KPI,线上故障数同比下降20%,30,35.1
88,2024H1,KPI,完成关键技术方案设计并通过评审,30,62.4
88,2024H1,KPI,核心模块交付及时率≥95%,40,36.3
91,2024H1,KPI,完成专业分享≥2次,20,50.4
91,2024H1,OKR,关键差错率为0,30,77.8
91,2024H1,KPI,输出流程优化提案≥1项,30,33.6
91,2024H1,KPI,季度关键任务按期交付,20,49.2
92,2024H1,OKR,带教1名新成员通过转正,30,93.4
92,2024H1,OKR,线上故障数同比下降20%,70,91.8
93,2024H1,KPI,线上故障数同比下降20%,80,54.4
93,2024H1,OKR,完成关键技术方案设计并通过评审,20,88.2
95,2024H1,KPI,核心模块交付及时率≥95%,30,47.2
95,2024H1,KPI,线上故障数同比下降20%,30,36.2
95,2024H1,OKR,完成关键技术方案设计并通过评审,40,38.6
97,2024H1,OKR,季度销售目标达成率≥90%,30,51.8
97,2024H1,OKR,老客户续约率≥85%,20,70.3
97,2024H1,OKR,回款及时率≥95%,50,78.8
98,2024H1,OKR,核心模块交付及时率≥95%,20,58.4
98,2024H1,KPI,带教1名新成员通过转正,30,87.0
98,2024H1,OKR,完成关键技术方案设计并通过评审,20,71.5
98,2024H1,OKR,线上故障数同比下降20%,30,65.2
99,2024H1,KPI,季度销售目标达成率≥90%,50,76.9
99,2024H1,KPI,老客户续约率≥85%,50,64.2
100,2024H1,KPI,回款及时率≥95%,30,80.0
100,2024H1,KPI,季度销售目标达成率≥90%,40,74.5
100,2024H1,KPI,新客户开发≥5家,30,88.1
101,2024H1,KPI,线上故障数同比下降20%,10,59.7
101,2024H1,OKR,完成关键技术方案设计并通过评审,10,55.8
101,2024H1,OKR,核心模块交付及时率≥95%,30,64.5
101,2024H1,KPI,带教1名新成员通过转正,50,52.8
102,2024H1,KPI,跨部门协作满意度≥4分,50,66.4
102,2024H1,OKR,关键差错率为0,50,59.6
103,2024H1,KPI,完成关键技术方案设计并通过评审,30,60.2
103,2024H1,KPI,核心模块交付及时率≥95%,70,82.1
104,2024H1,OKR,关键差错率为0,30,83.1
104,2024H1,KPI,完成专业分享≥2次,20,95.7
104,2024H1,KPI,输出流程优化提案≥1项,40,69.5
104,2024H1,KPI,跨部门协作满意度≥4分,10,52.9
105,2024H1,OKR,回款及时率≥95%,60,55.4
105,2024H1,KPI,新客户开发≥5家,40,82.4
107,2024H1,OKR,新客户开发≥5家,40,73.3
107,2024H1,KPI,季度销售目标达成率≥90%,40,70.1
107,2024H1,KPI,老客户续约率≥85%,10,63.9
107,2024H1,KPI,回款及时率≥95%,10,64.6
108,2024H1,OKR,季度关键任务按期交付,30,49.0
108,2024H1,KPI,跨部门协作满意度≥4分,30,50.2
108,2024H1,OKR,输出流程优化提案≥1项,40,60.5
109,2024H1,KPI,完成关键技术方案设计并通过评审,10,86.0
109,2024H1,KPI,线上故障数同比下降20%,40,77.2
109,2024H1,OKR,核心模块交付及时率≥95%,20,80.9
109,2024H1,KPI,带教1名新成员通过转正,30,85.2
110,2024H1,KPI,线上故障数同比下降20%,30,66.9
110,2024H1,KPI,完成关键技术方案设计并通过评审,30,67.7
110,2024H1,OKR,带教1名新成员通过转正,20,39.1
110,2024H1,OKR,核心模块交付及时率≥95%,20,71.4
111,2024H1,KPI,完成关键技术方案设计并通过评审,70,68.9
111,2024H1,KPI,核心模块交付及时率≥95%,30,71.0
112,2024H1,OKR,季度销售目标达成率≥90%,40,83.4
112,2024H1,OKR,回款及时率≥95%,10,76.7
112,2024H1,KPI,新客户开发≥5家,30,60.2
112,2024H1,KPI,老客户续约率≥85%,20,53.8
113,2024H1,OKR,完成专业分享≥2次,60,75.7
113,2024H1,KPI,季度关键任务按期交付,40,95.1
114,2024H1,KPI,跨部门协作满意度≥4分,50,70.1
114,2024H1,KPI,完成专业分享≥2次,10,79.1
114,2024H1,KPI,输出流程优化提案≥1项,40,81.6
115,2024H1,KPI,核心模块交付及时率≥95%,40,47.1
115,2024H1,OKR,带教1名新成员通过转正,60,79.3
116,2024H1,KPI,完成专业分享≥2次,20,71.2
116,2024H1,OKR,季度关键任务按期交付,30,79.7
116,2024H1,OKR,输出流程优化提案≥1项,30,72.6
116,2024H1,KPI,跨部门协作满意度≥4分,20,85.6
117,2024H1,KPI,带教1名新成员通过转正,50,44.0
117,2024H1,OKR,核心模块交付及时率≥95%,20,40.2
117,2024H1,KPI,完成关键技术方案设计并通过评审,20,66.3
117,2024H1,OKR,线上故障数同比下降20%,10,39.1
120,2024H1,KPI,带教1名新成员通过转正,30,61.7
120,2024H1,KPI,核心模块交付及时率≥95%,20,71.3
120,2024H1,KPI,线上故障数同比下降20%,20,67.5
120,2024H1,KPI,完成关键技术方案设计并通过评审,30,75.3
121,2024H1,KPI,输出流程优化提案≥1项,40,89.8
121,2024H1,KPI,完成专业分享≥2次,30,71.5
121,2024H1,KPI,关键差错率为0,30,77.7
122,2024H1,KPI,线上故障数同比下降20%,50,37.7
122,2024H1,KPI,核心模块交付及时率≥95%,50,88.2
123,2024H1,KPI,带教1名新成员通过转正,30,71.4
123,2024H1,OKR,完成关键技术方案设计并通过评审,70,61.6
124,2024H1,KPI,季度关键任务按期交付,40,67.2
124,2024H1,KPI,输出流程优化提案≥1项,30,73.2
124,2024H1,KPI,完成专业分享≥2次,30,61.1
126,2024H1,KPI,核心模块交付及时率≥95%,20,40.4
126,2024H1,KPI,线上故障数同比下降20%,10,52.8
126,2024H1,KPI,完成关键技术方案设计并通过评审,40,59.4
126,2024H1,OKR,带教1名新成员通过转正,30,74.4
127,2024H1,OKR,新客户开发≥5家,20,84.8
127,2024H1,KPI,老客户续约率≥85%,30,79.4
127,2024H1,KPI,季度销售目标达成率≥90%,50,80.9
128,2024H1,OKR,完成专业分享≥2次,40,63.3
128,2024H1,KPI,跨部门协作满意度≥4分,10,58.5
128,2024H1,OKR,季度关键任务按期交付,50,61.3
129,2024H1,KPI,跨部门协作满意度≥4分,30,83.8
129,2024H1,KPI,完成专业分享≥2次,20,95.5
129,2024H1,OKR,季度关键任务按期交付,20,87.6
129,2024H1,OKR,输出流程优化提案≥1项,30,97.0
132,2024H1,KPI,完成关键技术方案设计并通过评审,30,58.7
132,2024H1,OKR,线上故障数同比下降20%,30,70.3
132,2024H1,OKR,带教1名新成员通过转正,10,85.6
132,2024H1,OKR,核心模块交付及时率≥95%,30,72.5
133,2024H1,OKR,新客户开发≥5家,40,77.3
133,2024H1,OKR,回款及时率≥95%,60,81.8
134,2024H1,KPI,完成关键技术方案设计并通过评审,30,86.4
134,2024H1,KPI,带教1名新成员通过转正,70,81.2
135,2024H1,KPI,新客户开发≥5家,20,58.4
135,2024H1,OKR,回款及时率≥95%,10,49.9
135,2024H1,KPI,老客户续约率≥85%,30,64.7
135,2024H1,OKR,季度销售目标达成率≥90%,40,52.6
137,2024H1,KPI,完成专业分享≥2次,60,84.4
137,2024H1,KPI,关键差错率为0,40,66.9
138,2024H1,OKR,关键差错率为0,70,59.8
138,2024H1,KPI,完成专业分享≥2次,30,69.9
139,2024H1,KPI,完成专业分享≥2次,30,53.1
139,2024H1,KPI,季度关键任务按期交付,20,83.8
139,2024H1,KPI,关键差错率为0,50,74.2
141,2024H1,OKR,季度关键任务按期交付,70,52.7
141,2024H1,OKR,跨部门协作满意度≥4分,30,42.8
142,2024H1,KPI,关键差错率为0,40,56.6
142,2024H1,KPI,季度关键任务按期交付,60,47.7
143,2024H1,KPI,关键差错率为0,50,64.0
143,2024H1,KPI,跨部门协作满意度≥4分,50,100
144,2024H1,OKR,关键差错率为0,50,74.8
144,2024H1,OKR,输出流程优化提案≥1项,10,60.2
144,2024H1,KPI,季度关键任务按期交付,30,72.5
144,2024H1,KPI,跨部门协作满意度≥4分,10,71.1
146,2024H1,KPI,带教1名新成员通过转正,50,48.8
146,2024H1,KPI,完成关键技术方案设计并通过评审,50,57.1
147,2024H1,KPI,完成关键技术方案设计并通过评审,30,40.5
147,2024H1,KPI,线上故障数同比下降20%,10,27.4
147,2024H1,KPI,核心模块交付及时率≥95%,20,45.4
147,2024H1,KPI,带教1名新成员通过转正,40,33.0
148,2024H1,OKR,线上故障数同比下降20%,50,70.3
148,2024H1,KPI,带教1名新成员通过转正,10,55.2
148,2024H1,OKR,核心模块交付及时率≥95%,20,72.7
148,2024H1,KPI,完成关键技术方案设计并通过评审,20,50.6
149,2024H1,KPI,回款及时率≥95%,20,46.9
149,2024H1,OKR,新客户开发≥5家,20,75.3
149,2024H1,KPI,老客户续约率≥85%,40,73.2
149,2024H1,KPI,季度销售目标达成率≥90%,20,65.6
150,2024H1,KPI,输出流程优化提案≥1项,20,70.8
150,2024H1,KPI,季度关键任务按期交付,30,66.3
150,2024H1,KPI,跨部门协作满意度≥4分,30,79.1
150,2024H1,KPI,关键差错率为0,20,52.2
151,2024H1,KPI,跨部门协作满意度≥4分,30,33.2
151,2024H1,KPI,完成专业分享≥2次,40,53.0
151,2024H1,KPI,输出流程优化提案≥1项,30,49.3
154,2024H1,OKR,季度销售目标达成率≥90%,60,69.8
154,2024H1,OKR,老客户续约率≥85%,40,89.2
156,2024H1,KPI,季度关键任务按期交付,20,78.9
156,2024H1,KPI,跨部门协作满意度≥4分,20,63.7
156,2024H1,KPI,输出流程优化提案≥1项,50,65.2
156,2024H1,KPI,关键差错率为0,10,88.3
157,2024H1,KPI,完成关键技术方案设计并通过评审,30,75.7
157,2024H1,KPI,核心模块交付及时率≥95%,30,61.3
157,2024H1,KPI,线上故障数同比下降20%,10,47.0
157,2024H1,KPI,带教1名新成员通过转正,30,65.5
158,2024H1,KPI,回款及时率≥95%,50,86.8
158,2024H1,KPI,季度销售目标达成率≥90%,10,79.8
158,2024H1,OKR,新客户开发≥5家,40,83.4
160,2024H1,KPI,完成专业分享≥2次,30,63.3
160,2024H1,OKR,关键差错率为0,30,56.1
160,2024H1,KPI,输出流程优化提案≥1项,20,73.0
160,2024H1,KPI,跨部门协作满意度≥4分,20,71.6
161,2024H1,KPI,线上故障数同比下降20%,30,78.5
161,2024H1,KPI,完成关键技术方案设计并通过评审,40,52.2
161,2024H1,OKR,核心模块交付及时率≥95%,30,77.2
162,2024H1,KPI,输出流程优化提案≥1项,30,75.0
162,2024H1,OKR,季度关键任务按期交付,40,85.1
162,2024H1,KPI,完成专业分享≥2次,30,100
164,2024H1,OKR,老客户续约率≥85%,10,77.1
164,2024H1,KPI,新客户开发≥5家,30,86.3
164,2024H1,KPI,回款及时率≥95%,30,100
164,2024H1,KPI,季度销售目标达成率≥90%,30,80.9
165,2024H1,KPI,输出流程优化提案≥1项,30,75.6
165,2024H1,KPI,季度关键任务按期交付,20,73.9
165,2024H1,KPI,关键差错率为0,40,99.7
165,2024H1,KPI,完成专业分享≥2次,10,89.6
166,2024H1,OKR,核心模块交付及时率≥95%,10,48.3
166,2024H1,OKR,带教1名新成员通过转正,20,85.2
166,2024H1,KPI,完成关键技术方案设计并通过评审,70,91.2
167,2024H1,OKR,线上故障数同比下降20%,20,77.6
167,2024H1,KPI,核心模块交付及时率≥95%,60,66.6
167,2024H1,KPI,带教1名新成员通过转正,10,62.5
167,2024H1,KPI,完成关键技术方案设计并通过评审,10,49.4
168,2024H1,KPI,完成专业分享≥2次,40,78.0
168,2024H1,OKR,季度关键任务按期交付,20,99.4
168,2024H1,OKR,跨部门协作满意度≥4分,20,88.4
168,2024H1,KPI,输出流程优化提案≥1项,20,80.2
169,2024H1,OKR,老客户续约率≥85%,30,76.1
169,2024H1,KPI,新客户开发≥5家,70,68.1
171,2024H1,KPI,输出流程优化提案≥1项,40,64.7
171,2024H1,KPI,季度关键任务按期交付,10,59.9
171,2024H1,KPI,完成专业分享≥2次,40,79.4
171,2024H1,KPI,跨部门协作满意度≥4分,10,57.6
174,2024H1,KPI,季度关键任务按期交付,60,66.4
174,2024H1,OKR,关键差错率为0,20,63.0
174,2024H1,OKR,完成专业分享≥2次,20,63.0
176,2024H1,KPI,回款及时率≥95%,20,79.1
176,2024H1,KPI,季度销售目标达成率≥90%,50,67.3
176,2024H1,KPI,老客户续约率≥85%,30,87.1
177,2024H1,KPI,跨部门协作满意度≥4分,30,80.2
177,2024H1,OKR,关键差错率为0,40,100
177,2024H1,OKR,季度关键任务按期交付,30,81.5
178,2024H1,KPI,新客户开发≥5家,40,96.0
178,2024H1,KPI,回款及时率≥95%,30,60.8
178,2024H1,KPI,季度销售目标达成率≥90%,30,64.1
179,2024H1,KPI,输出流程优化提案≥1项,40,82.4
179,2024H1,KPI,跨部门协作满意度≥4分,30,75.2
179,2024H1,KPI,季度关键任务按期交付,30,86.7
180,2024H1,OKR,回款及时率≥95%,30,96.3
180,2024H1,OKR,老客户续约率≥85%,10,93.1
180,2024H1,KPI,新客户开发≥5家,30,79.2
180,2024H1,KPI,季度销售目标达成率≥90%,30,71.3
181,2024H1,KPI,跨部门协作满意度≥4分,40,81.7
181,2024H1,KPI,输出流程优化提案≥1项,50,78.7
181,2024H1,KPI,季度关键任务按期交付,10,84.3
182,2024H1,KPI,关键差错率为0,30,30.5
182,2024H1,KPI,跨部门协作满意度≥4分,20,80.2
182,2024H1,OKR,完成专业分享≥2次,40,43.3
182,2024H1,KPI,季度关键任务按期交付,10,88.2
183,2024H1,KPI,季度关键任务按期交付,30,45.2
183,2024H1,OKR,完成专业分享≥2次,30,50.8
183,2024H1,OKR,输出流程优化提案≥1项,40,60.2
184,2024H1,KPI,跨部门协作满意度≥4分,20,79.8
184,2024H1,KPI,关键差错率为0,20,63.0
184,2024H1,KPI,季度关键任务按期交付,10,100
184,2024H1,KPI,输出流程优化提案≥1项,50,85.9
186,2024H1,KPI,老客户续约率≥85%,30,96.3
186,2024H1,OKR,季度销售目标达成率≥90%,50,83.8
186,2024H1,KPI,回款及时率≥95%,20,63.9
187,2024H1,KPI,核心模块交付及时率≥95%,20,77.2
187,2024H1,OKR,带教1名新成员通过转正,20,41.5
187,2024H1,KPI,线上故障数同比下降20%,20,61.3
187,2024H1,KPI,完成关键技术方案设计并通过评审,40,66.5
188,2024H1,OKR,季度关键任务按期交付,50,77.3
188,2024H1,KPI,输出流程优化提案≥1项,50,71.4
190,2024H1,KPI,带教1名新成员通过转正,20,21.6
190,2024H1,KPI,核心模块交付及时率≥95%,20,34.7
190,2024H1,KPI,完成关键技术方案设计并通过评审,40,48.1
190,2024H1,KPI,线上故障数同比下降20%,20,53.7
191,2024H1,KPI,季度关键任务按期交付,30,64.6
191,2024H1,OKR,输出流程优化提案≥1项,40,28.5
191,2024H1,KPI,完成专业分享≥2次,20,39.2
191,2024H1,OKR,跨部门协作满意度≥4分,10,59.3
193,2024H1,KPI,关键差错率为0,30,65.8
193,2024H1,KPI,季度关键任务按期交付,70,77.7
194,2024H1,KPI,完成关键技术方案设计并通过评审,40,93.3
194,2024H1,OKR,带教1名新成员通过转正,20,86.5
194,2024H1,OKR,核心模块交付及时率≥95%,10,71.3
194,2024H1,OKR,线上故障数同比下降20%,30,73.0
195,2024H1,KPI,老客户续约率≥85%,40,70.3
195,2024H1,KPI,新客户开发≥5家,30,74.5
195,2024H1,KPI,季度销售目标达成率≥90%,30,46.9
196,2024H1,KPI,关键差错率为0,20,35.5
196,2024H1,KPI,输出流程优化提案≥1项,10,60.3
196,2024H1,OKR,季度关键任务按期交付,50,24.3
196,2024H1,KPI,跨部门协作满意度≥4分,20,18.8
197,2024H1,KPI,季度销售目标达成率≥90%,10,51.9
197,2024H1,OKR,老客户续约率≥85%,50,59.7
197,2024H1,KPI,回款及时率≥95%,40,76.6
199,2024H1,OKR,完成专业分享≥2次,50,64.3
199,2024H1,KPI,关键差错率为0,50,61.0
200,2024H1,KPI,完成专业分享≥2次,20,57.9
200,2024H1,KPI,输出流程优化提案≥1项,20,60.5
200,2024H1,KPI,跨部门协作满意度≥4分,20,60.5
200,2024H1,OKR,关键差错率为0,40,31.1
201,2024H1,KPI,新客户开发≥5家,10,68.4
201,2024H1,KPI,老客户续约率≥85%,30,59.5
201,2024H1,KPI,季度销售目标达成率≥90%,30,88.7
201,2024H1,KPI,回款及时率≥95%,30,74.8
202,2024H1,KPI,完成专业分享≥2次,50,69.9
202,2024H1,KPI,输出流程优化提案≥1项,50,82.4
203,2024H1,OKR,核心模块交付及时率≥95%,40,78.7
203,2024H1,KPI,完成关键技术方案设计并通过评审,60,78.1
205,2024H1,OKR,完成关键技术方案设计并通过评审,50,81.0
205,2024H1,KPI,核心模块交付及时率≥95%,50,50.9
206,2024H1,KPI,完成关键技术方案设计并通过评审,60,59.0
206,2024H1,KPI,线上故障数同比下降20%,40,92.4
207,2024H1,KPI,关键差错率为0,40,52.1
207,2024H1,KPI,输出流程优化提案≥1项,30,58.4
207,2024H1,KPI,跨部门协作满意度≥4分,20,41.5
207,2024H1,KPI,完成专业分享≥2次,10,35.3
208,2024H1,KPI,完成专业分享≥2次,20,66.4
208,2024H1,KPI,季度关键任务按期交付,10,77.8
208,2024H1,KPI,输出流程优化提案≥1项,50,76.7
208,2024H1,OKR,跨部门协作满意度≥4分,20,51.3
209,2024H1,OKR,核心模块交付及时率≥95%,50,36.0
209,2024H1,KPI,完成关键技术方案设计并通过评审,50,20.1
210,2024H1,KPI,输出流程优化提案≥1项,50,38.7
210,2024H1,KPI,跨部门协作满意度≥4分,30,51.4
210,2024H1,KPI,关键差错率为0,20,60.5
211,2024H1,OKR,跨部门协作满意度≥4分,60,79.6
211,2024H1,KPI,输出流程优化提案≥1项,40,86.3
212,2024H1,KPI,核心模块交付及时率≥95%,40,59.1
212,2024H1,OKR,完成关键技术方案设计并通过评审,40,21.9
212,2024H1,OKR,线上故障数同比下降20%,20,41.3
213,2024H1,KPI,跨部门协作满意度≥4分,60,56.0
213,2024H1,KPI,季度关键任务按期交付,40,31.9
214,2024H1,OKR,带教1名新成员通过转正,50,53.6
214,2024H1,KPI,核心模块交付及时率≥95%,50,68.0
215,2024H1,OKR,季度销售目标达成率≥90%,20,65.2
215,2024H1,KPI,老客户续约率≥85%,20,88.5
215,2024H1,KPI,新客户开发≥5家,60,60.5
216,2024H1,OKR,完成关键技术方案设计并通过评审,10,67.7
216,2024H1,KPI,线上故障数同比下降20%,40,69.1
216,2024H1,KPI,核心模块交付及时率≥95%,20,72.2
216,2024H1,KPI,带教1名新成员通过转正,30,73.2
217,2024H1,KPI,跨部门协作满意度≥4分,30,83.0
217,2024H1,KPI,关键差错率为0,20,53.7
217,2024H1,OKR,输出流程优化提案≥1项,30,66.6
217,2024H1,KPI,季度关键任务按期交付,20,91.0
218,2024H1,KPI,跨部门协作满意度≥4分,10,69.0
218,2024H1,KPI,关键差错率为0,50,73.2
218,2024H1,OKR,季度关键任务按期交付,30,81.2
218,2024H1,KPI,输出流程优化提案≥1项,10,70.6
219,2024H1,KPI,回款及时率≥95%,20,28.7
219,2024H1,OKR,老客户续约率≥85%,30,44.5
219,2024H1,OKR,新客户开发≥5家,50,54.5
220,2024H1,KPI,完成专业分享≥2次,10,74.2
220,2024H1,KPI,关键差错率为0,20,43.8
220,2024H1,OKR,季度关键任务按期交付,40,76.6
220,2024H1,KPI,跨部门协作满意度≥4分,30,61.4
221,2024H1,KPI,线上故障数同比下降20%,20,75.6
221,2024H1,KPI,核心模块交付及时率≥95%,40,78.2
221,2024H1,KPI,完成关键技术方案设计并通过评审,20,65.0
221,2024H1,KPI,带教1名新成员通过转正,20,79.0
224,2024H1,OKR,线上故障数同比下降20%,30,54.5
224,2024H1,KPI,带教1名新成员通过转正,30,54.8
224,2024H1,KPI,完成关键技术方案设计并通过评审,40,39.0
225,2024H1,KPI,输出流程优化提案≥1项,40,79.8
225,2024H1,KPI,跨部门协作满意度≥4分,20,48.0
225,2024H1,OKR,关键差错率为0,10,40.1
225,2024H1,KPI,完成专业分享≥2次,30,65.1
226,2024H1,KPI,线上故障数同比下降20%,30,78.4
226,2024H1,KPI,带教1名新成员通过转正,20,66.7
226,2024H1,KPI,核心模块交付及时率≥95%,30,61.6
226,2024H1,KPI,完成关键技术方案设计并通过评审,20,56.6
228,2024H1,OKR,线上故障数同比下降20%,50,97.4
228,2024H1,KPI,带教1名新成员通过转正,20,82.4
228,2024H1,OKR,核心模块交付及时率≥95%,30,68.2
230,2024H1,KPI,核心模块交付及时率≥95%,30,41.6
230,2024H1,OKR,完成关键技术方案设计并通过评审,10,50.2
230,2024H1,KPI,线上故障数同比下降20%,40,32.7
230,2024H1,KPI,带教1名新成员通过转正,20,71.9
231,2024H1,KPI,关键差错率为0,50,72.8
231,2024H1,KPI,完成专业分享≥2次,50,77.7
232,2024H1,KPI,带教1名新成员通过转正,30,69.9
232,2024H1,KPI,核心模块交付及时率≥95%,30,51.9
232,2024H1,KPI,线上故障数同比下降20%,40,59.2
234,2024H1,OKR,关键差错率为0,10,82.9
234,2024H1,KPI,完成专业分享≥2次,20,60.6
234,2024H1,KPI,跨部门协作满意度≥4分,30,61.0
234,2024H1,KPI,季度关键任务按期交付,40,88.9
236,2024H1,KPI,带教1名新成员通过转正,20,43.7
236,2024H1,KPI,完成关键技术方案设计并通过评审,80,60.3
237,2024H1,KPI,新客户开发≥5家,30,62.5
237,2024H1,OKR,回款及时率≥95%,40,58.5
237,2024H1,KPI,老客户续约率≥85%,10,86.2
237,2024H1,KPI,季度销售目标达成率≥90%,20,74.3
239,2024H1,OKR,带教1名新成员通过转正,30,35.3
239,2024H1,KPI,核心模块交付及时率≥95%,30,21.1
239,2024H1,KPI,完成关键技术方案设计并通过评审,40,52.5
240,2024H1,OKR,跨部门协作满意度≥4分,80,73.1
240,2024H1,KPI,季度关键任务按期交付,20,83.3
242,2024H1,KPI,输出流程优化提案≥1项,40,56.5
242,2024H1,OKR,关键差错率为0,20,82.2
242,2024H1,OKR,跨部门协作满意度≥4分,30,95.6
242,2024H1,KPI,完成专业分享≥2次,10,68.5
243,2024H1,OKR,季度关键任务按期交付,30,69.0
243,2024H1,KPI,关键差错率为0,20,66.4
243,2024H1,KPI,输出流程优化提案≥1项,50,87.4
245,2024H1,KPI,完成关键技术方案设计并通过评审,70,58.5
245,2024H1,KPI,核心模块交付及时率≥95%,10,89.5
245,2024H1,OKR,线上故障数同比下降20%,20,87.4
247,2024H1,KPI,带教1名新成员通过转正,10,31.9
247,2024H1,KPI,完成关键技术方案设计并通过评审,30,51.5
247,2024H1,KPI,核心模块交付及时率≥95%,40,25.2
247,2024H1,KPI,线上故障数同比下降20%,20,51.7
248,2024H1,OKR,核心模块交付及时率≥95%,20,75.1
248,2024H1,KPI,带教1名新成员通过转正,40,78.0
248,2024H1,KPI,线上故障数同比下降20%,20,79.6
248,2024H1,KPI,完成关键技术方案设计并通过评审,20,64.4
250,2024H1,KPI,跨部门协作满意度≥4分,40,69.6
250,2024H1,KPI,季度关键任务按期交付,60,73.5
251,2024H1,KPI,完成专业分享≥2次,50,47.7
251,2024H1,KPI,跨部门协作满意度≥4分,50,65.0
252,2024H1,KPI,完成专业分享≥2次,10,75.5
252,2024H1,KPI,季度关键任务按期交付,30,81.8
252,2024H1,KPI,关键差错率为0,20,91.5
252,2024H1,KPI,跨部门协作满意度≥4分,40,75.3
253,2024H1,OKR,线上故障数同比下降20%,40,22.1
253,2024H1,OKR,完成关键技术方案设计并通过评审,20,15
253,2024H1,KPI,核心模块交付及时率≥95%,30,44.3
253,2024H1,KPI,带教1名新成员通过转正,10,33.8
255,2024H1,KPI,带教1名新成员通过转正,50,39.4
255,2024H1,KPI,线上故障数同比下降20%,50,58.7
256,2024H1,OKR,线上故障数同比下降20%,50,64.3
256,2024H1,KPI,完成关键技术方案设计并通过评审,50,64.4
257,2024H1,KPI,线上故障数同比下降20%,40,52.1
257,2024H1,KPI,完成关键技术方案设计并通过评审,60,65.9
258,2024H1,KPI,带教1名新成员通过转正,20,31.7
258,2024H1,OKR,完成关键技术方案设计并通过评审,30,41.3
258,2024H1,OKR,核心模块交付及时率≥95%,20,41.8
258,2024H1,KPI,线上故障数同比下降20%,30,59.3
260,2024H1,KPI,核心模块交付及时率≥95%,40,55.5
260,2024H1,KPI,带教1名新成员通过转正,10,49.3
260,2024H1,KPI,完成关键技术方案设计并通过评审,10,60.4
260,2024H1,KPI,线上故障数同比下降20%,40,73.3
261,2024H1,KPI,季度关键任务按期交付,70,81.2
261,2024H1,OKR,输出流程优化提案≥1项,30,78.4
262,2024H1,KPI,线上故障数同比下降20%,20,52.0
262,2024H1,KPI,完成关键技术方案设计并通过评审,30,76.7
262,2024H1,OKR,带教1名新成员通过转正,30,61.7
262,2024H1,KPI,核心模块交付及时率≥95%,20,53.4
263,2024H1,KPI,完成关键技术方案设计并通过评审,30,74.9
263,2024H1,OKR,线上故障数同比下降20%,60,60.3
263,2024H1,KPI,核心模块交付及时率≥95%,10,66.1
264,2024H1,KPI,季度销售目标达成率≥90%,40,85.3
264,2024H1,OKR,回款及时率≥95%,20,61.9
264,2024H1,OKR,老客户续约率≥85%,10,65.1
264,2024H1,KPI,新客户开发≥5家,30,82.5
265,2024H1,KPI,关键差错率为0,30,40.9
265,2024H1,KPI,季度关键任务按期交付,20,63.2
265,2024H1,KPI,跨部门协作满意度≥4分,50,25.3
266,2024H1,KPI,老客户续约率≥85%,40,51.4
266,2024H1,OKR,新客户开发≥5家,60,45.9
267,2024H1,KPI,输出流程优化提案≥1项,40,57.8
267,2024H1,OKR,完成专业分享≥2次,20,88.2
267,2024H1,OKR,跨部门协作满意度≥4分,40,51.7
268,2024H1,OKR,季度关键任务按期交付,30,100
268,2024H1,OKR,输出流程优化提案≥1项,60,46.8
268,2024H1,KPI,关键差错率为0,10,53.5
269,2024H1,KPI,跨部门协作满意度≥4分,10,80.7
269,2024H1,KPI,关键差错率为0,40,100
269,2024H1,KPI,季度关键任务按期交付,20,75.6
269,2024H1,KPI,输出流程优化提案≥1项,30,75.5
270,2024H1,OKR,老客户续约率≥85%,80,84.5
270,2024H1,KPI,回款及时率≥95%,20,74.9
271,2024H1,OKR,关键差错率为0,30,20.9
271,2024H1,KPI,跨部门协作满意度≥4分,40,63.3
271,2024H1,KPI,季度关键任务按期交付,20,49.4
271,2024H1,KPI,完成专业分享≥2次,10,41.9
272,2024H1,KPI,核心模块交付及时率≥95%,40,69.8
272,2024H1,OKR,完成关键技术方案设计并通过评审,60,75.4
273,2024H1,KPI,季度销售目标达成率≥90%,20,76.8
273,2024H1,KPI,老客户续约率≥85%,30,82.9
273,2024H1,KPI,回款及时率≥95%,10,100
273,2024H1,KPI,新客户开发≥5家,40,99.1
275,2024H1,KPI,关键差错率为0,50,79.3
275,2024H1,KPI,季度关键任务按期交付,20,75.8
275,2024H1,KPI,完成专业分享≥2次,20,64.0
275,2024H1,KPI,输出流程优化提案≥1项,10,63.9
278,2024H1,OKR,完成专业分享≥2次,70,53.1
278,2024H1,KPI,关键差错率为0,30,72.7
279,2024H1,OKR,新客户开发≥5家,20,78.6
279,2024H1,KPI,季度销售目标达成率≥90%,50,97.7
279,2024H1,KPI,回款及时率≥95%,30,70.1
280,2024H1,OKR,跨部门协作满意度≥4分,30,62.7
280,2024H1,KPI,输出流程优化提案≥1项,60,76.9
280,2024H1,KPI,关键差错率为0,10,55.6
281,2024H1,KPI,输出流程优化提案≥1项,20,98.6
281,2024H1,OKR,完成专业分享≥2次,20,91.0
281,2024H1,KPI,季度关键任务按期交付,30,100
281,2024H1,OKR,跨部门协作满意度≥4分,30,98.8
282,2024H1,KPI,带教1名新成员通过转正,70,62.3
282,2024H1,OKR,完成关键技术方案设计并通过评审,30,65.4
283,2024H1,KPI,完成关键技术方案设计并通过评审,70,55.1
283,2024H1,KPI,带教1名新成员通过转正,30,84.6
284,2024H1,KPI,带教1名新成员通过转正,60,44.9
284,2024H1,OKR,线上故障数同比下降20%,40,57.7
285,2024H1,KPI,输出流程优化提案≥1项,50,100
285,2024H1,KPI,季度关键任务按期交付,30,86.1
285,2024H1,OKR,跨部门协作满意度≥4分,20,68.1
287,2024H1,KPI,老客户续约率≥85%,60,86.4
287,2024H1,KPI,季度销售目标达成率≥90%,20,87.6
287,2024H1,KPI,新客户开发≥5家,20,47.4
288,2024H1,KPI,回款及时率≥95%,50,81.2
288,2024H1,KPI,老客户续约率≥85%,50,85.4
289,2024H1,OKR,季度销售目标达成率≥90%,60,69.6
289,2024H1,KPI,新客户开发≥5家,10,70.6
289,2024H1,KPI,回款及时率≥95%,20,90.4
289,2024H1,OKR,老客户续约率≥85%,10,63.5
291,2024H1,KPI,线上故障数同比下降20%,50,72.2
291,2024H1,KPI,完成关键技术方案设计并通过评审,50,56.3
292,2024H1,KPI,新客户开发≥5家,40,67.2
292,2024H1,OKR,季度销售目标达成率≥90%,60,56.9
293,2024H1,KPI,核心模块交付及时率≥95%,30,83.0
293,2024H1,KPI,线上故障数同比下降20%,20,62.0
293,2024H1,KPI,带教1名新成员通过转正,20,66.1
293,2024H1,KPI,完成关键技术方案设计并通过评审,30,56.1
295,2024H1,KPI,带教1名新成员通过转正,40,66.2
295,2024H1,KPI,核心模块交付及时率≥95%,30,88.4
295,2024H1,OKR,完成关键技术方案设计并通过评审,30,58.3
296,2024H1,OKR,回款及时率≥95%,40,53.9
296,2024H1,KPI,季度销售目标达成率≥90%,30,23.4
296,2024H1,OKR,老客户续约率≥85%,20,29.6
296,2024H1,KPI,新客户开发≥5家,10,37.5
297,2024H1,OKR,回款及时率≥95%,50,80.7
297,2024H1,KPI,老客户续约率≥85%,40,52.3
297,2024H1,KPI,季度销售目标达成率≥90%,10,81.5
298,2024H1,OKR,老客户续约率≥85%,30,42.9
298,2024H1,OKR,季度销售目标达成率≥90%,70,19.3
299,2024H1,KPI,季度销售目标达成率≥90%,40,81.6
299,2024H1,KPI,回款及时率≥95%,60,81.9
300,2024H1,KPI,完成关键技术方案设计并通过评审,10,90.1
300,2024H1,KPI,带教1名新成员通过转正,20,60.0
300,2024H1,KPI,核心模块交付及时率≥95%,40,77.7
300,2024H1,KPI,线上故障数同比下降20%,30,69.3
302,2024H1,KPI,完成关键技术方案设计并通过评审,40,100
302,2024H1,KPI,核心模块交付及时率≥95%,30,63.1
302,2024H1,KPI,带教1名新成员通过转正,20,87.5
302,2024H1,KPI,线上故障数同比下降20%,10,84.2
303,2024H1,KPI,季度关键任务按期交付,30,56.1
303,2024H1,KPI,完成专业分享≥2次,20,56.2
303,2024H1,OKR,输出流程优化提案≥1项,30,36.5
303,2024H1,KPI,关键差错率为0,20,55.3
305,2024H1,KPI,季度关键任务按期交付,50,80.8
305,2024H1,KPI,输出流程优化提案≥1项,50,71.4
306,2024H1,OKR,跨部门协作满意度≥4分,40,67.4
306,2024H1,KPI,输出流程优化提案≥1项,60,94.7
307,2024H1,OKR,新客户开发≥5家,30,34.7
307,2024H1,KPI,回款及时率≥95%,70,15
308,2024H1,KPI,老客户续约率≥85%,70,59.2
308,2024H1,KPI,季度销售目标达成率≥90%,30,66.4
309,2024H1,OKR,线上故障数同比下降20%,10,76.1
309,2024H1,KPI,核心模块交付及时率≥95%,50,60.6
309,2024H1,KPI,带教1名新成员通过转正,20,73.4
309,2024H1,KPI,完成关键技术方案设计并通过评审,20,36.6
310,2024H1,OKR,线上故障数同比下降20%,30,77.1
310,2024H1,KPI,核心模块交付及时率≥95%,70,64.7
311,2024H1,OKR,核心模块交付及时率≥95%,20,100
311,2024H1,KPI,线上故障数同比下降20%,30,75.5
311,2024H1,KPI,完成关键技术方案设计并通过评审,50,88.8
312,2024H1,OKR,输出流程优化提案≥1项,40,47.3
312,2024H1,KPI,季度关键任务按期交付,20,42.7
312,2024H1,OKR,完成专业分享≥2次,30,79.5
312,2024H1,OKR,关键差错率为0,10,35.3
313,2024H1,KPI,季度关键任务按期交付,20,77.1
313,2024H1,KPI,输出流程优化提案≥1项,20,86.5
313,2024H1,OKR,关键差错率为0,40,98.5
313,2024H1,KPI,跨部门协作满意度≥4分,20,77.7
315,2024H1,OKR,完成专业分享≥2次,20,67.8
315,2024H1,OKR,输出流程优化提案≥1项,20,86.3
315,2024H1,KPI,关键差错率为0,30,56.6
315,2024H1,OKR,季度关键任务按期交付,30,73.7
316,2024H1,OKR,线上故障数同比下降20%,50,76.0
316,2024H1,OKR,完成关键技术方案设计并通过评审,30,72.8
316,2024H1,KPI,带教1名新成员通过转正,20,54.7
317,2024H1,KPI,跨部门协作满意度≥4分,30,78.4
317,2024H1,OKR,季度关键任务按期交付,30,90.4
317,2024H1,KPI,完成专业分享≥2次,20,67.3
317,2024H1,KPI,输出流程优化提案≥1项,20,71.4
319,2024H1,KPI,跨部门协作满意度≥4分,20,65.9
319,2024H1,OKR,关键差错率为0,30,92.1
319,2024H1,OKR,季度关键任务按期交付,50,55.2
320,2024H1,KPI,跨部门协作满意度≥4分,30,39.7
320,2024H1,KPI,完成专业分享≥2次,40,19.0
320,2024H1,KPI,关键差错率为0,30,31.8
321,2024H1,OKR,跨部门协作满意度≥4分,20,80.1
321,2024H1,KPI,关键差错率为0,20,65.1
321,2024H1,KPI,完成专业分享≥2次,10,49.1
321,2024H1,KPI,输出流程优化提案≥1项,50,60.0
323,2024H1,KPI,输出流程优化提案≥1项,50,70.9
323,2024H1,KPI,跨部门协作满意度≥4分,50,63.8
324,2024H1,OKR,输出流程优化提案≥1项,50,79.3
324,2024H1,KPI,关键差错率为0,50,72.4
325,2024H1,KPI,新客户开发≥5家,30,38.2
325,2024H1,OKR,老客户续约率≥85%,20,60.9
325,2024H1,KPI,回款及时率≥95%,30,56.2
325,2024H1,KPI,季度销售目标达成率≥90%,20,62.4
326,2024H1,OKR,季度销售目标达成率≥90%,20,19.0
326,2024H1,KPI,老客户续约率≥85%,20,44.2
326,2024H1,KPI,回款及时率≥95%,60,22.2
327,2024H1,KPI,新客户开发≥5家,30,92.0
327,2024H1,KPI,季度销售目标达成率≥90%,10,100
327,2024H1,KPI,回款及时率≥95%,40,100
327,2024H1,KPI,老客户续约率≥85%,20,85.2
328,2024H1,KPI,跨部门协作满意度≥4分,10,71.0
328,2024H1,KPI,输出流程优化提案≥1项,60,48.0
328,2024H1,OKR,关键差错率为0,30,59.6
329,2024H1,KPI,季度关键任务按期交付,60,62.5
329,2024H1,KPI,完成专业分享≥2次,20,69.2
329,2024H1,OKR,跨部门协作满意度≥4分,20,49.0
330,2024H1,OKR,关键差错率为0,40,43.3
330,2024H1,KPI,完成专业分享≥2次,60,43.2
331,2024H1,KPI,完成专业分享≥2次,30,68.6
331,2024H1,KPI,关键差错率为0,20,59.5
331,2024H1,OKR,季度关键任务按期交付,50,45.0
332,2024H1,KPI,关键差错率为0,30,46.0
332,2024H1,OKR,输出流程优化提案≥1项,30,51.0
332,2024H1,KPI,季度关键任务按期交付,40,52.9
333,2024H1,KPI,关键差错率为0,20,72.1
333,2024H1,OKR,季度关键任务按期交付,30,58.8
333,2024H1,KPI,完成专业分享≥2次,20,81.6
333,2024H1,KPI,输出流程优化提案≥1项,30,65.0
334,2024H1,KPI,季度销售目标达成率≥90%,10,85.4
334,2024H1,OKR,老客户续约率≥85%,30,65.1
334,2024H1,KPI,回款及时率≥95%,30,87.6
334,2024H1,KPI,新客户开发≥5家,30,76.9
335,2024H1,OKR,老客户续约率≥85%,60,70.7
335,2024H1,OKR,回款及时率≥95%,20,97.3
335,2024H1,OKR,季度销售目标达成率≥90%,20,48.8
338,2024H1,KPI,季度销售目标达成率≥90%,30,51.0
338,2024H1,OKR,新客户开发≥5家,70,56.7
339,2024H1,KPI,季度关键任务按期交付,30,68.1
339,2024H1,KPI,跨部门协作满意度≥4分,40,68.1
339,2024H1,KPI,关键差错率为0,20,63.1
339,2024H1,KPI,输出流程优化提案≥1项,10,50.8
341,2024H1,KPI,完成专业分享≥2次,30,62.4
341,2024H1,KPI,跨部门协作满意度≥4分,70,78.2
342,2024H1,KPI,关键差错率为0,30,30.9
342,2024H1,KPI,输出流程优化提案≥1项,30,45.0
342,2024H1,KPI,跨部门协作满意度≥4分,20,49.4
342,2024H1,KPI,季度关键任务按期交付,20,54.2
343,2024H1,KPI,完成专业分享≥2次,40,80.5
343,2024H1,KPI,季度关键任务按期交付,20,80.4
343,2024H1,OKR,关键差错率为0,30,100
343,2024H1,KPI,跨部门协作满意度≥4分,10,100
344,2024H1,OKR,线上故障数同比下降20%,60,56.8
344,2024H1,OKR,核心模块交付及时率≥95%,40,48.8
345,2024H1,KPI,完成关键技术方案设计并通过评审,20,72.9
345,2024H1,KPI,核心模块交付及时率≥95%,50,65.6
345,2024H1,KPI,带教1名新成员通过转正,30,48.0
346,2024H1,KPI,线上故障数同比下降20%,20,88.6
346,2024H1,KPI,完成关键技术方案设计并通过评审,30,78.6
346,2024H1,OKR,带教1名新成员通过转正,50,75.8
347,2024H1,KPI,线上故障数同比下降20%,30,100
347,2024H1,KPI,带教1名新成员通过转正,70,77.3
348,2024H1,KPI,输出流程优化提案≥1项,30,62.3
348,2024H1,KPI,关键差错率为0,70,82.8
349,2024H1,KPI,输出流程优化提案≥1项,20,81.4
349,2024H1,KPI,完成专业分享≥2次,20,78.3
349,2024H1,OKR,季度关键任务按期交付,30,65.6
349,2024H1,KPI,跨部门协作满意度≥4分,30,74.2
350,2024H1,KPI,季度关键任务按期交付,40,84.6
350,2024H1,KPI,完成专业分享≥2次,20,79.2
350,2024H1,OKR,输出流程优化提案≥1项,10,84.8
350,2024H1,KPI,关键差错率为0,30,100
351,2024H1,KPI,输出流程优化提案≥1项,50,34.6
351,2024H1,KPI,完成专业分享≥2次,50,42.5
352,2024H1,OKR,核心模块交付及时率≥95%,30,71.2
352,2024H1,OKR,完成关键技术方案设计并通过评审,60,52.1
352,2024H1,KPI,带教1名新成员通过转正,10,56.5
353,2024H1,KPI,带教1名新成员通过转正,30,80.7
353,2024H1,KPI,线上故障数同比下降20%,10,62.0
353,2024H1,KPI,完成关键技术方案设计并通过评审,40,76.7
353,2024H1,OKR,核心模块交付及时率≥95%,20,90.2
354,2024H1,KPI,完成关键技术方案设计并通过评审,70,55.3
354,2024H1,KPI,带教1名新成员通过转正,30,50.8
355,2024H1,KPI,输出流程优化提案≥1项,60,26.0
355,2024H1,KPI,关键差错率为0,40,63.5
356,2024H1,OKR,完成关键技术方案设计并通过评审,50,79.4
356,2024H1,KPI,线上故障数同比下降20%,30,89.7
356,2024H1,KPI,核心模块交付及时率≥95%,20,69.4
357,2024H1,KPI,完成关键技术方案设计并通过评审,10,78.0
357,2024H1,OKR,线上故障数同比下降20%,30,63.5
357,2024H1,KPI,核心模块交付及时率≥95%,40,79.9
357,2024H1,KPI,带教1名新成员通过转正,20,64.8
358,2024H1,KPI,线上故障数同比下降20%,20,44.2
358,2024H1,KPI,核心模块交付及时率≥95%,50,48.8
358,2024H1,KPI,带教1名新成员通过转正,10,46.5
358,2024H1,OKR,完成关键技术方案设计并通过评审,20,60.7
359,2024H1,OKR,新客户开发≥5家,80,60.2
359,2024H1,KPI,季度销售目标达成率≥90%,20,61.7
360,2024H1,KPI,完成专业分享≥2次,20,75.3
360,2024H1,KPI,跨部门协作满意度≥4分,40,55.9
360,2024H1,KPI,季度关键任务按期交付,40,41.8
361,2024H1,KPI,跨部门协作满意度≥4分,40,41.7
361,2024H1,KPI,完成专业分享≥2次,20,47.9
361,2024H1,OKR,季度关键任务按期交付,20,53.7
361,2024H1,OKR,输出流程优化提案≥1项,20,65.7
362,2024H1,OKR,关键差错率为0,10,77.3
362,2024H1,OKR,完成专业分享≥2次,20,80.3
362,2024H1,KPI,跨部门协作满意度≥4分,20,73.9
362,2024H1,KPI,输出流程优化提案≥1项,50,75.4
363,2024H1,KPI,核心模块交付及时率≥95%,20,100
363,2024H1,KPI,带教1名新成员通过转正,40,70.9
363,2024H1,OKR,线上故障数同比下降20%,30,77.7
363,2024H1,KPI,完成关键技术方案设计并通过评审,10,100
364,2024H1,KPI,新客户开发≥5家,70,65.7
364,2024H1,OKR,老客户续约率≥85%,30,46.0
365,2024H1,OKR,核心模块交付及时率≥95%,30,56.0
365,2024H1,KPI,线上故障数同比下降20%,70,43.3
366,2024H1,KPI,线上故障数同比下降20%,30,69.1
366,2024H1,KPI,带教1名新成员通过转正,10,55.8
366,2024H1,KPI,完成关键技术方案设计并通过评审,20,29.6
366,2024H1,KPI,核心模块交付及时率≥95%,40,44.3
367,2024H1,KPI,带教1名新成员通过转正,30,38.3
367,2024H1,KPI,完成关键技术方案设计并通过评审,70,23.9
368,2024H1,KPI,完成专业分享≥2次,50,72.5
368,2024H1,OKR,跨部门协作满意度≥4分,20,85.6
368,2024H1,KPI,关键差错率为0,30,80.6
369,2024H1,KPI,输出流程优化提案≥1项,50,85.1
369,2024H1,KPI,跨部门协作满意度≥4分,50,79.1
370,2024H1,OKR,季度关键任务按期交付,40,100
370,2024H1,KPI,关键差错率为0,30,85.6
370,2024H1,KPI,完成专业分享≥2次,30,98.8
371,2024H1,OKR,完成专业分享≥2次,60,100
371,2024H1,KPI,季度关键任务按期交付,40,79.8
372,2024H1,KPI,输出流程优化提案≥1项,40,50.1
372,2024H1,KPI,关键差错率为0,60,65.2
373,2024H1,OKR,完成关键技术方案设计并通过评审,60,64.2
373,2024H1,OKR,核心模块交付及时率≥95%,20,58.3
373,2024H1,KPI,带教1名新成员通过转正,20,77.6
374,2024H1,KPI,核心模块交付及时率≥95%,20,69.6
374,2024H1,KPI,完成关键技术方案设计并通过评审,50,84.8
374,2024H1,KPI,线上故障数同比下降20%,30,52.7
375,2024H1,KPI,核心模块交付及时率≥95%,60,52.0
375,2024H1,KPI,完成关键技术方案设计并通过评审,20,83.7
375,2024H1,OKR,带教1名新成员通过转正,20,75.7
376,2024H1,KPI,输出流程优化提案≥1项,50,44.5
376,2024H1,OKR,完成专业分享≥2次,50,48.9
377,2024H1,KPI,核心模块交付及时率≥95%,40,44.2
377,2024H1,OKR,完成关键技术方案设计并通过评审,20,70.3
377,2024H1,KPI,带教1名新成员通过转正,40,56.6
378,2024H1,KPI,核心模块交付及时率≥95%,30,100
378,2024H1,OKR,线上故障数同比下降20%,40,84.0
378,2024H1,KPI,完成关键技术方案设计并通过评审,30,87.6
379,2024H1,OKR,核心模块交付及时率≥95%,40,48.4
379,2024H1,KPI,线上故障数同比下降20%,60,68.6
380,2024H1,OKR,完成关键技术方案设计并通过评审,40,66.3
380,2024H1,OKR,线上故障数同比下降20%,30,76.4
380,2024H1,KPI,核心模块交付及时率≥95%,30,61.8
381,2024H1,KPI,核心模块交付及时率≥95%,40,90.3
381,2024H1,KPI,带教1名新成员通过转正,30,83.5
381,2024H1,KPI,完成关键技术方案设计并通过评审,30,76.4
382,2024H1,OKR,核心模块交付及时率≥95%,10,100
382,2024H1,KPI,带教1名新成员通过转正,50,69.6
382,2024H1,KPI,线上故障数同比下降20%,40,79.1
384,2024H1,KPI,新客户开发≥5家,30,62.1
384,2024H1,KPI,老客户续约率≥85%,20,67.7
384,2024H1,KPI,季度销售目标达成率≥90%,20,64.6
384,2024H1,OKR,回款及时率≥95%,30,67.8
385,2024H1,OKR,新客户开发≥5家,30,48.1
385,2024H1,KPI,季度销售目标达成率≥90%,20,63.8
385,2024H1,KPI,老客户续约率≥85%,20,50.2
385,2024H1,OKR,回款及时率≥95%,30,50.2
386,2024H1,KPI,输出流程优化提案≥1项,40,100
386,2024H1,KPI,季度关键任务按期交付,40,87.9
386,2024H1,OKR,关键差错率为0,20,100
389,2024H1,KPI,季度关键任务按期交付,10,68.9
389,2024H1,KPI,关键差错率为0,50,74.7
389,2024H1,KPI,跨部门协作满意度≥4分,40,73.0
391,2024H1,OKR,季度关键任务按期交付,10,57.8
391,2024H1,OKR,完成专业分享≥2次,40,37.6
391,2024H1,KPI,跨部门协作满意度≥4分,20,51.8
391,2024H1,OKR,关键差错率为0,30,48.8
392,2024H1,KPI,线上故障数同比下降20%,30,51.3
392,2024H1,KPI,带教1名新成员通过转正,40,31.1
392,2024H1,KPI,核心模块交付及时率≥95%,30,42.2
394,2024H1,KPI,季度销售目标达成率≥90%,10,63.7
394,2024H1,OKR,新客户开发≥5家,20,56.1
394,2024H1,KPI,老客户续约率≥85%,50,74.6
394,2024H1,OKR,回款及时率≥95%,20,32.4
395,2024H1,OKR,新客户开发≥5家,50,62.1
395,2024H1,OKR,老客户续约率≥85%,20,78.0
395,2024H1,KPI,季度销售目标达成率≥90%,20,57.7
395,2024H1,KPI,回款及时率≥95%,10,66.9
396,2024H1,OKR,完成专业分享≥2次,50,49.8
396,2024H1,KPI,跨部门协作满意度≥4分,30,44.1
396,2024H1,KPI,关键差错率为0,20,51.1
398,2024H1,KPI,完成专业分享≥2次,70,77.7
398,2024H1,KPI,季度关键任务按期交付,30,86.0
400,2024H1,KPI,线上故障数同比下降20%,60,50.4
400,2024H1,KPI,完成关键技术方案设计并通过评审,40,89.5
401,2024H1,KPI,线上故障数同比下降20%,50,59.8
401,2024H1,KPI,核心模块交付及时率≥95%,50,43.5
402,2024H1,KPI,带教1名新成员通过转正,20,72.3
402,2024H1,KPI,核心模块交付及时率≥95%,30,63.4
402,2024H1,KPI,完成关键技术方案设计并通过评审,40,77.5
402,2024H1,KPI,线上故障数同比下降20%,10,98.5
403,2024H1,KPI,带教1名新成员通过转正,30,79.8
403,2024H1,KPI,完成关键技术方案设计并通过评审,30,80.9
403,2024H1,KPI,线上故障数同比下降20%,40,59.1
404,2024H1,OKR,核心模块交付及时率≥95%,50,71.7
404,2024H1,KPI,带教1名新成员通过转正,50,88.0
405,2024H1,KPI,新客户开发≥5家,30,47.1
405,2024H1,KPI,季度销售目标达成率≥90%,20,62.1
405,2024H1,OKR,老客户续约率≥85%,30,43.5
405,2024H1,KPI,回款及时率≥95%,20,52.8
406,2024H1,KPI,新客户开发≥5家,60,66.5
406,2024H1,OKR,回款及时率≥95%,40,52.4
407,2024H1,KPI,季度销售目标达成率≥90%,40,73.8
407,2024H1,KPI,老客户续约率≥85%,60,74.0
410,2024H1,KPI,跨部门协作满意度≥4分,30,86.4
410,2024H1,KPI,完成专业分享≥2次,20,98.4
410,2024H1,KPI,关键差错率为0,50,100
411,2024H1,KPI,核心模块交付及时率≥95%,30,58.4
411,2024H1,KPI,线上故障数同比下降20%,20,72.6
411,2024H1,KPI,完成关键技术方案设计并通过评审,50,71.6
412,2024H1,KPI,带教1名新成员通过转正,20,89.7
412,2024H1,KPI,线上故障数同比下降20%,40,38.2
412,2024H1,KPI,核心模块交付及时率≥95%,40,38.3
413,2024H1,KPI,核心模块交付及时率≥95%,30,51.0
413,2024H1,KPI,带教1名新成员通过转正,20,51.0
413,2024H1,KPI,线上故障数同比下降20%,20,47.5
413,2024H1,KPI,完成关键技术方案设计并通过评审,30,51.9
414,2024H1,KPI,完成关键技术方案设计并通过评审,10,78.0
414,2024H1,KPI,线上故障数同比下降20%,40,59.2
414,2024H1,OKR,带教1名新成员通过转正,30,56.5
414,2024H1,KPI,核心模块交付及时率≥95%,20,63.0
415,2024H1,KPI,老客户续约率≥85%,50,67.9
415,2024H1,KPI,回款及时率≥95%,50,100
416,2024H1,KPI,回款及时率≥95%,40,54.8
416,2024H1,KPI,新客户开发≥5家,40,51.1
416,2024H1,KPI,季度销售目标达成率≥90%,20,62.4
417,2024H1,KPI,老客户续约率≥85%,40,59.0
417,2024H1,KPI,回款及时率≥95%,20,37.6
417,2024H1,KPI,季度销售目标达成率≥90%,40,57.8
418,2024H1,KPI,关键差错率为0,60,72.6
418,2024H1,OKR,完成专业分享≥2次,20,75.9
418,2024H1,OKR,季度关键任务按期交付,20,65.1
419,2024H1,KPI,线上故障数同比下降20%,40,76.1
419,2024H1,OKR,完成关键技术方案设计并通过评审,20,63.1
419,2024H1,KPI,核心模块交付及时率≥95%,40,72.5
420,2024H1,KPI,完成专业分享≥2次,20,69.8
420,2024H1,OKR,季度关键任务按期交付,20,94.7
420,2024H1,OKR,跨部门协作满意度≥4分,20,71.4
420,2024H1,OKR,输出流程优化提案≥1项,40,94.3
421,2024H1,KPI,核心模块交付及时率≥95%,50,78.8
421,2024H1,KPI,线上故障数同比下降20%,10,73.5
421,2024H1,KPI,带教1名新成员通过转正,10,85.3
421,2024H1,KPI,完成关键技术方案设计并通过评审,30,48.6
422,2024H1,KPI,带教1名新成员通过转正,20,26.7
422,2024H1,OKR,完成关键技术方案设计并通过评审,30,43.2
422,2024H1,OKR,核心模块交付及时率≥95%,20,18.9
422,2024H1,KPI,线上故障数同比下降20%,30,44.1
423,2024H1,KPI,线上故障数同比下降20%,30,60.4
423,2024H1,OKR,完成关键技术方案设计并通过评审,70,41.8
424,2024H1,KPI,回款及时率≥95%,10,91.9
424,2024H1,KPI,老客户续约率≥85%,30,61.4
424,2024H1,KPI,新客户开发≥5家,30,61.3
424,2024H1,KPI,季度销售目标达成率≥90%,30,92.6
425,2024H1,OKR,线上故障数同比下降20%,30,89.4
425,2024H1,KPI,完成关键技术方案设计并通过评审,30,92.8
425,2024H1,OKR,核心模块交付及时率≥95%,40,88.0
426,2024H1,KPI,核心模块交付及时率≥95%,20,55.1
426,2024H1,KPI,带教1名新成员通过转正,40,56.9
426,2024H1,KPI,完成关键技术方案设计并通过评审,40,77.0
427,2024H1,KPI,核心模块交付及时率≥95%,40,66.1
427,2024H1,KPI,线上故障数同比下降20%,30,76.6
427,2024H1,KPI,完成关键技术方案设计并通过评审,30,44.5
428,2024H1,KPI,完成关键技术方案设计并通过评审,40,42.2
428,2024H1,KPI,核心模块交付及时率≥95%,40,37.2
428,2024H1,KPI,带教1名新成员通过转正,20,53.4
429,2024H1,KPI,老客户续约率≥85%,40,62.3
429,2024H1,KPI,新客户开发≥5家,40,50.8
429,2024H1,KPI,回款及时率≥95%,20,62.9
430,2024H1,KPI,线上故障数同比下降20%,30,66.0
430,2024H1,KPI,完成关键技术方案设计并通过评审,30,67.0
430,2024H1,OKR,核心模块交付及时率≥95%,40,64.4
431,2024H1,KPI,输出流程优化提案≥1项,40,88.0
431,2024H1,KPI,完成专业分享≥2次,30,62.0
431,2024H1,KPI,关键差错率为0,30,82.7
432,2024H1,KPI,线上故障数同比下降20%,30,56.2
432,2024H1,KPI,核心模块交付及时率≥95%,30,70.9
432,2024H1,KPI,带教1名新成员通过转正,40,85.3
433,2024H1,KPI,带教1名新成员通过转正,20,65.8
433,2024H1,KPI,线上故障数同比下降20%,30,66.4
433,2024H1,OKR,核心模块交付及时率≥95%,40,65.6
433,2024H1,KPI,完成关键技术方案设计并通过评审,10,75.4
434,2024H1,KPI,核心模块交付及时率≥95%,30,35.8
434,2024H1,OKR,带教1名新成员通过转正,70,66.8
435,2024H1,KPI,核心模块交付及时率≥95%,20,70.9
435,2024H1,KPI,线上故障数同比下降20%,40,69.3
435,2024H1,KPI,完成关键技术方案设计并通过评审,40,66.4
436,2024H1,KPI,回款及时率≥95%,10,76.1
436,2024H1,KPI,季度销售目标达成率≥90%,40,77.8
436,2024H1,KPI,新客户开发≥5家,30,80.1
436,2024H1,OKR,老客户续约率≥85%,20,80.7
437,2024H1,KPI,新客户开发≥5家,40,46.4
437,2024H1,KPI,季度销售目标达成率≥90%,20,66.4
437,2024H1,OKR,老客户续约率≥85%,40,63.3
438,2024H1,KPI,新客户开发≥5家,20,66.1
438,2024H1,OKR,回款及时率≥95%,30,92.1
438,2024H1,OKR,季度销售目标达成率≥90%,50,78.0
439,2024H1,KPI,季度关键任务按期交付,50,50.0
439,2024H1,OKR,跨部门协作满意度≥4分,50,47.8
440,2024H1,OKR,输出流程优化提案≥1项,40,57.6
440,2024H1,OKR,跨部门协作满意度≥4分,20,74.2
440,2024H1,KPI,完成专业分享≥2次,40,70.3
441,2024H1,KPI,跨部门协作满意度≥4分,20,28.3
441,2024H1,KPI,完成专业分享≥2次,40,41.1
441,2024H1,OKR,关键差错率为0,40,41.0
442,2024H1,OKR,输出流程优化提案≥1项,40,68.3
442,2024H1,KPI,完成专业分享≥2次,20,80.0
442,2024H1,KPI,季度关键任务按期交付,20,65.5
442,2024H1,KPI,跨部门协作满意度≥4分,20,78.2
443,2024H1,OKR,输出流程优化提案≥1项,30,69.3
443,2024H1,OKR,季度关键任务按期交付,20,69.3
443,2024H1,KPI,完成专业分享≥2次,50,52.5
444,2024H1,KPI,回款及时率≥95%,10,61.4
444,2024H1,KPI,老客户续约率≥85%,50,58.1
444,2024H1,KPI,新客户开发≥5家,40,51.8
445,2024H1,KPI,新客户开发≥5家,30,77.4
445,2024H1,KPI,回款及时率≥95%,40,75.5
445,2024H1,KPI,老客户续约率≥85%,10,77.1
445,2024H1,KPI,季度销售目标达成率≥90%,20,68.4
446,2024H1,KPI,核心模块交付及时率≥95%,20,83.7
446,2024H1,KPI,线上故障数同比下降20%,40,93.4
446,2024H1,KPI,带教1名新成员通过转正,20,83.0
446,2024H1,KPI,完成关键技术方案设计并通过评审,20,70.4
447,2024H1,KPI,带教1名新成员通过转正,20,29.3
447,2024H1,KPI,完成关键技术方案设计并通过评审,30,40.1
447,2024H1,KPI,核心模块交付及时率≥95%,20,37.1
447,2024H1,KPI,线上故障数同比下降20%,30,32.1
448,2024H1,KPI,关键差错率为0,30,53.3
448,2024H1,OKR,完成专业分享≥2次,30,68.8
448,2024H1,KPI,季度关键任务按期交付,20,80.5
448,2024H1,OKR,输出流程优化提案≥1项,20,55.7
449,2024H1,KPI,输出流程优化提案≥1项,30,74.3
449,2024H1,KPI,关键差错率为0,40,70.4
449,2024H1,KPI,跨部门协作满意度≥4分,20,86.3
449,2024H1,KPI,季度关键任务按期交付,10,96.7
450,2024H1,KPI,完成专业分享≥2次,30,58.2
450,2024H1,KPI,输出流程优化提案≥1项,30,35.1
450,2024H1,KPI,关键差错率为0,40,28.2
451,2024H1,KPI,输出流程优化提案≥1项,30,81.6
451,2024H1,KPI,关键差错率为0,20,67.3
451,2024H1,OKR,季度关键任务按期交付,10,68.3
451,2024H1,KPI,跨部门协作满意度≥4分,40,69.1
452,2024H1,OKR,线上故障数同比下降20%,20,42.0
452,2024H1,OKR,完成关键技术方案设计并通过评审,30,59.8
452,2024H1,KPI,带教1名新成员通过转正,30,43.8
452,2024H1,KPI,核心模块交付及时率≥95%,20,46.4
453,2024H1,KPI,核心模块交付及时率≥95%,40,82.6
453,2024H1,OKR,线上故障数同比下降20%,30,74.6
453,2024H1,KPI,带教1名新成员通过转正,30,83.0
454,2024H1,KPI,核心模块交付及时率≥95%,30,66.2
454,2024H1,OKR,线上故障数同比下降20%,20,40.4
454,2024H1,OKR,带教1名新成员通过转正,10,47.4
454,2024H1,KPI,完成关键技术方案设计并通过评审,40,37.9
456,2024H1,KPI,完成专业分享≥2次,50,71.4
456,2024H1,OKR,关键差错率为0,30,57.4
456,2024H1,OKR,输出流程优化提案≥1项,20,46.5
457,2024H1,OKR,季度关键任务按期交付,60,48.3
457,2024H1,OKR,输出流程优化提案≥1项,40,69.5
458,2024H1,KPI,季度关键任务按期交付,30,73.4
458,2024H1,KPI,完成专业分享≥2次,40,89.4
458,2024H1,KPI,输出流程优化提案≥1项,30,74.5
459,2024H1,KPI,完成关键技术方案设计并通过评审,30,84.4
459,2024H1,KPI,线上故障数同比下降20%,30,72.6
459,2024H1,KPI,核心模块交付及时率≥95%,40,66.2
460,2024H1,KPI,完成关键技术方案设计并通过评审,40,49.4
460,2024H1,KPI,线上故障数同比下降20%,30,49.7
460,2024H1,KPI,核心模块交付及时率≥95%,30,45.2
469,2024H1,KPI,关键差错率为0,30,72.0
469,2024H1,OKR,季度关键任务按期交付,30,68.9
469,2024H1,OKR,输出流程优化提案≥1项,20,64.0
469,2024H1,OKR,跨部门协作满意度≥4分,20,82.4
1,2024H2,OKR,跨部门协作满意度≥4分,20,60.5
1,2024H2,KPI,输出流程优化提案≥1项,20,47.4
1,2024H2,KPI,完成专业分享≥2次,30,69.3
1,2024H2,KPI,关键差错率为0,30,45.3
2,2024H2,KPI,核心模块交付及时率≥95%,30,74.3
2,2024H2,KPI,带教1名新成员通过转正,40,72.7
2,2024H2,KPI,完成关键技术方案设计并通过评审,30,72.5
3,2024H2,KPI,完成关键技术方案设计并通过评审,60,91.0
3,2024H2,KPI,带教1名新成员通过转正,20,67.2
3,2024H2,KPI,线上故障数同比下降20%,20,56.9
4,2024H2,KPI,季度关键任务按期交付,90,61.2
4,2024H2,OKR,完成专业分享≥2次,10,95.1
5,2024H2,KPI,季度关键任务按期交付,20,69.4
5,2024H2,KPI,输出流程优化提案≥1项,20,65.3
5,2024H2,KPI,完成专业分享≥2次,40,67.3
5,2024H2,OKR,跨部门协作满意度≥4分,20,66.1
6,2024H2,OKR,关键差错率为0,40,69.1
6,2024H2,KPI,输出流程优化提案≥1项,30,77.6
6,2024H2,KPI,完成专业分享≥2次,20,65.6
6,2024H2,KPI,季度关键任务按期交付,10,62.5
7,2024H2,KPI,跨部门协作满意度≥4分,30,55.2
7,2024H2,KPI,关键差错率为0,70,27.8
9,2024H2,OKR,跨部门协作满意度≥4分,20,64.1
9,2024H2,KPI,季度关键任务按期交付,50,67.6
9,2024H2,KPI,输出流程优化提案≥1项,30,57.6
10,2024H2,OKR,完成专业分享≥2次,60,79.5
10,2024H2,OKR,关键差错率为0,40,93.8
11,2024H2,KPI,线上故障数同比下降20%,50,34.4
11,2024H2,KPI,完成关键技术方案设计并通过评审,50,74.4
12,2024H2,KPI,线上故障数同比下降20%,50,65.4
12,2024H2,KPI,核心模块交付及时率≥95%,50,88.3
15,2024H2,KPI,带教1名新成员通过转正,40,67.9
15,2024H2,OKR,完成关键技术方案设计并通过评审,20,81.1
15,2024H2,OKR,核心模块交付及时率≥95%,20,45.8
15,2024H2,KPI,线上故障数同比下降20%,20,46.0
16,2024H2,KPI,老客户续约率≥85%,10,92.3
16,2024H2,KPI,回款及时率≥95%,30,79.4
16,2024H2,OKR,季度销售目标达成率≥90%,40,78.0
16,2024H2,KPI,新客户开发≥5家,20,59.4
17,2024H2,KPI,关键差错率为0,50,80.0
17,2024H2,OKR,完成专业分享≥2次,20,93.6
17,2024H2,KPI,跨部门协作满意度≥4分,20,80.9
17,2024H2,OKR,季度关键任务按期交付,10,83.2
19,2024H2,KPI,完成专业分享≥2次,60,34.9
19,2024H2,KPI,输出流程优化提案≥1项,40,25.3
21,2024H2,KPI,输出流程优化提案≥1项,50,72.8
21,2024H2,KPI,跨部门协作满意度≥4分,50,68.1
23,2024H2,KPI,季度关键任务按期交付,30,42.6
23,2024H2,OKR,输出流程优化提案≥1项,30,82.0
23,2024H2,KPI,跨部门协作满意度≥4分,30,92.2
23,2024H2,KPI,完成专业分享≥2次,10,96.4
24,2024H2,KPI,跨部门协作满意度≥4分,10,80.8
24,2024H2,KPI,完成专业分享≥2次,30,90.5
24,2024H2,KPI,关键差错率为0,30,82.1
24,2024H2,KPI,输出流程优化提案≥1项,30,95.2
25,2024H2,KPI,季度关键任务按期交付,30,40.6
25,2024H2,OKR,完成专业分享≥2次,20,28.0
25,2024H2,KPI,输出流程优化提案≥1项,20,30.0
25,2024H2,KPI,关键差错率为0,30,45.8
27,2024H2,OKR,跨部门协作满意度≥4分,30,73.7
27,2024H2,OKR,关键差错率为0,40,100
27,2024H2,KPI,输出流程优化提案≥1项,30,66.7
28,2024H2,KPI,核心模块交付及时率≥95%,20,100
28,2024H2,KPI,完成关键技术方案设计并通过评审,40,82.1
28,2024H2,OKR,线上故障数同比下降20%,40,85.3
29,2024H2,KPI,带教1名新成员通过转正,30,74.5
29,2024H2,KPI,完成关键技术方案设计并通过评审,50,79.1
29,2024H2,OKR,线上故障数同比下降20%,20,71.0
31,2024H2,KPI,关键差错率为0,50,38.9
31,2024H2,KPI,季度关键任务按期交付,50,55.0
33,2024H2,KPI,线上故障数同比下降20%,40,44.6
33,2024H2,KPI,带教1名新成员通过转正,30,56.2
33,2024H2,KPI,完成关键技术方案设计并通过评审,30,51.6
34,2024H2,KPI,关键差错率为0,40,75.5
34,2024H2,KPI,跨部门协作满意度≥4分,60,68.9
35,2024H2,KPI,完成专业分享≥2次,30,66.5
35,2024H2,OKR,季度关键任务按期交付,20,73.8
35,2024H2,KPI,输出流程优化提案≥1项,30,67.3
35,2024H2,KPI,跨部门协作满意度≥4分,20,65.1
36,2024H2,KPI,关键差错率为0,40,83.8
36,2024H2,OKR,跨部门协作满意度≥4分,10,96.6
36,2024H2,KPI,季度关键任务按期交付,50,88.3
38,2024H2,KPI,关键差错率为0,20,70.3
38,2024H2,KPI,季度关键任务按期交付,40,61.6
38,2024H2,OKR,输出流程优化提案≥1项,40,69.8
40,2024H2,OKR,回款及时率≥95%,20,84.4
40,2024H2,KPI,新客户开发≥5家,20,95.0
40,2024H2,OKR,季度销售目标达成率≥90%,20,81.2
40,2024H2,OKR,老客户续约率≥85%,40,61.2
41,2024H2,OKR,完成专业分享≥2次,70,67.8
41,2024H2,KPI,季度关键任务按期交付,30,78.8
42,2024H2,KPI,季度销售目标达成率≥90%,50,64.3
42,2024H2,KPI,新客户开发≥5家,50,78.3
44,2024H2,OKR,核心模块交付及时率≥95%,50,61.8
44,2024H2,KPI,带教1名新成员通过转正,30,85.8
44,2024H2,KPI,线上故障数同比下降20%,20,84.9
46,2024H2,OKR,回款及时率≥95%,40,67.2
46,2024H2,KPI,新客户开发≥5家,10,55.8
46,2024H2,OKR,季度销售目标达成率≥90%,20,53.6
46,2024H2,KPI,老客户续约率≥85%,30,72.9
47,2024H2,KPI,线上故障数同比下降20%,20,89.7
47,2024H2,OKR,带教1名新成员通过转正,40,84.0
47,2024H2,KPI,完成关键技术方案设计并通过评审,30,100
47,2024H2,OKR,核心模块交付及时率≥95%,10,65.5
48,2024H2,KPI,新客户开发≥5家,50,50.4
48,2024H2,KPI,回款及时率≥95%,20,53.3
48,2024H2,KPI,老客户续约率≥85%,30,41.6
49,2024H2,KPI,关键差错率为0,20,44.4
49,2024H2,KPI,完成专业分享≥2次,40,65.9
49,2024H2,KPI,输出流程优化提案≥1项,10,73.0
49,2024H2,OKR,跨部门协作满意度≥4分,30,60.9
50,2024H2,KPI,完成专业分享≥2次,40,74.2
50,2024H2,KPI,输出流程优化提案≥1项,30,78.6
50,2024H2,OKR,关键差错率为0,30,76.6
52,2024H2,KPI,季度销售目标达成率≥90%,60,39.4
52,2024H2,KPI,回款及时率≥95%,40,30.2
53,2024H2,KPI,季度关键任务按期交付,30,75.3
53,2024H2,KPI,输出流程优化提案≥1项,70,58.9
54,2024H2,KPI,跨部门协作满意度≥4分,40,72.9
54,2024H2,KPI,完成专业分享≥2次,20,75.0
54,2024H2,KPI,关键差错率为0,20,63.2
54,2024H2,KPI,季度关键任务按期交付,20,66.7
56,2024H2,OKR,完成关键技术方案设计并通过评审,30,23.8
56,2024H2,KPI,核心模块交付及时率≥95%,70,39.5
57,2024H2,OKR,季度关键任务按期交付,50,69.1
57,2024H2,KPI,输出流程优化提案≥1项,50,55.5
58,2024H2,KPI,核心模块交付及时率≥95%,30,49.8
58,2024H2,KPI,带教1名新成员通过转正,30,40.0
58,2024H2,OKR,线上故障数同比下降20%,40,59.0
59,2024H2,KPI,关键差错率为0,20,55.8
59,2024H2,KPI,输出流程优化提案≥1项,30,37.1
59,2024H2,OKR,跨部门协作满意度≥4分,30,61.9
59,2024H2,KPI,完成专业分享≥2次,20,28.0
60,2024H2,KPI,完成专业分享≥2次,30,51.7
60,2024H2,KPI,跨部门协作满意度≥4分,50,64.5
60,2024H2,OKR,输出流程优化提案≥1项,20,21.6
63,2024H2,OKR,跨部门协作满意度≥4分,60,75.9
63,2024H2,KPI,季度关键任务按期交付,40,71.5
64,2024H2,OKR,新客户开发≥5家,10,43.3
64,2024H2,KPI,老客户续约率≥85%,50,28.7
64,2024H2,KPI,季度销售目标达成率≥90%,40,50.0
65,2024H2,KPI,跨部门协作满意度≥4分,40,44.6
65,2024H2,KPI,季度关键任务按期交付,60,19.6
66,2024H2,OKR,核心模块交付及时率≥95%,70,75.5
66,2024H2,KPI,完成关键技术方案设计并通过评审,30,65.6
67,2024H2,KPI,核心模块交付及时率≥95%,40,65.4
67,2024H2,KPI,完成关键技术方案设计并通过评审,50,46.6
67,2024H2,KPI,带教1名新成员通过转正,10,47.6
70,2024H2,OKR,季度关键任务按期交付,20,21.3
70,2024H2,KPI,输出流程优化提案≥1项,10,67.9
70,2024H2,KPI,跨部门协作满意度≥4分,20,55.9
70,2024H2,KPI,关键差错率为0,50,29.6
73,2024H2,KPI,完成专业分享≥2次,40,21.2
73,2024H2,OKR,关键差错率为0,20,55.1
73,2024H2,KPI,跨部门协作满意度≥4分,30,38.5
73,2024H2,KPI,季度关键任务按期交付,10,30.3
74,2024H2,OKR,核心模块交付及时率≥95%,60,53.4
74,2024H2,KPI,带教1名新成员通过转正,40,65.1
75,2024H2,KPI,核心模块交付及时率≥95%,40,53.8
75,2024H2,KPI,线上故障数同比下降20%,30,76.1
75,2024H2,KPI,带教1名新成员通过转正,30,50.6
76,2024H2,KPI,线上故障数同比下降20%,10,84.3
76,2024H2,KPI,完成关键技术方案设计并通过评审,20,77.1
76,2024H2,KPI,核心模块交付及时率≥95%,60,100
76,2024H2,KPI,带教1名新成员通过转正,10,91.5
79,2024H2,KPI,老客户续约率≥85%,30,63.2
79,2024H2,KPI,新客户开发≥5家,30,84.9
79,2024H2,KPI,回款及时率≥95%,20,84.2
79,2024H2,KPI,季度销售目标达成率≥90%,20,96.2
80,2024H2,OKR,季度关键任务按期交付,30,53.1
80,2024H2,KPI,输出流程优化提案≥1项,20,36.9
80,2024H2,KPI,跨部门协作满意度≥4分,20,51.0
80,2024H2,KPI,关键差错率为0,30,58.1
82,2024H2,KPI,完成关键技术方案设计并通过评审,40,30.9
82,2024H2,KPI,线上故障数同比下降20%,20,53.7
82,2024H2,KPI,带教1名新成员通过转正,40,35.9
84,2024H2,OKR,季度销售目标达成率≥90%,30,50.5
84,2024H2,KPI,新客户开发≥5家,30,63.3
84,2024H2,KPI,老客户续约率≥85%,40,71.6
85,2024H2,OKR,带教1名新成员通过转正,50,55.9
85,2024H2,KPI,核心模块交付及时率≥95%,50,87.1
86,2024H2,KPI,季度关键任务按期交付,50,84.6
86,2024H2,OKR,输出流程优化提案≥1项,50,53.1
87,2024H2,KPI,完成关键技术方案设计并通过评审,20,58.0
87,2024H2,KPI,带教1名新成员通过转正,10,64.2
87,2024H2,OKR,核心模块交付及时率≥95%,30,64.2
87,2024H2,OKR,线上故障数同比下降20%,40,61.6
88,2024H2,KPI,核心模块交付及时率≥95%,30,63.3
88,2024H2,KPI,线上故障数同比下降20%,40,59.6
88,2024H2,KPI,完成关键技术方案设计并通过评审,10,65.7
88,2024H2,OKR,带教1名新成员通过转正,20,74.6
91,2024H2,KPI,完成专业分享≥2次,40,68.8
91,2024H2,KPI,季度关键任务按期交付,60,62.5
92,2024H2,OKR,带教1名新成员通过转正,30,67.3
92,2024H2,OKR,完成关键技术方案设计并通过评审,70,30.6
93,2024H2,KPI,带教1名新成员通过转正,10,94.7
93,2024H2,KPI,线上故障数同比下降20%,60,73.2
93,2024H2,KPI,完成关键技术方案设计并通过评审,30,76.6
97,2024H2,KPI,季度销售目标达成率≥90%,30,55.5
97,2024H2,KPI,回款及时率≥95%,70,78.0
98,2024H2,OKR,完成关键技术方案设计并通过评审,60,81.5
98,2024H2,OKR,带教1名新成员通过转正,40,87.4
99,2024H2,KPI,老客户续约率≥85%,20,46.5
99,2024H2,KPI,季度销售目标达成率≥90%,40,44.3
99,2024H2,OKR,回款及时率≥95%,30,45.9
99,2024H2,OKR,新客户开发≥5家,10,47.7
100,2024H2,KPI,新客户开发≥5家,60,52.0
100,2024H2,KPI,回款及时率≥95%,40,92.5
101,2024H2,KPI,完成关键技术方案设计并通过评审,20,80.4
101,2024H2,KPI,核心模块交付及时率≥95%,30,79.5
101,2024H2,KPI,带教1名新成员通过转正,10,75.1
101,2024H2,KPI,线上故障数同比下降20%,40,71.9
102,2024H2,KPI,完成专业分享≥2次,50,87.8
102,2024H2,OKR,季度关键任务按期交付,50,98.3
103,2024H2,KPI,线上故障数同比下降20%,60,88.3
103,2024H2,OKR,核心模块交付及时率≥95%,40,84.4
104,2024H2,KPI,关键差错率为0,40,56.2
104,2024H2,KPI,跨部门协作满意度≥4分,30,60.8
104,2024H2,KPI,完成专业分享≥2次,20,66.7
104,2024H2,KPI,输出流程优化提案≥1项,10,65.0
105,2024H2,KPI,季度销售目标达成率≥90%,80,96.4
105,2024H2,KPI,老客户续约率≥85%,20,77.2
108,2024H2,OKR,关键差错率为0,30,98.6
108,2024H2,KPI,跨部门协作满意度≥4分,40,92.6
108,2024H2,OKR,输出流程优化提案≥1项,30,81.9
109,2024H2,KPI,线上故障数同比下降20%,70,89.9
109,2024H2,KPI,核心模块交付及时率≥95%,30,77.8
110,2024H2,KPI,完成关键技术方案设计并通过评审,40,48.5
110,2024H2,KPI,核心模块交付及时率≥95%,30,57.9
110,2024H2,KPI,带教1名新成员通过转正,30,78.9
111,2024H2,KPI,线上故障数同比下降20%,30,87.7
111,2024H2,KPI,带教1名新成员通过转正,50,84.7
111,2024H2,KPI,核心模块交付及时率≥95%,20,73.9
112,2024H2,KPI,老客户续约率≥85%,40,60.3
112,2024H2,KPI,季度销售目标达成率≥90%,40,80.2
112,2024H2,OKR,回款及时率≥95%,20,72.2
113,2024H2,KPI,跨部门协作满意度≥4分,30,80.5
113,2024H2,OKR,关键差错率为0,50,79.5
113,2024H2,KPI,输出流程优化提案≥1项,20,100
114,2024H2,OKR,关键差错率为0,40,90.2
114,2024H2,OKR,完成专业分享≥2次,20,87.8
114,2024H2,OKR,季度关键任务按期交付,40,100
115,2024H2,KPI,线上故障数同比下降20%,20,91.7
115,2024H2,KPI,带教1名新成员通过转正,30,64.7
115,2024H2,OKR,完成关键技术方案设计并通过评审,10,63.8
115,2024H2,KPI,核心模块交付及时率≥95%,40,64.3
117,2024H2,KPI,核心模块交付及时率≥95%,20,49.8
117,2024H2,OKR,线上故障数同比下降20%,30,33.3
117,2024H2,OKR,完成关键技术方案设计并通过评审,50,44.4
120,2024H2,OKR,完成关键技术方案设计并通过评审,20,91.5
120,2024H2,KPI,带教1名新成员通过转正,80,97.2
121,2024H2,OKR,跨部门协作满意度≥4分,40,69.8
121,2024H2,KPI,季度关键任务按期交付,30,73.2
121,2024H2,OKR,完成专业分享≥2次,30,73.8
122,2024H2,OKR,完成关键技术方案设计并通过评审,40,75.9
122,2024H2,KPI,线上故障数同比下降20%,60,77.2
123,2024H2,OKR,核心模块交付及时率≥95%,30,85.4
123,2024H2,OKR,带教1名新成员通过转正,50,60.2
123,2024H2,OKR,完成关键技术方案设计并通过评审,20,64.6
124,2024H2,KPI,输出流程优化提案≥1项,20,87.0
124,2024H2,KPI,跨部门协作满意度≥4分,30,75.4
124,2024H2,OKR,完成专业分享≥2次,20,99.8
124,2024H2,KPI,关键差错率为0,30,88.3
126,2024H2,KPI,带教1名新成员通过转正,20,18.2
126,2024H2,KPI,核心模块交付及时率≥95%,40,34.3
126,2024H2,KPI,完成关键技术方案设计并通过评审,20,31.0
126,2024H2,KPI,线上故障数同比下降20%,20,40.8
128,2024H2,KPI,完成专业分享≥2次,70,71.2
128,2024H2,KPI,输出流程优化提案≥1项,30,80.7
129,2024H2,OKR,输出流程优化提案≥1项,30,64.1
129,2024H2,OKR,关键差错率为0,10,76.3
129,2024H2,KPI,完成专业分享≥2次,30,57.9
129,2024H2,KPI,季度关键任务按期交付,30,61.4
132,2024H2,KPI,核心模块交付及时率≥95%,40,84.3
132,2024H2,KPI,带教1名新成员通过转正,60,100
133,2024H2,KPI,新客户开发≥5家,80,69.2
133,2024H2,KPI,季度销售目标达成率≥90%,20,78.6
134,2024H2,OKR,带教1名新成员通过转正,30,71.5
134,2024H2,KPI,完成关键技术方案设计并通过评审,50,52.6
134,2024H2,KPI,核心模块交付及时率≥95%,20,70.4
135,2024H2,KPI,回款及时率≥95%,50,61.4
135,2024H2,OKR,季度销售目标达成率≥90%,50,60.1
137,2024H2,OKR,完成专业分享≥2次,90,61.5
137,2024H2,KPI,跨部门协作满意度≥4分,10,44.2
138,2024H2,KPI,输出流程优化提案≥1项,30,69.9
138,2024H2,KPI,跨部门协作满意度≥4分,20,79.8
138,2024H2,KPI,关键差错率为0,30,68.4
138,2024H2,OKR,完成专业分享≥2次,20,74.2
139,2024H2,OKR,跨部门协作满意度≥4分,20,64.2
139,2024H2,OKR,完成专业分享≥2次,40,67.0
139,2024H2,OKR,输出流程优化提案≥1项,10,64.0
139,2024H2,KPI,季度关键任务按期交付,30,76.2
141,2024H2,KPI,完成专业分享≥2次,10,59.4
141,2024H2,OKR,关键差错率为0,30,93.0
141,2024H2,OKR,跨部门协作满意度≥4分,20,78.3
141,2024H2,OKR,季度关键任务按期交付,40,100
142,2024H2,KPI,输出流程优化提案≥1项,50,63.3
142,2024H2,OKR,季度关键任务按期交付,20,84.2
142,2024H2,KPI,关键差错率为0,10,70.8
142,2024H2,KPI,完成专业分享≥2次,20,93.1
143,2024H2,KPI,输出流程优化提案≥1项,70,66.0
143,2024H2,KPI,跨部门协作满意度≥4分,30,49.8
144,2024H2,KPI,跨部门协作满意度≥4分,20,83.5
144,2024H2,KPI,关键差错率为0,30,68.0
144,2024H2,OKR,季度关键任务按期交付,10,78.2
144,2024H2,OKR,输出流程优化提案≥1项,40,88.1
146,2024H2,KPI,带教1名新成员通过转正,30,32.8
146,2024H2,KPI,线上故障数同比下降20%,40,45.0
146,2024H2,OKR,完成关键技术方案设计并通过评审,10,47.6
146,2024H2,KPI,核心模块交付及时率≥95%,20,42.9
147,2024H2,KPI,带教1名新成员通过转正,70,58.8
147,2024H2,KPI,完成关键技术方案设计并通过评审,30,31.8
148,2024H2,KPI,线上故障数同比下降20%,70,80.6
148,2024H2,KPI,带教1名新成员通过转正,30,64.3
149,2024H2,KPI,季度销售目标达成率≥90%,40,47.5
149,2024H2,KPI,新客户开发≥5家,60,59.3
150,2024H2,OKR,完成专业分享≥2次,30,77.1
150,2024H2,OKR,关键差错率为0,70,94.3
151,2024H2,KPI,关键差错率为0,70,71.1
151,2024H2,KPI,跨部门协作满意度≥4分,30,67.4
154,2024H2,KPI,季度销售目标达成率≥90%,50,90.3
154,2024H2,OKR,老客户续约率≥85%,30,80.9
154,2024H2,KPI,新客户开发≥5家,20,70.4
156,2024H2,KPI,输出流程优化提案≥1项,50,77.6
156,2024H2,KPI,关键差错率为0,30,76.5
156,2024H2,KPI,季度关键任务按期交付,10,67.5
156,2024H2,KPI,完成专业分享≥2次,10,70.1
157,2024H2,OKR,完成关键技术方案设计并通过评审,30,100
157,2024H2,KPI,核心模块交付及时率≥95%,50,67.6
157,2024H2,KPI,带教1名新成员通过转正,20,100
158,2024H2,OKR,季度销售目标达成率≥90%,20,78.4
158,2024H2,OKR,新客户开发≥5家,10,47.8
158,2024H2,OKR,老客户续约率≥85%,40,56.5
158,2024H2,KPI,回款及时率≥95%,30,65.4
160,2024H2,KPI,季度关键任务按期交付,60,36.6
160,2024H2,KPI,关键差错率为0,40,44.7
161,2024H2,KPI,带教1名新成员通过转正,40,83.3
161,2024H2,KPI,线上故障数同比下降20%,10,67.5
161,2024H2,OKR,完成关键技术方案设计并通过评审,30,69.5
161,2024H2,OKR,核心模块交付及时率≥95%,20,67.6
162,2024H2,KPI,季度关键任务按期交付,30,71.0
162,2024H2,OKR,跨部门协作满意度≥4分,40,86.3
162,2024H2,KPI,关键差错率为0,30,85.5
164,2024H2,KPI,老客户续约率≥85%,50,64.8
164,2024H2,KPI,季度销售目标达成率≥90%,50,47.1
165,2024H2,KPI,季度关键任务按期交付,20,88.3
165,2024H2,KPI,关键差错率为0,30,63.3
165,2024H2,KPI,跨部门协作满意度≥4分,50,75.8
166,2024H2,KPI,核心模块交付及时率≥95%,30,57.5
166,2024H2,KPI,线上故障数同比下降20%,50,64.4
166,2024H2,OKR,完成关键技术方案设计并通过评审,20,75.0
167,2024H2,KPI,带教1名新成员通过转正,60,50.1
167,2024H2,OKR,线上故障数同比下降20%,10,61.6
167,2024H2,KPI,核心模块交付及时率≥95%,30,69.0
168,2024H2,KPI,输出流程优化提案≥1项,30,74.3
168,2024H2,KPI,关键差错率为0,30,73.8
168,2024H2,KPI,完成专业分享≥2次,10,65.0
168,2024H2,OKR,跨部门协作满意度≥4分,30,54.9
169,2024H2,KPI,新客户开发≥5家,30,68.9
169,2024H2,KPI,季度销售目标达成率≥90%,30,59.1
169,2024H2,KPI,回款及时率≥95%,30,60.8
169,2024H2,KPI,老客户续约率≥85%,10,47.8
171,2024H2,KPI,完成专业分享≥2次,20,37.5
171,2024H2,KPI,季度关键任务按期交付,20,63.9
171,2024H2,KPI,关键差错率为0,20,32.4
171,2024H2,OKR,跨部门协作满意度≥4分,40,51.7
174,2024H2,KPI,输出流程优化提案≥1项,60,61.2
174,2024H2,OKR,完成专业分享≥2次,40,33.9
176,2024H2,OKR,新客户开发≥5家,20,48.9
176,2024H2,KPI,老客户续约率≥85%,30,58.9
176,2024H2,KPI,季度销售目标达成率≥90%,30,54.7
176,2024H2,KPI,回款及时率≥95%,20,51.1
177,2024H2,KPI,跨部门协作满意度≥4分,80,100
177,2024H2,KPI,关键差错率为0,20,87.9
178,2024H2,KPI,回款及时率≥95%,40,84.1
178,2024H2,KPI,老客户续约率≥85%,30,91.2
178,2024H2,KPI,新客户开发≥5家,30,92.6
179,2024H2,KPI,跨部门协作满意度≥4分,70,42.0
179,2024H2,KPI,输出流程优化提案≥1项,30,67.4
180,2024H2,OKR,回款及时率≥95%,30,67.9
180,2024H2,OKR,老客户续约率≥85%,40,57.7
180,2024H2,KPI,新客户开发≥5家,30,37.4
181,2024H2,OKR,输出流程优化提案≥1项,40,94.5
181,2024H2,KPI,关键差错率为0,20,78.7
181,2024H2,KPI,季度关键任务按期交付,40,64.0
182,2024H2,OKR,季度关键任务按期交付,30,58.0
182,2024H2,OKR,关键差错率为0,70,47.4
183,2024H2,OKR,关键差错率为0,20,100
183,2024H2,KPI,跨部门协作满意度≥4分,40,73.6
183,2024H2,KPI,输出流程优化提案≥1项,40,100
184,2024H2,KPI,关键差错率为0,40,98.7
184,2024H2,KPI,季度关键任务按期交付,60,100
186,2024H2,KPI,回款及时率≥95%,20,28.1
186,2024H2,KPI,老客户续约率≥85%,40,29.0
186,2024H2,KPI,季度销售目标达成率≥90%,30,24.8
186,2024H2,KPI,新客户开发≥5家,10,38.6
188,2024H2,KPI,输出流程优化提案≥1项,50,56.1
188,2024H2,KPI,跨部门协作满意度≥4分,30,57.0
188,2024H2,KPI,季度关键任务按期交付,20,88.4
190,2024H2,KPI,完成关键技术方案设计并通过评审,40,81.6
190,2024H2,KPI,带教1名新成员通过转正,30,68.7
190,2024H2,KPI,线上故障数同比下降20%,10,84.8
190,2024H2,OKR,核心模块交付及时率≥95%,20,90.3
191,2024H2,OKR,跨部门协作满意度≥4分,60,53.8
191,2024H2,KPI,输出流程优化提案≥1项,40,69.3
193,2024H2,KPI,完成专业分享≥2次,80,67.0
193,2024H2,KPI,季度关键任务按期交付,20,64.6
195,2024H2,OKR,回款及时率≥95%,20,84.4
195,2024H2,KPI,老客户续约率≥85%,30,83.8
195,2024H2,OKR,季度销售目标达成率≥90%,30,74.8
195,2024H2,KPI,新客户开发≥5家,20,96.7
196,2024H2,KPI,关键差错率为0,50,22.4
196,2024H2,OKR,输出流程优化提案≥1项,50,21.5
197,2024H2,KPI,季度销售目标达成率≥90%,40,73.3
197,2024H2,KPI,老客户续约率≥85%,40,52.6
197,2024H2,KPI,回款及时率≥95%,20,64.7
200,2024H2,KPI,完成专业分享≥2次,20,37.2
200,2024H2,OKR,季度关键任务按期交付,80,79.1
201,2024H2,OKR,回款及时率≥95%,20,53.2
201,2024H2,KPI,新客户开发≥5家,20,68.2
201,2024H2,KPI,季度销售目标达成率≥90%,60,55.4
202,2024H2,KPI,关键差错率为0,30,82.0
202,2024H2,OKR,输出流程优化提案≥1项,20,74.2
202,2024H2,KPI,季度关键任务按期交付,50,86.9
203,2024H2,KPI,线上故障数同比下降20%,20,98.2
203,2024H2,KPI,完成关键技术方案设计并通过评审,50,79.6
203,2024H2,KPI,带教1名新成员通过转正,30,78.6
205,2024H2,OKR,带教1名新成员通过转正,30,56.4
205,2024H2,OKR,线上故障数同比下降20%,70,52.4
206,2024H2,KPI,线上故障数同比下降20%,50,88.0
206,2024H2,OKR,带教1名新成员通过转正,50,67.5
207,2024H2,OKR,关键差错率为0,30,72.9
207,2024H2,KPI,跨部门协作满意度≥4分,20,69.4
207,2024H2,OKR,季度关键任务按期交付,30,70.2
207,2024H2,KPI,完成专业分享≥2次,20,57.2
208,2024H2,KPI,完成专业分享≥2次,30,96.2
208,2024H2,KPI,季度关键任务按期交付,60,83.3
208,2024H2,KPI,跨部门协作满意度≥4分,10,90.1
209,2024H2,OKR,带教1名新成员通过转正,60,62.4
209,2024H2,OKR,线上故障数同比下降20%,40,74.1
210,2024H2,KPI,完成专业分享≥2次,40,64.6
210,2024H2,KPI,季度关键任务按期交付,40,48.9
210,2024H2,KPI,跨部门协作满意度≥4分,20,37.6
211,2024H2,KPI,输出流程优化提案≥1项,40,42.5
211,2024H2,KPI,季度关键任务按期交付,20,52.0
211,2024H2,OKR,关键差错率为0,20,54.1
211,2024H2,KPI,完成专业分享≥2次,20,44.6
212,2024H2,KPI,带教1名新成员通过转正,30,90.9
212,2024H2,KPI,核心模块交付及时率≥95%,20,85.9
212,2024H2,KPI,线上故障数同比下降20%,50,99.1
213,2024H2,KPI,关键差错率为0,40,62.1
213,2024H2,KPI,季度关键任务按期交付,20,23.3
213,2024H2,OKR,输出流程优化提案≥1项,20,73.8
213,2024H2,KPI,完成专业分享≥2次,20,48.1
214,2024H2,KPI,核心模块交付及时率≥95%,70,48.1
214,2024H2,KPI,带教1名新成员通过转正,30,78.1
215,2024H2,KPI,季度销售目标达成率≥90%,40,25.8
215,2024H2,OKR,回款及时率≥95%,60,40.3
216,2024H2,KPI,核心模块交付及时率≥95%,50,79.1
216,2024H2,KPI,线上故障数同比下降20%,10,81.6
216,2024H2,KPI,完成关键技术方案设计并通过评审,40,78.4
217,2024H2,KPI,跨部门协作满意度≥4分,20,70.2
217,2024H2,KPI,季度关键任务按期交付,40,79.3
217,2024H2,KPI,输出流程优化提案≥1项,40,97.9
218,2024H2,KPI,跨部门协作满意度≥4分,70,87.3
218,2024H2,KPI,季度关键任务按期交付,30,53.0
219,2024H2,OKR,老客户续约率≥85%,60,53.8
219,2024H2,KPI,季度销售目标达成率≥90%,40,52.0
220,2024H2,KPI,完成专业分享≥2次,30,81.1
220,2024H2,OKR,季度关键任务按期交付,60,85.1
220,2024H2,KPI,跨部门协作满意度≥4分,10,91.2
221,2024H2,KPI,核心模块交付及时率≥95%,20,66.7
221,2024H2,KPI,完成关键技术方案设计并通过评审,60,43.1
221,2024H2,KPI,线上故障数同比下降20%,20,77.4
224,2024H2,KPI,带教1名新成员通过转正,50,24.9
224,2024H2,KPI,线上故障数同比下降20%,20,23.2
224,2024H2,KPI,完成关键技术方案设计并通过评审,30,29.9
225,2024H2,OKR,完成专业分享≥2次,70,65.6
225,2024H2,OKR,季度关键任务按期交付,30,80.0
226,2024H2,KPI,完成关键技术方案设计并通过评审,50,79.1
226,2024H2,KPI,线上故障数同比下降20%,50,83.2
228,2024H2,KPI,完成关键技术方案设计并通过评审,30,27.7
228,2024H2,KPI,核心模块交付及时率≥95%,30,35.4
228,2024H2,OKR,线上故障数同比下降20%,30,44.8
228,2024H2,KPI,带教1名新成员通过转正,10,50.5
230,2024H2,KPI,完成关键技术方案设计并通过评审,20,63.7
230,2024H2,OKR,核心模块交付及时率≥95%,50,57.2
230,2024H2,KPI,线上故障数同比下降20%,30,72.0
231,2024H2,KPI,关键差错率为0,20,73.7
231,2024H2,KPI,输出流程优化提案≥1项,20,51.6
231,2024H2,OKR,季度关键任务按期交付,60,64.9
232,2024H2,KPI,线上故障数同比下降20%,60,66.6
232,2024H2,OKR,核心模块交付及时率≥95%,40,58.3
234,2024H2,KPI,完成专业分享≥2次,60,46.9
234,2024H2,KPI,输出流程优化提案≥1项,40,88.9
236,2024H2,OKR,完成关键技术方案设计并通过评审,60,67.5
236,2024H2,KPI,核心模块交付及时率≥95%,40,81.8
237,2024H2,OKR,季度销售目标达成率≥90%,30,36.5
237,2024H2,OKR,新客户开发≥5家,10,60.7
237,2024H2,OKR,回款及时率≥95%,30,53.0
237,2024H2,OKR,老客户续约率≥85%,30,51.5
239,2024H2,OKR,带教1名新成员通过转正,50,83.0
239,2024H2,OKR,核心模块交付及时率≥95%,50,76.7
240,2024H2,KPI,季度关键任务按期交付,60,24.9
240,2024H2,KPI,关键差错率为0,40,45.0
242,2024H2,KPI,季度关键任务按期交付,40,100
242,2024H2,KPI,完成专业分享≥2次,60,81.1
243,2024H2,OKR,输出流程优化提案≥1项,40,63.0
243,2024H2,KPI,季度关键任务按期交付,20,63.0
243,2024H2,KPI,完成专业分享≥2次,20,79.1
243,2024H2,KPI,跨部门协作满意度≥4分,20,89.8
245,2024H2,KPI,完成关键技术方案设计并通过评审,60,85.6
245,2024H2,KPI,线上故障数同比下降20%,40,93.0
247,2024H2,KPI,线上故障数同比下降20%,10,52.9
247,2024H2,OKR,带教1名新成员通过转正,20,40.4
247,2024H2,KPI,核心模块交付及时率≥95%,50,56.2
247,2024H2,KPI,完成关键技术方案设计并通过评审,20,41.5
248,2024H2,OKR,带教1名新成员通过转正,40,73.4
248,2024H2,KPI,核心模块交付及时率≥95%,60,87.3
250,2024H2,KPI,跨部门协作满意度≥4分,50,100
250,2024H2,KPI,完成专业分享≥2次,50,77.1
252,2024H2,KPI,跨部门协作满意度≥4分,30,52.1
252,2024H2,KPI,输出流程优化提案≥1项,40,94.3
252,2024H2,KPI,完成专业分享≥2次,30,39.9
253,2024H2,KPI,线上故障数同比下降20%,60,66.2
253,2024H2,KPI,核心模块交付及时率≥95%,40,79.5
255,2024H2,OKR,线上故障数同比下降20%,40,59.2
255,2024H2,KPI,核心模块交付及时率≥95%,30,77.1
255,2024H2,OKR,完成关键技术方案设计并通过评审,30,47.1
256,2024H2,KPI,带教1名新成员通过转正,40,57.9
256,2024H2,KPI,线上故障数同比下降20%,60,47.8
257,2024H2,OKR,带教1名新成员通过转正,40,39.0
257,2024H2,OKR,核心模块交付及时率≥95%,10,35.5
257,2024H2,KPI,完成关键技术方案设计并通过评审,30,54.1
257,2024H2,KPI,线上故障数同比下降20%,20,42.2
260,2024H2,KPI,完成关键技术方案设计并通过评审,20,53.3
260,2024H2,OKR,线上故障数同比下降20%,40,71.5
260,2024H2,KPI,带教1名新成员通过转正,10,56.9
260,2024H2,OKR,核心模块交付及时率≥95%,30,94.0
261,2024H2,OKR,季度关键任务按期交付,50,73.2
261,2024H2,KPI,完成专业分享≥2次,10,65.5
261,2024H2,KPI,输出流程优化提案≥1项,40,81.5
262,2024H2,OKR,线上故障数同比下降20%,30,83.6
262,2024H2,KPI,完成关键技术方案设计并通过评审,40,100
262,2024H2,KPI,核心模块交付及时率≥95%,30,97.4
263,2024H2,KPI,核心模块交付及时率≥95%,10,47.0
263,2024H2,KPI,带教1名新成员通过转正,30,27.6
263,2024H2,KPI,线上故障数同比下降20%,60,34.6
264,2024H2,OKR,老客户续约率≥85%,20,87.3
264,2024H2,OKR,季度销售目标达成率≥90%,20,88.9
264,2024H2,KPI,回款及时率≥95%,30,94.4
264,2024H2,KPI,新客户开发≥5家,30,89.1
265,2024H2,KPI,季度关键任务按期交付,60,28.2
265,2024H2,KPI,跨部门协作满意度≥4分,40,35.0
266,2024H2,OKR,老客户续约率≥85%,10,88.3
266,2024H2,KPI,新客户开发≥5家,40,97.2
266,2024H2,KPI,季度销售目标达成率≥90%,40,66.2
266,2024H2,KPI,回款及时率≥95%,10,55.5
267,2024H2,KPI,季度关键任务按期交付,20,38.1
267,2024H2,KPI,关键差错率为0,40,58.1
267,2024H2,KPI,完成专业分享≥2次,40,76.9
268,2024H2,KPI,季度关键任务按期交付,20,72.4
268,2024H2,KPI,跨部门协作满意度≥4分,30,56.9
268,2024H2,OKR,关键差错率为0,20,50.4
268,2024H2,KPI,输出流程优化提案≥1项,30,69.1
269,2024H2,OKR,关键差错率为0,40,57.0
269,2024H2,KPI,输出流程优化提案≥1项,60,54.3
271,2024H2,KPI,关键差错率为0,40,58.4
271,2024H2,OKR,跨部门协作满意度≥4分,60,61.5
272,2024H2,KPI,带教1名新成员通过转正,20,41.8
272,2024H2,KPI,完成关键技术方案设计并通过评审,20,34.5
272,2024H2,OKR,核心模块交付及时率≥95%,10,49.8
272,2024H2,KPI,线上故障数同比下降20%,50,57.1
273,2024H2,OKR,回款及时率≥95%,60,93.2
273,2024H2,KPI,季度销售目标达成率≥90%,10,90.0
273,2024H2,KPI,老客户续约率≥85%,30,100
275,2024H2,KPI,季度关键任务按期交付,20,58.2
275,2024H2,OKR,完成专业分享≥2次,40,65.8
275,2024H2,KPI,输出流程优化提案≥1项,40,73.0
278,2024H2,KPI,季度关键任务按期交付,20,60.6
278,2024H2,KPI,跨部门协作满意度≥4分,30,67.9
278,2024H2,KPI,完成专业分享≥2次,10,61.9
278,2024H2,KPI,输出流程优化提案≥1项,40,100
279,2024H2,KPI,回款及时率≥95%,40,73.8
279,2024H2,KPI,季度销售目标达成率≥90%,60,80.5
280,2024H2,OKR,输出流程优化提案≥1项,30,63.3
280,2024H2,OKR,季度关键任务按期交付,60,60.9
280,2024H2,KPI,关键差错率为0,10,84.4
281,2024H2,KPI,跨部门协作满意度≥4分,20,71.6
281,2024H2,OKR,完成专业分享≥2次,40,79.1
281,2024H2,KPI,关键差错率为0,20,66.6
281,2024H2,KPI,输出流程优化提案≥1项,20,91.0
282,2024H2,OKR,核心模块交付及时率≥95%,30,93.2
282,2024H2,KPI,线上故障数同比下降20%,10,86.7
282,2024H2,KPI,带教1名新成员通过转正,10,67.0
282,2024H2,KPI,完成关键技术方案设计并通过评审,50,81.8
283,2024H2,KPI,带教1名新成员通过转正,20,56.9
283,2024H2,OKR,完成关键技术方案设计并通过评审,30,74.1
283,2024H2,KPI,核心模块交付及时率≥95%,20,100
283,2024H2,KPI,线上故障数同比下降20%,30,64.5
284,2024H2,KPI,完成关键技术方案设计并通过评审,30,47.6
284,2024H2,KPI,线上故障数同比下降20%,30,44.9
284,2024H2,KPI,核心模块交付及时率≥95%,40,52.7
285,2024H2,KPI,季度关键任务按期交付,60,30.2
285,2024H2,KPI,完成专业分享≥2次,40,35.4
287,2024H2,KPI,季度销售目标达成率≥90%,30,66.7
287,2024H2,KPI,回款及时率≥95%,20,80.6
287,2024H2,KPI,新客户开发≥5家,30,73.4
287,2024H2,KPI,老客户续约率≥85%,20,62.1
288,2024H2,KPI,新客户开发≥5家,10,34.4
288,2024H2,OKR,回款及时率≥95%,30,38.5
288,2024H2,OKR,老客户续约率≥85%,40,32.7
288,2024H2,OKR,季度销售目标达成率≥90%,20,46.6
289,2024H2,KPI,季度销售目标达成率≥90%,30,72.4
289,2024H2,KPI,新客户开发≥5家,70,50.6
291,2024H2,KPI,线上故障数同比下降20%,50,18.6
291,2024H2,KPI,完成关键技术方案设计并通过评审,50,56.0
292,2024H2,KPI,回款及时率≥95%,60,100
292,2024H2,KPI,新客户开发≥5家,40,73.9
293,2024H2,KPI,完成关键技术方案设计并通过评审,10,52.2
293,2024H2,KPI,带教1名新成员通过转正,10,54.9
293,2024H2,KPI,线上故障数同比下降20%,10,66.8
293,2024H2,KPI,核心模块交付及时率≥95%,70,59.1
295,2024H2,KPI,带教1名新成员通过转正,30,55.8
295,2024H2,KPI,核心模块交付及时率≥95%,40,76.3
295,2024H2,OKR,完成关键技术方案设计并通过评审,20,52.5
295,2024H2,KPI,线上故障数同比下降20%,10,61.4
297,2024H2,KPI,季度销售目标达成率≥90%,60,71.2
297,2024H2,OKR,老客户续约率≥85%,40,64.3
298,2024H2,KPI,新客户开发≥5家,10,72.1
298,2024H2,KPI,老客户续约率≥85%,40,88.3
298,2024H2,KPI,回款及时率≥95%,50,66.0
299,2024H2,KPI,回款及时率≥95%,20,96.4
299,2024H2,KPI,季度销售目标达成率≥90%,40,39.7
299,2024H2,KPI,新客户开发≥5家,10,74.4
299,2024H2,KPI,老客户续约率≥85%,30,63.5
300,2024H2,OKR,线上故障数同比下降20%,30,75.2
300,2024H2,KPI,带教1名新成员通过转正,20,57.5
300,2024H2,KPI,核心模块交付及时率≥95%,20,64.7
300,2024H2,OKR,完成关键技术方案设计并通过评审,30,67.2
302,2024H2,KPI,核心模块交付及时率≥95%,30,67.2
302,2024H2,KPI,完成关键技术方案设计并通过评审,70,79.5
303,2024H2,OKR,输出流程优化提案≥1项,10,100
303,2024H2,KPI,完成专业分享≥2次,50,92.6
303,2024H2,OKR,关键差错率为0,40,88.5
305,2024H2,KPI,输出流程优化提案≥1项,20,53.8
305,2024H2,OKR,关键差错率为0,30,48.2
305,2024H2,KPI,完成专业分享≥2次,50,64.4
307,2024H2,OKR,回款及时率≥95%,20,48.6
307,2024H2,KPI,新客户开发≥5家,40,69.5
307,2024H2,KPI,季度销售目标达成率≥90%,10,51.3
307,2024H2,KPI,老客户续约率≥85%,30,54.7
308,2024H2,OKR,老客户续约率≥85%,30,37.6
308,2024H2,KPI,回款及时率≥95%,30,67.7
308,2024H2,OKR,新客户开发≥5家,20,49.3
308,2024H2,KPI,季度销售目标达成率≥90%,20,60.5
309,2024H2,KPI,核心模块交付及时率≥95%,40,68.8
309,2024H2,KPI,带教1名新成员通过转正,60,98.6
310,2024H2,KPI,带教1名新成员通过转正,40,40.3
310,2024H2,KPI,核心模块交付及时率≥95%,30,53.6
310,2024H2,KPI,完成关键技术方案设计并通过评审,30,53.9
311,2024H2,KPI,核心模块交付及时率≥95%,20,87.5
311,2024H2,KPI,带教1名新成员通过转正,50,76.4
311,2024H2,OKR,线上故障数同比下降20%,30,81.5
312,2024H2,KPI,完成专业分享≥2次,10,68.8
312,2024H2,KPI,跨部门协作满意度≥4分,30,38.2
312,2024H2,KPI,输出流程优化提案≥1项,60,78.4
313,2024H2,KPI,季度关键任务按期交付,30,75.8
313,2024H2,OKR,完成专业分享≥2次,70,50.4
315,2024H2,KPI,输出流程优化提案≥1项,50,60.2
315,2024H2,KPI,关键差错率为0,30,51.0
315,2024H2,KPI,完成专业分享≥2次,20,29.6
316,2024H2,KPI,线上故障数同比下降20%,50,86.2
316,2024H2,KPI,核心模块交付及时率≥95%,50,100
317,2024H2,KPI,输出流程优化提案≥1项,30,59.4
317,2024H2,OKR,关键差错率为0,30,31.1
317,2024H2,OKR,跨部门协作满意度≥4分,40,83.8
319,2024H2,KPI,跨部门协作满意度≥4分,70,49.2
319,2024H2,KPI,输出流程优化提案≥1项,30,43.6
320,2024H2,OKR,跨部门协作满意度≥4分,30,27.5
320,2024H2,KPI,关键差错率为0,50,38.3
320,2024H2,KPI,季度关键任务按期交付,20,35.5
321,2024H2,OKR,输出流程优化提案≥1项,10,46.6
321,2024H2,KPI,关键差错率为0,50,49.3
321,2024H2,KPI,完成专业分享≥2次,40,70.6
323,2024H2,OKR,季度关键任务按期交付,70,73.6
323,2024H2,KPI,跨部门协作满意度≥4分,30,60.7
324,2024H2,KPI,关键差错率为0,40,72.7
324,2024H2,KPI,季度关键任务按期交付,60,61.9
325,2024H2,KPI,新客户开发≥5家,40,51.6
325,2024H2,KPI,老客户续约率≥85%,10,46.5
325,2024H2,KPI,季度销售目标达成率≥90%,50,47.7
327,2024H2,KPI,回款及时率≥95%,10,77.9
327,2024H2,OKR,老客户续约率≥85%,20,79.9
327,2024H2,OKR,季度销售目标达成率≥90%,50,84.7
327,2024H2,OKR,新客户开发≥5家,20,82.0
328,2024H2,KPI,完成专业分享≥2次,20,99.8
328,2024H2,OKR,输出流程优化提案≥1项,10,68.9
328,2024H2,KPI,季度关键任务按期交付,40,57.7
328,2024H2,KPI,关键差错率为0,30,87.5
329,2024H2,KPI,完成专业分享≥2次,30,56.9
329,2024H2,KPI,关键差错率为0,40,62.0
329,2024H2,KPI,跨部门协作满意度≥4分,30,52.2
330,2024H2,OKR,完成专业分享≥2次,40,37.2
330,2024H2,KPI,关键差错率为0,60,62.8
331,2024H2,KPI,完成专业分享≥2次,30,83.5
331,2024H2,OKR,输出流程优化提案≥1项,70,78.9
332,2024H2,KPI,输出流程优化提案≥1项,10,58.0
332,2024H2,KPI,完成专业分享≥2次,30,78.3
332,2024H2,OKR,季度关键任务按期交付,60,40.5
333,2024H2,OKR,关键差错率为0,20,78.6
333,2024H2,KPI,跨部门协作满意度≥4分,20,89.1
333,2024H2,KPI,完成专业分享≥2次,20,78.4
333,2024H2,KPI,输出流程优化提案≥1项,40,83.2
334,2024H2,KPI,新客户开发≥5家,10,53.7
334,2024H2,KPI,季度销售目标达成率≥90%,50,59.6
334,2024H2,KPI,老客户续约率≥85%,20,72.3
334,2024H2,OKR,回款及时率≥95%,20,60.0
335,2024H2,KPI,季度销售目标达成率≥90%,30,68.5
335,2024H2,KPI,老客户续约率≥85%,30,80.8
335,2024H2,KPI,新客户开发≥5家,30,46.2
335,2024H2,KPI,回款及时率≥95%,10,73.3
338,2024H2,OKR,老客户续约率≥85%,10,94.6
338,2024H2,OKR,季度销售目标达成率≥90%,30,75.1
338,2024H2,KPI,新客户开发≥5家,30,68.8
338,2024H2,KPI,回款及时率≥95%,30,84.9
339,2024H2,OKR,跨部门协作满意度≥4分,10,89.7
339,2024H2,KPI,完成专业分享≥2次,50,85.2
339,2024H2,KPI,关键差错率为0,40,100
341,2024H2,KPI,完成专业分享≥2次,20,61.0
341,2024H2,KPI,输出流程优化提案≥1项,40,83.7
341,2024H2,KPI,关键差错率为0,10,87.3
341,2024H2,KPI,跨部门协作满意度≥4分,30,75.1
342,2024H2,OKR,输出流程优化提案≥1项,70,54.6
342,2024H2,KPI,关键差错率为0,30,65.3
343,2024H2,KPI,季度关键任务按期交付,30,75.8
343,2024H2,KPI,关键差错率为0,10,75.0
343,2024H2,KPI,完成专业分享≥2次,20,59.8
343,2024H2,KPI,跨部门协作满意度≥4分,40,87.9
345,2024H2,OKR,带教1名新成员通过转正,50,79.4
345,2024H2,OKR,完成关键技术方案设计并通过评审,50,100
346,2024H2,KPI,线上故障数同比下降20%,20,60.9
346,2024H2,OKR,完成关键技术方案设计并通过评审,20,88.3
346,2024H2,KPI,核心模块交付及时率≥95%,20,63.4
346,2024H2,KPI,带教1名新成员通过转正,40,89.7
347,2024H2,KPI,核心模块交付及时率≥95%,60,76.1
347,2024H2,KPI,线上故障数同比下降20%,40,67.4
348,2024H2,KPI,输出流程优化提案≥1项,50,66.6
348,2024H2,OKR,季度关键任务按期交付,50,81.3
349,2024H2,KPI,跨部门协作满意度≥4分,60,76.9
349,2024H2,KPI,输出流程优化提案≥1项,40,58.3
350,2024H2,OKR,跨部门协作满意度≥4分,40,78.0
350,2024H2,KPI,完成专业分享≥2次,40,100
350,2024H2,KPI,关键差错率为0,20,85.5
351,2024H2,KPI,关键差错率为0,30,75.2
351,2024H2,KPI,完成专业分享≥2次,20,52.9
351,2024H2,KPI,跨部门协作满意度≥4分,10,60.1
351,2024H2,KPI,季度关键任务按期交付,40,69.5
352,2024H2,KPI,带教1名新成员通过转正,80,52.7
352,2024H2,KPI,线上故障数同比下降20%,20,65.7
353,2024H2,KPI,线上故障数同比下降20%,20,66.9
353,2024H2,OKR,核心模块交付及时率≥95%,40,75.8
353,2024H2,KPI,完成关键技术方案设计并通过评审,20,64.5
353,2024H2,KPI,带教1名新成员通过转正,20,59.5
354,2024H2,KPI,带教1名新成员通过转正,20,70.7
354,2024H2,KPI,核心模块交付及时率≥95%,80,57.0
355,2024H2,KPI,季度关键任务按期交付,60,66.4
355,2024H2,KPI,跨部门协作满意度≥4分,40,100
356,2024H2,KPI,线上故障数同比下降20%,70,72.8
356,2024H2,KPI,核心模块交付及时率≥95%,30,67.7
357,2024H2,KPI,带教1名新成员通过转正,30,83.3
357,2024H2,KPI,线上故障数同比下降20%,40,97.3
357,2024H2,KPI,完成关键技术方案设计并通过评审,20,76.5
357,2024H2,KPI,核心模块交付及时率≥95%,10,92.1
358,2024H2,OKR,线上故障数同比下降20%,20,32.2
358,2024H2,KPI,完成关键技术方案设计并通过评审,40,20.3
358,2024H2,KPI,带教1名新成员通过转正,40,19.8
359,2024H2,KPI,新客户开发≥5家,70,51.3
359,2024H2,KPI,老客户续约率≥85%,30,64.4
360,2024H2,KPI,季度关键任务按期交付,10,65.4
360,2024H2,KPI,关键差错率为0,30,71.6
360,2024H2,OKR,跨部门协作满意度≥4分,40,78.3
360,2024H2,KPI,输出流程优化提案≥1项,20,52.9
361,2024H2,KPI,跨部门协作满意度≥4分,20,38.1
361,2024H2,KPI,输出流程优化提案≥1项,20,29.9
361,2024H2,KPI,关键差错率为0,20,39.0
361,2024H2,KPI,完成专业分享≥2次,40,46.2
362,2024H2,OKR,输出流程优化提案≥1项,30,83.8
362,2024H2,OKR,完成专业分享≥2次,40,89.0
362,2024H2,OKR,跨部门协作满意度≥4分,10,78.6
362,2024H2,KPI,关键差错率为0,20,73.6
363,2024H2,KPI,完成关键技术方案设计并通过评审,20,52.3
363,2024H2,KPI,带教1名新成员通过转正,40,21.6
363,2024H2,KPI,核心模块交付及时率≥95%,40,16.2
364,2024H2,KPI,季度销售目标达成率≥90%,60,67.7
364,2024H2,OKR,回款及时率≥95%,40,59.5
365,2024H2,OKR,线上故障数同比下降20%,40,70.4
365,2024H2,KPI,完成关键技术方案设计并通过评审,30,63.5
365,2024H2,KPI,核心模块交付及时率≥95%,30,52.1
366,2024H2,KPI,带教1名新成员通过转正,40,85.9
366,2024H2,KPI,完成关键技术方案设计并通过评审,20,97.4
366,2024H2,KPI,线上故障数同比下降20%,40,81.4
367,2024H2,KPI,完成关键技术方案设计并通过评审,20,78.2
367,2024H2,OKR,带教1名新成员通过转正,10,62.9
367,2024H2,KPI,核心模块交付及时率≥95%,30,81.5
367,2024H2,KPI,线上故障数同比下降20%,40,75.0
368,2024H2,KPI,跨部门协作满意度≥4分,30,75.0
368,2024H2,KPI,季度关键任务按期交付,30,54.0
368,2024H2,KPI,完成专业分享≥2次,40,76.2
369,2024H2,KPI,关键差错率为0,20,91.1
369,2024H2,KPI,完成专业分享≥2次,40,100
369,2024H2,KPI,输出流程优化提案≥1项,20,56.4
369,2024H2,KPI,季度关键任务按期交付,20,96.2
370,2024H2,OKR,输出流程优化提案≥1项,70,43.2
370,2024H2,KPI,关键差错率为0,10,28.2
370,2024H2,OKR,跨部门协作满意度≥4分,20,22.8
372,2024H2,KPI,输出流程优化提案≥1项,60,60.9
372,2024H2,KPI,季度关键任务按期交付,40,39.3
373,2024H2,KPI,核心模块交付及时率≥95%,30,31.5
373,2024H2,KPI,线上故障数同比下降20%,30,60.3
373,2024H2,KPI,完成关键技术方案设计并通过评审,40,52.9
374,2024H2,KPI,线上故障数同比下降20%,50,41.9
374,2024H2,OKR,带教1名新成员通过转正,50,27.4
376,2024H2,KPI,跨部门协作满意度≥4分,30,47.4
376,2024H2,KPI,关键差错率为0,40,49.3
376,2024H2,KPI,完成专业分享≥2次,10,74.8
376,2024H2,OKR,季度关键任务按期交付,20,65.1
377,2024H2,KPI,完成关键技术方案设计并通过评审,40,82.2
377,2024H2,KPI,带教1名新成员通过转正,30,81.5
377,2024H2,KPI,线上故障数同比下降20%,10,97.5
377,2024H2,KPI,核心模块交付及时率≥95%,20,60.5
378,2024H2,KPI,完成关键技术方案设计并通过评审,30,73.3
378,2024H2,KPI,核心模块交付及时率≥95%,40,45.3
378,2024H2,KPI,带教1名新成员通过转正,30,54.7
379,2024H2,KPI,核心模块交付及时率≥95%,40,68.3
379,2024H2,KPI,线上故障数同比下降20%,20,68.6
379,2024H2,KPI,带教1名新成员通过转正,10,78.5
379,2024H2,OKR,完成关键技术方案设计并通过评审,30,74.5
380,2024H2,KPI,带教1名新成员通过转正,30,53.4
380,2024H2,KPI,线上故障数同比下降20%,30,67.9
380,2024H2,KPI,完成关键技术方案设计并通过评审,40,61.0
381,2024H2,OKR,核心模块交付及时率≥95%,50,35.2
381,2024H2,OKR,带教1名新成员通过转正,50,43.3
384,2024H2,KPI,老客户续约率≥85%,40,70.5
384,2024H2,KPI,新客户开发≥5家,10,74.4
384,2024H2,KPI,回款及时率≥95%,40,79.4
384,2024H2,OKR,季度销售目标达成率≥90%,10,74.5
385,2024H2,KPI,季度销售目标达成率≥90%,30,89.1
385,2024H2,KPI,老客户续约率≥85%,70,83.6
386,2024H2,KPI,跨部门协作满意度≥4分,20,54.6
386,2024H2,KPI,季度关键任务按期交付,50,49.1
386,2024H2,OKR,完成专业分享≥2次,10,48.1
386,2024H2,OKR,关键差错率为0,20,29.8
389,2024H2,OKR,关键差错率为0,30,44.7
389,2024H2,KPI,完成专业分享≥2次,40,49.2
389,2024H2,KPI,季度关键任务按期交付,20,65.1
389,2024H2,KPI,跨部门协作满意度≥4分,10,48.1
391,2024H2,OKR,完成专业分享≥2次,40,43.4
391,2024H2,KPI,跨部门协作满意度≥4分,20,39.1
391,2024H2,OKR,季度关键任务按期交付,40,36.0
392,2024H2,OKR,核心模块交付及时率≥95%,30,95.5
392,2024H2,OKR,线上故障数同比下降20%,70,92.3
394,2024H2,KPI,新客户开发≥5家,10,77.1
394,2024H2,KPI,回款及时率≥95%,40,80.2
394,2024H2,KPI,老客户续约率≥85%,20,65.9
394,2024H2,OKR,季度销售目标达成率≥90%,30,87.2
395,2024H2,KPI,新客户开发≥5家,30,74.8
395,2024H2,KPI,回款及时率≥95%,20,91.1
395,2024H2,KPI,老客户续约率≥85%,20,77.9
395,2024H2,KPI,季度销售目标达成率≥90%,30,84.0
398,2024H2,KPI,关键差错率为0,50,75.7
398,2024H2,KPI,完成专业分享≥2次,50,75.3
400,2024H2,KPI,带教1名新成员通过转正,20,68.4
400,2024H2,OKR,线上故障数同比下降20%,30,64.6
400,2024H2,KPI,核心模块交付及时率≥95%,20,65.7
400,2024H2,OKR,完成关键技术方案设计并通过评审,30,44.9
401,2024H2,OKR,完成关键技术方案设计并通过评审,20,67.1
401,2024H2,KPI,核心模块交付及时率≥95%,30,67.1
401,2024H2,OKR,带教1名新成员通过转正,20,66.6
401,2024H2,KPI,线上故障数同比下降20%,30,68.6
402,2024H2,KPI,带教1名新成员通过转正,40,100
402,2024H2,KPI,完成关键技术方案设计并通过评审,20,93.5
402,2024H2,KPI,线上故障数同比下降20%,40,85.7
403,2024H2,OKR,核心模块交付及时率≥95%,60,72.6
403,2024H2,KPI,带教1名新成员通过转正,40,68.6
404,2024H2,OKR,核心模块交付及时率≥95%,50,50.2
404,2024H2,KPI,完成关键技术方案设计并通过评审,50,64.1
406,2024H2,OKR,新客户开发≥5家,20,55.5
406,2024H2,KPI,回款及时率≥95%,30,59.8
406,2024H2,KPI,季度销售目标达成率≥90%,40,39.4
406,2024H2,KPI,老客户续约率≥85%,10,63.5
407,2024H2,KPI,季度销售目标达成率≥90%,10,48.1
407,2024H2,OKR,回款及时率≥95%,20,67.7
407,2024H2,OKR,新客户开发≥5家,40,44.7
407,2024H2,KPI,老客户续约率≥85%,30,60.2
410,2024H2,KPI,输出流程优化提案≥1项,30,73.9
410,2024H2,KPI,关键差错率为0,70,51.3
411,2024H2,KPI,线上故障数同比下降20%,40,51.4
411,2024H2,KPI,核心模块交付及时率≥95%,40,77.8
411,2024H2,KPI,完成关键技术方案设计并通过评审,20,81.2
412,2024H2,KPI,线上故障数同比下降20%,60,73.0
412,2024H2,KPI,带教1名新成员通过转正,40,88.8
413,2024H2,OKR,核心模块交付及时率≥95%,20,35.0
413,2024H2,OKR,带教1名新成员通过转正,30,53.3
413,2024H2,OKR,完成关键技术方案设计并通过评审,50,37.2
414,2024H2,KPI,核心模块交付及时率≥95%,60,77.6
414,2024H2,KPI,带教1名新成员通过转正,20,68.0
414,2024H2,KPI,线上故障数同比下降20%,20,75.3
415,2024H2,OKR,新客户开发≥5家,40,80.0
415,2024H2,OKR,季度销售目标达成率≥90%,30,90.7
415,2024H2,KPI,回款及时率≥95%,20,88.8
415,2024H2,KPI,老客户续约率≥85%,10,98.7
416,2024H2,KPI,回款及时率≥95%,40,100
416,2024H2,KPI,新客户开发≥5家,60,88.5
417,2024H2,OKR,季度销售目标达成率≥90%,20,69.6
417,2024H2,OKR,老客户续约率≥85%,40,83.2
417,2024H2,OKR,回款及时率≥95%,40,66.9
419,2024H2,KPI,线上故障数同比下降20%,40,48.8
419,2024H2,KPI,带教1名新成员通过转正,20,66.7
419,2024H2,KPI,核心模块交付及时率≥95%,40,64.1
420,2024H2,OKR,跨部门协作满意度≥4分,20,85.5
420,2024H2,KPI,输出流程优化提案≥1项,80,94.6
422,2024H2,KPI,线上故障数同比下降20%,20,65.4
422,2024H2,OKR,核心模块交付及时率≥95%,80,91.1
423,2024H2,OKR,线上故障数同比下降20%,40,54.6
423,2024H2,KPI,带教1名新成员通过转正,60,57.2
424,2024H2,OKR,回款及时率≥95%,30,65.4
424,2024H2,OKR,老客户续约率≥85%,20,83.0
424,2024H2,KPI,季度销售目标达成率≥90%,30,58.8
424,2024H2,KPI,新客户开发≥5家,20,68.5
425,2024H2,KPI,线上故障数同比下降20%,30,49.2
425,2024H2,KPI,带教1名新成员通过转正,20,38.2
425,2024H2,OKR,核心模块交付及时率≥95%,10,15
425,2024H2,KPI,完成关键技术方案设计并通过评审,40,52.3
426,2024H2,KPI,带教1名新成员通过转正,60,57.3
426,2024H2,OKR,核心模块交付及时率≥95%,40,72.1
428,2024H2,OKR,核心模块交付及时率≥95%,20,41.6
428,2024H2,KPI,线上故障数同比下降20%,20,27.3
428,2024H2,KPI,完成关键技术方案设计并通过评审,20,25.3
428,2024H2,KPI,带教1名新成员通过转正,40,35.9
429,2024H2,OKR,季度销售目标达成率≥90%,40,60.5
429,2024H2,KPI,回款及时率≥95%,30,58.1
429,2024H2,KPI,新客户开发≥5家,30,67.1
430,2024H2,KPI,线上故障数同比下降20%,40,75.7
430,2024H2,KPI,带教1名新成员通过转正,30,65.4
430,2024H2,KPI,核心模块交付及时率≥95%,10,92.7
430,2024H2,OKR,完成关键技术方案设计并通过评审,20,82.9
431,2024H2,KPI,关键差错率为0,40,31.8
431,2024H2,KPI,跨部门协作满意度≥4分,60,42.9
432,2024H2,OKR,核心模块交付及时率≥95%,30,64.5
432,2024H2,KPI,带教1名新成员通过转正,30,94.4
432,2024H2,KPI,线上故障数同比下降20%,40,76.8
433,2024H2,KPI,带教1名新成员通过转正,50,88.3
433,2024H2,KPI,完成关键技术方案设计并通过评审,30,79.5
433,2024H2,KPI,核心模块交付及时率≥95%,10,98.3
433,2024H2,KPI,线上故障数同比下降20%,10,85.9
434,2024H2,KPI,带教1名新成员通过转正,50,100
434,2024H2,KPI,核心模块交付及时率≥95%,20,85.2
434,2024H2,OKR,完成关键技术方案设计并通过评审,30,80.2
435,2024H2,KPI,带教1名新成员通过转正,30,45.4
435,2024H2,KPI,完成关键技术方案设计并通过评审,30,75.3
435,2024H2,KPI,核心模块交付及时率≥95%,40,49.7
437,2024H2,OKR,新客户开发≥5家,30,73.1
437,2024H2,KPI,回款及时率≥95%,50,68.7
437,2024H2,KPI,季度销售目标达成率≥90%,10,74.0
437,2024H2,KPI,老客户续约率≥85%,10,68.1
439,2024H2,OKR,跨部门协作满意度≥4分,20,87.5
439,2024H2,KPI,关键差错率为0,20,71.4
439,2024H2,KPI,季度关键任务按期交付,20,80.8
439,2024H2,KPI,输出流程优化提案≥1项,40,80.0
441,2024H2,OKR,关键差错率为0,60,61.9
441,2024H2,KPI,跨部门协作满意度≥4分,40,79.2
442,2024H2,OKR,跨部门协作满意度≥4分,30,52.7
442,2024H2,KPI,输出流程优化提案≥1项,40,37.7
442,2024H2,OKR,关键差错率为0,30,52.9
443,2024H2,OKR,关键差错率为0,10,70.2
443,2024H2,KPI,输出流程优化提案≥1项,20,66.5
443,2024H2,OKR,跨部门协作满意度≥4分,30,58.7
443,2024H2,KPI,季度关键任务按期交付,40,64.9
445,2024H2,OKR,老客户续约率≥85%,40,63.5
445,2024H2,KPI,新客户开发≥5家,20,89.1
445,2024H2,KPI,季度销售目标达成率≥90%,40,80.2
446,2024H2,OKR,完成关键技术方案设计并通过评审,20,46.6
446,2024H2,OKR,带教1名新成员通过转正,10,58.3
446,2024H2,KPI,核心模块交付及时率≥95%,40,57.6
446,2024H2,KPI,线上故障数同比下降20%,30,46.0
447,2024H2,KPI,完成关键技术方案设计并通过评审,20,45.9
447,2024H2,OKR,线上故障数同比下降20%,20,55.9
447,2024H2,KPI,带教1名新成员通过转正,20,70.8
447,2024H2,KPI,核心模块交付及时率≥95%,40,57.0
448,2024H2,KPI,关键差错率为0,30,79.4
448,2024H2,KPI,跨部门协作满意度≥4分,30,67.4
448,2024H2,OKR,季度关键任务按期交付,40,64.6
449,2024H2,KPI,跨部门协作满意度≥4分,60,66.1
449,2024H2,KPI,季度关键任务按期交付,30,47.4
449,2024H2,KPI,输出流程优化提案≥1项,10,49.2
450,2024H2,KPI,输出流程优化提案≥1项,30,56.4
450,2024H2,KPI,跨部门协作满意度≥4分,70,72.5
451,2024H2,KPI,季度关键任务按期交付,70,81.2
451,2024H2,KPI,输出流程优化提案≥1项,30,100
452,2024H2,KPI,带教1名新成员通过转正,20,62.0
452,2024H2,OKR,核心模块交付及时率≥95%,20,85.0
452,2024H2,OKR,完成关键技术方案设计并通过评审,40,80.7
452,2024H2,KPI,线上故障数同比下降20%,20,80.7
453,2024H2,KPI,完成关键技术方案设计并通过评审,20,46.3
453,2024H2,KPI,带教1名新成员通过转正,40,45.2
453,2024H2,KPI,线上故障数同比下降20%,10,54.6
453,2024H2,OKR,核心模块交付及时率≥95%,30,56.4
454,2024H2,KPI,完成关键技术方案设计并通过评审,30,45.3
454,2024H2,OKR,核心模块交付及时率≥95%,40,38.1
454,2024H2,KPI,线上故障数同比下降20%,30,32.9
456,2024H2,OKR,季度关键任务按期交付,30,95.2
456,2024H2,KPI,完成专业分享≥2次,30,67.0
456,2024H2,KPI,跨部门协作满意度≥4分,40,83.8
457,2024H2,KPI,输出流程优化提案≥1项,40,69.6
457,2024H2,OKR,跨部门协作满意度≥4分,10,59.4
457,2024H2,KPI,关键差错率为0,50,69.7
458,2024H2,KPI,季度关键任务按期交付,50,84.7
458,2024H2,OKR,输出流程优化提案≥1项,50,72.6
459,2024H2,KPI,核心模块交付及时率≥95%,30,70.7
459,2024H2,OKR,线上故障数同比下降20%,70,52.0
460,2024H2,KPI,完成关键技术方案设计并通过评审,50,55.5
460,2024H2,OKR,带教1名新成员通过转正,50,67.3
461,2024H2,OKR,带教1名新成员通过转正,20,61.5
461,2024H2,KPI,完成关键技术方案设计并通过评审,10,59.5
461,2024H2,KPI,核心模块交付及时率≥95%,50,67.8
461,2024H2,OKR,线上故障数同比下降20%,20,63.5
462,2024H2,KPI,线上故障数同比下降20%,30,87.9
462,2024H2,KPI,带教1名新成员通过转正,30,48.5
462,2024H2,KPI,完成关键技术方案设计并通过评审,30,73.0
462,2024H2,KPI,核心模块交付及时率≥95%,10,70.8
463,2024H2,OKR,核心模块交付及时率≥95%,40,68.7
463,2024H2,KPI,带教1名新成员通过转正,20,76.8
463,2024H2,OKR,线上故障数同比下降20%,20,73.0
463,2024H2,OKR,完成关键技术方案设计并通过评审,20,78.3
464,2024H2,KPI,线上故障数同比下降20%,40,47.1
464,2024H2,KPI,完成关键技术方案设计并通过评审,60,36.7
465,2024H2,OKR,完成专业分享≥2次,30,64.4
465,2024H2,OKR,跨部门协作满意度≥4分,10,41.6
465,2024H2,KPI,输出流程优化提案≥1项,50,62.5
465,2024H2,KPI,关键差错率为0,10,48.9
466,2024H2,OKR,完成专业分享≥2次,20,63.2
466,2024H2,OKR,输出流程优化提案≥1项,30,73.2
466,2024H2,OKR,跨部门协作满意度≥4分,50,56.6
467,2024H2,KPI,完成关键技术方案设计并通过评审,50,45.3
467,2024H2,KPI,带教1名新成员通过转正,20,39.2
467,2024H2,KPI,线上故障数同比下降20%,30,27.4
468,2024H2,KPI,完成关键技术方案设计并通过评审,60,55.5
468,2024H2,OKR,带教1名新成员通过转正,40,82.5
469,2024H2,KPI,季度关键任务按期交付,30,49.5
469,2024H2,KPI,关键差错率为0,20,51.2
469,2024H2,KPI,完成专业分享≥2次,50,58.4
470,2024H2,KPI,老客户续约率≥85%,10,79.6
470,2024H2,KPI,回款及时率≥95%,30,88.5
470,2024H2,OKR,季度销售目标达成率≥90%,30,61.8
470,2024H2,KPI,新客户开发≥5家,30,55.7
471,2024H2,KPI,带教1名新成员通过转正,20,88.0
471,2024H2,KPI,核心模块交付及时率≥95%,40,98.3
471,2024H2,KPI,线上故障数同比下降20%,20,68.9
471,2024H2,KPI,完成关键技术方案设计并通过评审,20,75.0
472,2024H2,OKR,季度销售目标达成率≥90%,20,94.5
472,2024H2,KPI,回款及时率≥95%,60,67.2
472,2024H2,KPI,老客户续约率≥85%,20,68.1
473,2024H2,KPI,带教1名新成员通过转正,30,70.2
473,2024H2,KPI,线上故障数同比下降20%,30,79.4
473,2024H2,KPI,完成关键技术方案设计并通过评审,20,73.0
473,2024H2,KPI,核心模块交付及时率≥95%,20,58.0
474,2024H2,KPI,新客户开发≥5家,50,52.7
474,2024H2,KPI,老客户续约率≥85%,50,65.6
475,2024H2,KPI,季度销售目标达成率≥90%,20,66.9
475,2024H2,KPI,回款及时率≥95%,40,68.6
475,2024H2,KPI,老客户续约率≥85%,40,84.2
476,2024H2,KPI,跨部门协作满意度≥4分,20,69.0
476,2024H2,OKR,季度关键任务按期交付,50,76.5
476,2024H2,KPI,关键差错率为0,30,58.0
477,2024H2,OKR,带教1名新成员通过转正,50,49.7
477,2024H2,OKR,核心模块交付及时率≥95%,50,73.9
479,2024H2,KPI,完成专业分享≥2次,20,73.8
479,2024H2,KPI,关键差错率为0,50,78.7
479,2024H2,KPI,跨部门协作满意度≥4分,30,85.7
480,2024H2,OKR,跨部门协作满意度≥4分,50,15
480,2024H2,KPI,关键差错率为0,50,35.3
481,2024H2,KPI,核心模块交付及时率≥95%,60,52.0
481,2024H2,KPI,带教1名新成员通过转正,40,67.2
482,2024H2,KPI,跨部门协作满意度≥4分,40,62.5
482,2024H2,KPI,季度关键任务按期交付,60,74.3
483,2024H2,OKR,输出流程优化提案≥1项,50,49.7
483,2024H2,KPI,跨部门协作满意度≥4分,20,67.8
483,2024H2,OKR,关键差错率为0,30,62.5
484,2024H2,KPI,输出流程优化提案≥1项,40,86.8
484,2024H2,KPI,季度关键任务按期交付,10,82.4
484,2024H2,KPI,完成专业分享≥2次,20,64.8
484,2024H2,OKR,关键差错率为0,30,84.9
486,2024H2,KPI,带教1名新成员通过转正,20,55.4
486,2024H2,KPI,完成关键技术方案设计并通过评审,30,67.0
486,2024H2,KPI,线上故障数同比下降20%,50,39.1
487,2024H2,KPI,核心模块交付及时率≥95%,10,43.2
487,2024H2,OKR,带教1名新成员通过转正,10,54.1
487,2024H2,KPI,线上故障数同比下降20%,50,100
487,2024H2,OKR,完成关键技术方案设计并通过评审,30,96.3
488,2024H2,KPI,季度关键任务按期交付,10,30.4
488,2024H2,OKR,输出流程优化提案≥1项,40,33.1
488,2024H2,OKR,跨部门协作满意度≥4分,30,26.4
488,2024H2,KPI,关键差错率为0,20,25.7
489,2024H2,KPI,完成专业分享≥2次,40,68.6
489,2024H2,KPI,关键差错率为0,50,43.3
489,2024H2,KPI,季度关键任务按期交付,10,52.5
490,2024H2,KPI,输出流程优化提案≥1项,60,40.7
490,2024H2,KPI,关键差错率为0,40,57.8
491,2024H2,KPI,跨部门协作满意度≥4分,40,56.9
491,2024H2,OKR,输出流程优化提案≥1项,40,61.8
491,2024H2,KPI,关键差错率为0,10,49.5
491,2024H2,KPI,季度关键任务按期交付,10,65.5
492,2024H2,KPI,带教1名新成员通过转正,30,49.3
492,2024H2,OKR,核心模块交付及时率≥95%,30,58.7
492,2024H2,KPI,完成关键技术方案设计并通过评审,30,30.4
492,2024H2,KPI,线上故障数同比下降20%,10,43.2
493,2024H2,KPI,季度关键任务按期交付,30,100
493,2024H2,OKR,完成专业分享≥2次,20,67.8
493,2024H2,OKR,关键差错率为0,40,66.0
493,2024H2,KPI,跨部门协作满意度≥4分,10,79.5
494,2024H2,OKR,线上故障数同比下降20%,30,57.2
494,2024H2,KPI,核心模块交付及时率≥95%,50,67.1
494,2024H2,KPI,完成关键技术方案设计并通过评审,20,57.1
495,2024H2,KPI,跨部门协作满意度≥4分,30,43.9
495,2024H2,KPI,季度关键任务按期交付,20,32.9
495,2024H2,KPI,输出流程优化提案≥1项,50,53.0
496,2024H2,KPI,季度关键任务按期交付,20,52.2
496,2024H2,KPI,跨部门协作满意度≥4分,20,77.3
496,2024H2,OKR,输出流程优化提案≥1项,30,78.1
496,2024H2,KPI,关键差错率为0,30,65.1
497,2024H2,KPI,新客户开发≥5家,30,87.7
497,2024H2,KPI,季度销售目标达成率≥90%,40,60.0
497,2024H2,KPI,老客户续约率≥85%,30,65.7
498,2024H2,KPI,完成专业分享≥2次,40,46.6
498,2024H2,KPI,输出流程优化提案≥1项,30,68.5
498,2024H2,KPI,季度关键任务按期交付,30,77.0
499,2024H2,KPI,新客户开发≥5家,30,64.7
499,2024H2,OKR,老客户续约率≥85%,20,64.1
499,2024H2,OKR,季度销售目标达成率≥90%,20,54.8
499,2024H2,KPI,回款及时率≥95%,30,49.2
500,2024H2,KPI,新客户开发≥5家,40,51.8
500,2024H2,KPI,季度销售目标达成率≥90%,60,65.8
502,2024H2,KPI,核心模块交付及时率≥95%,20,61.6
502,2024H2,OKR,线上故障数同比下降20%,20,59.0
502,2024H2,KPI,完成关键技术方案设计并通过评审,20,50.0
502,2024H2,KPI,带教1名新成员通过转正,40,46.5
503,2024H2,KPI,季度关键任务按期交付,30,70.7
503,2024H2,OKR,关键差错率为0,30,68.8
503,2024H2,OKR,输出流程优化提案≥1项,10,86.7
503,2024H2,KPI,完成专业分享≥2次,30,63.4
504,2024H2,KPI,输出流程优化提案≥1项,40,77.3
504,2024H2,OKR,关键差错率为0,20,63.7
504,2024H2,KPI,季度关键任务按期交付,20,71.1
504,2024H2,KPI,跨部门协作满意度≥4分,20,60.9
505,2024H2,KPI,带教1名新成员通过转正,40,15
505,2024H2,KPI,完成关键技术方案设计并通过评审,60,37.9
506,2024H2,OKR,带教1名新成员通过转正,10,66.4
506,2024H2,KPI,线上故障数同比下降20%,40,73.4
506,2024H2,KPI,完成关键技术方案设计并通过评审,30,67.1
506,2024H2,KPI,核心模块交付及时率≥95%,20,61.1
507,2024H2,KPI,输出流程优化提案≥1项,30,69.4
507,2024H2,KPI,完成专业分享≥2次,70,73.6
508,2024H2,KPI,关键差错率为0,60,70.4
508,2024H2,OKR,输出流程优化提案≥1项,40,46.8
509,2024H2,KPI,新客户开发≥5家,70,58.8
509,2024H2,KPI,回款及时率≥95%,30,59.1
510,2024H2,KPI,回款及时率≥95%,50,56.9
510,2024H2,KPI,季度销售目标达成率≥90%,50,46.9
511,2024H2,KPI,老客户续约率≥85%,30,41.6
511,2024H2,OKR,季度销售目标达成率≥90%,50,42.1
511,2024H2,KPI,新客户开发≥5家,20,47.9
512,2024H2,KPI,核心模块交付及时率≥95%,30,43.9
512,2024H2,OKR,完成关键技术方案设计并通过评审,70,66.5
513,2024H2,KPI,核心模块交付及时率≥95%,30,58.0
513,2024H2,OKR,线上故障数同比下降20%,20,56.1
513,2024H2,OKR,完成关键技术方案设计并通过评审,30,57.4
513,2024H2,KPI,带教1名新成员通过转正,20,73.3
514,2024H2,OKR,新客户开发≥5家,50,77.3
514,2024H2,KPI,季度销售目标达成率≥90%,20,45.8
514,2024H2,OKR,回款及时率≥95%,30,81.1
515,2024H2,KPI,完成关键技术方案设计并通过评审,40,41.3
515,2024H2,KPI,核心模块交付及时率≥95%,10,44.7
515,2024H2,KPI,带教1名新成员通过转正,50,43.4
516,2024H2,KPI,完成关键技术方案设计并通过评审,30,61.7
516,2024H2,KPI,核心模块交付及时率≥95%,60,89.1
516,2024H2,KPI,线上故障数同比下降20%,10,56.4
517,2024H2,KPI,关键差错率为0,40,79.6
517,2024H2,KPI,跨部门协作满意度≥4分,60,92.5
518,2024H2,KPI,输出流程优化提案≥1项,10,58.8
518,2024H2,KPI,完成专业分享≥2次,20,37.6
518,2024H2,KPI,跨部门协作满意度≥4分,40,29.7
518,2024H2,KPI,季度关键任务按期交付,30,32.4
519,2024H2,KPI,输出流程优化提案≥1项,40,85.6
519,2024H2,KPI,完成专业分享≥2次,30,99.9
519,2024H2,KPI,跨部门协作满意度≥4分,10,71.9
519,2024H2,KPI,关键差错率为0,20,92.7
520,2024H2,OKR,关键差错率为0,40,80.6
520,2024H2,OKR,输出流程优化提案≥1项,60,78.3
521,2024H2,KPI,输出流程优化提案≥1项,50,37.5
521,2024H2,KPI,季度关键任务按期交付,20,55.7
521,2024H2,OKR,关键差错率为0,30,57.4
522,2024H2,KPI,老客户续约率≥85%,50,45.4
522,2024H2,KPI,季度销售目标达成率≥90%,50,48.4
523,2024H2,KPI,新客户开发≥5家,60,65.0
523,2024H2,KPI,老客户续约率≥85%,40,60.2
1,2025H1,OKR,完成专业分享≥2次,40,72.2
1,2025H1,KPI,输出流程优化提案≥1项,30,64.3
1,2025H1,OKR,季度关键任务按期交付,30,52.7
2,2025H1,KPI,线上故障数同比下降20%,30,47.6
2,2025H1,KPI,带教1名新成员通过转正,40,47.9
2,2025H1,KPI,完成关键技术方案设计并通过评审,30,36.4
3,2025H1,KPI,线上故障数同比下降20%,20,60.2
3,2025H1,KPI,完成关键技术方案设计并通过评审,40,82.8
3,2025H1,KPI,带教1名新成员通过转正,40,63.3
4,2025H1,KPI,完成专业分享≥2次,30,26.3
4,2025H1,KPI,跨部门协作满意度≥4分,40,66.2
4,2025H1,KPI,关键差错率为0,30,79.5
5,2025H1,KPI,季度关键任务按期交付,10,43.0
5,2025H1,KPI,关键差错率为0,30,23.4
5,2025H1,OKR,输出流程优化提案≥1项,30,51.4
5,2025H1,KPI,完成专业分享≥2次,30,46.4
6,2025H1,KPI,季度关键任务按期交付,30,46.7
6,2025H1,KPI,完成专业分享≥2次,40,53.9
6,2025H1,KPI,关键差错率为0,30,66.5
7,2025H1,KPI,季度关键任务按期交付,40,84.7
7,2025H1,KPI,完成专业分享≥2次,30,59.9
7,2025H1,KPI,输出流程优化提案≥1项,30,69.7
9,2025H1,OKR,关键差错率为0,30,63.0
9,2025H1,OKR,跨部门协作满意度≥4分,70,74.6
10,2025H1,KPI,输出流程优化提案≥1项,70,76.0
10,2025H1,KPI,跨部门协作满意度≥4分,30,66.1
11,2025H1,KPI,核心模块交付及时率≥95%,30,39.2
11,2025H1,OKR,带教1名新成员通过转正,20,41.0
11,2025H1,OKR,完成关键技术方案设计并通过评审,50,57.1
12,2025H1,OKR,带教1名新成员通过转正,50,76.1
12,2025H1,OKR,线上故障数同比下降20%,20,54.6
12,2025H1,OKR,核心模块交付及时率≥95%,30,50.4
15,2025H1,KPI,线上故障数同比下降20%,40,63.5
15,2025H1,OKR,完成关键技术方案设计并通过评审,20,69.0
15,2025H1,KPI,带教1名新成员通过转正,40,74.6
16,2025H1,KPI,回款及时率≥95%,20,59.3
16,2025H1,KPI,季度销售目标达成率≥90%,10,82.5
16,2025H1,KPI,老客户续约率≥85%,60,61.5
16,2025H1,KPI,新客户开发≥5家,10,36.6
17,2025H1,OKR,输出流程优化提案≥1项,30,56.4
17,2025H1,KPI,跨部门协作满意度≥4分,40,52.0
17,2025H1,OKR,关键差错率为0,30,69.3
19,2025H1,KPI,关键差错率为0,20,86.3
19,2025H1,KPI,完成专业分享≥2次,40,80.4
19,2025H1,OKR,季度关键任务按期交付,40,58.9
21,2025H1,KPI,输出流程优化提案≥1项,10,94.9
21,2025H1,KPI,跨部门协作满意度≥4分,20,94.2
21,2025H1,KPI,季度关键任务按期交付,20,87.9
21,2025H1,KPI,完成专业分享≥2次,50,87.2
23,2025H1,KPI,输出流程优化提案≥1项,50,59.8
23,2025H1,KPI,跨部门协作满意度≥4分,50,66.8
24,2025H1,OKR,完成专业分享≥2次,30,43.2
24,2025H1,KPI,跨部门协作满意度≥4分,20,59.6
24,2025H1,KPI,输出流程优化提案≥1项,50,33.5
27,2025H1,KPI,季度关键任务按期交付,50,65.4
27,2025H1,KPI,跨部门协作满意度≥4分,50,64.3
28,2025H1,OKR,带教1名新成员通过转正,30,49.1
28,2025H1,KPI,完成关键技术方案设计并通过评审,10,45.0
28,2025H1,KPI,核心模块交付及时率≥95%,60,43.8
29,2025H1,OKR,线上故障数同比下降20%,40,66.2
29,2025H1,KPI,带教1名新成员通过转正,60,59.1
31,2025H1,KPI,完成专业分享≥2次,30,27.8
31,2025H1,KPI,季度关键任务按期交付,10,51.0
31,2025H1,KPI,输出流程优化提案≥1项,60,27.7
35,2025H1,KPI,关键差错率为0,50,74.4
35,2025H1,KPI,季度关键任务按期交付,50,55.8
36,2025H1,KPI,输出流程优化提案≥1项,40,83.8
36,2025H1,KPI,关键差错率为0,60,82.7
38,2025H1,KPI,输出流程优化提案≥1项,30,52.1
38,2025H1,KPI,跨部门协作满意度≥4分,60,83.1
38,2025H1,KPI,季度关键任务按期交付,10,85.6
40,2025H1,KPI,老客户续约率≥85%,30,31.5
40,2025H1,KPI,季度销售目标达成率≥90%,70,33.2
41,2025H1,KPI,完成专业分享≥2次,30,70.2
41,2025H1,OKR,跨部门协作满意度≥4分,10,37.9
41,2025H1,KPI,季度关键任务按期交付,30,57.2
41,2025H1,OKR,关键差错率为0,30,43.7
42,2025H1,KPI,新客户开发≥5家,20,73.4
42,2025H1,KPI,老客户续约率≥85%,50,79.5
42,2025H1,KPI,回款及时率≥95%,20,74.6
42,2025H1,KPI,季度销售目标达成率≥90%,10,99.4
44,2025H1,OKR,核心模块交付及时率≥95%,40,28.1
44,2025H1,KPI,线上故障数同比下降20%,60,47.2
46,2025H1,KPI,回款及时率≥95%,40,74.0
46,2025H1,OKR,老客户续约率≥85%,40,68.4
46,2025H1,KPI,新客户开发≥5家,20,55.6
47,2025H1,KPI,线上故障数同比下降20%,90,43.0
47,2025H1,KPI,带教1名新成员通过转正,10,46.5
48,2025H1,KPI,新客户开发≥5家,20,28.5
48,2025H1,KPI,回款及时率≥95%,30,15
48,2025H1,KPI,老客户续约率≥85%,50,18.0
49,2025H1,OKR,跨部门协作满意度≥4分,30,51.5
49,2025H1,KPI,完成专业分享≥2次,40,74.2
49,2025H1,KPI,输出流程优化提案≥1项,30,63.1
50,2025H1,OKR,季度关键任务按期交付,40,71.9
50,2025H1,KPI,完成专业分享≥2次,60,60.5
53,2025H1,KPI,输出流程优化提案≥1项,50,46.3
53,2025H1,KPI,季度关键任务按期交付,10,49.1
53,2025H1,OKR,跨部门协作满意度≥4分,40,52.8
54,2025H1,KPI,关键差错率为0,50,59.6
54,2025H1,KPI,跨部门协作满意度≥4分,50,43.5
56,2025H1,OKR,完成关键技术方案设计并通过评审,30,62.1
56,2025H1,KPI,核心模块交付及时率≥95%,20,37.9
56,2025H1,KPI,线上故障数同比下降20%,10,55.4
56,2025H1,KPI,带教1名新成员通过转正,40,58.7
57,2025H1,KPI,跨部门协作满意度≥4分,20,70.9
57,2025H1,KPI,完成专业分享≥2次,40,61.6
57,2025H1,KPI,季度关键任务按期交付,40,63.0
58,2025H1,KPI,线上故障数同比下降20%,40,69.2
58,2025H1,KPI,完成关键技术方案设计并通过评审,10,49.2
58,2025H1,KPI,核心模块交付及时率≥95%,30,67.6
58,2025H1,KPI,带教1名新成员通过转正,20,74.5
59,2025H1,KPI,关键差错率为0,30,60.6
59,2025H1,KPI,完成专业分享≥2次,70,58.5
63,2025H1,KPI,完成专业分享≥2次,30,60.7
63,2025H1,KPI,跨部门协作满意度≥4分,20,60.9
63,2025H1,KPI,关键差错率为0,50,63.2
64,2025H1,OKR,回款及时率≥95%,40,40.8
64,2025H1,KPI,新客户开发≥5家,60,88.6
65,2025H1,KPI,关键差错率为0,50,77.3
65,2025H1,OKR,跨部门协作满意度≥4分,50,97.6
66,2025H1,KPI,带教1名新成员通过转正,30,69.2
66,2025H1,KPI,线上故障数同比下降20%,30,57.5
66,2025H1,KPI,核心模块交付及时率≥95%,40,91.8
67,2025H1,KPI,完成关键技术方案设计并通过评审,20,100
67,2025H1,OKR,线上故障数同比下降20%,80,85.3
70,2025H1,OKR,跨部门协作满意度≥4分,30,56.9
70,2025H1,KPI,季度关键任务按期交付,40,37.3
70,2025H1,KPI,完成专业分享≥2次,30,69.9
73,2025H1,KPI,关键差错率为0,80,67.5
73,2025H1,OKR,输出流程优化提案≥1项,20,54.1
74,2025H1,KPI,带教1名新成员通过转正,60,52.4
74,2025H1,KPI,完成关键技术方案设计并通过评审,40,38.2
75,2025H1,KPI,线上故障数同比下降20%,60,61.8
75,2025H1,KPI,带教1名新成员通过转正,40,96.6
76,2025H1,KPI,线上故障数同比下降20%,30,15
76,2025H1,KPI,完成关键技术方案设计并通过评审,30,36.5
76,2025H1,KPI,带教1名新成员通过转正,40,21.5
79,2025H1,KPI,回款及时率≥95%,20,56.3
79,2025H1,KPI,老客户续约率≥85%,60,66.4
79,2025H1,KPI,季度销售目标达成率≥90%,20,52.6
80,2025H1,KPI,季度关键任务按期交付,30,37.2
80,2025H1,OKR,完成专业分享≥2次,50,33.9
80,2025H1,OKR,关键差错率为0,20,15
85,2025H1,KPI,带教1名新成员通过转正,50,44.3
85,2025H1,KPI,完成关键技术方案设计并通过评审,30,60.7
85,2025H1,KPI,核心模块交付及时率≥95%,20,62.7
86,2025H1,KPI,关键差错率为0,30,49.5
86,2025H1,KPI,跨部门协作满意度≥4分,20,63.9
86,2025H1,KPI,完成专业分享≥2次,50,69.0
87,2025H1,KPI,带教1名新成员通过转正,20,73.6
87,2025H1,KPI,核心模块交付及时率≥95%,40,67.7
87,2025H1,KPI,线上故障数同比下降20%,30,64.5
87,2025H1,KPI,完成关键技术方案设计并通过评审,10,56.7
88,2025H1,OKR,核心模块交付及时率≥95%,50,65.3
88,2025H1,KPI,完成关键技术方案设计并通过评审,50,57.2
91,2025H1,KPI,关键差错率为0,40,61.4
91,2025H1,KPI,跨部门协作满意度≥4分,30,55.5
91,2025H1,KPI,完成专业分享≥2次,20,69.3
91,2025H1,KPI,输出流程优化提案≥1项,10,62.2
92,2025H1,KPI,完成关键技术方案设计并通过评审,60,77.3
92,2025H1,OKR,带教1名新成员通过转正,40,74.2
93,2025H1,KPI,线上故障数同比下降20%,20,62.6
93,2025H1,KPI,核心模块交付及时率≥95%,10,82.2
93,2025H1,KPI,完成关键技术方案设计并通过评审,40,79.0
93,2025H1,KPI,带教1名新成员通过转正,30,59.2
97,2025H1,OKR,回款及时率≥95%,40,69.9
97,2025H1,OKR,新客户开发≥5家,60,48.8
98,2025H1,OKR,线上故障数同比下降20%,10,73.3
98,2025H1,OKR,带教1名新成员通过转正,90,76.0
99,2025H1,KPI,新客户开发≥5家,50,66.5
99,2025H1,OKR,季度销售目标达成率≥90%,20,29.5
99,2025H1,OKR,回款及时率≥95%,30,63.6
100,2025H1,KPI,老客户续约率≥85%,30,85.3
100,2025H1,KPI,季度销售目标达成率≥90%,30,87.8
100,2025H1,KPI,新客户开发≥5家,40,90.6
101,2025H1,OKR,核心模块交付及时率≥95%,60,86.0
101,2025H1,OKR,完成关键技术方案设计并通过评审,40,58.6
102,2025H1,KPI,关键差错率为0,40,100
102,2025H1,OKR,季度关键任务按期交付,60,85.5
103,2025H1,KPI,核心模块交付及时率≥95%,40,50.7
103,2025H1,KPI,完成关键技术方案设计并通过评审,60,47.4
104,2025H1,KPI,完成专业分享≥2次,70,41.0
104,2025H1,KPI,季度关键任务按期交付,30,33.7
105,2025H1,KPI,季度销售目标达成率≥90%,30,69.3
105,2025H1,KPI,新客户开发≥5家,30,26.4
105,2025H1,KPI,回款及时率≥95%,20,52.1
105,2025H1,OKR,老客户续约率≥85%,20,50.3
108,2025H1,OKR,跨部门协作满意度≥4分,20,74.4
108,2025H1,KPI,季度关键任务按期交付,40,85.0
108,2025H1,OKR,关键差错率为0,40,72.5
109,2025H1,KPI,线上故障数同比下降20%,40,43.0
109,2025H1,KPI,带教1名新成员通过转正,20,41.2
109,2025H1,OKR,完成关键技术方案设计并通过评审,20,50.4
109,2025H1,KPI,核心模块交付及时率≥95%,20,63.1
110,2025H1,OKR,核心模块交付及时率≥95%,20,68.4
110,2025H1,KPI,完成关键技术方案设计并通过评审,40,67.0
110,2025H1,KPI,线上故障数同比下降20%,40,83.2
111,2025H1,KPI,核心模块交付及时率≥95%,30,63.2
111,2025H1,KPI,带教1名新成员通过转正,70,60.3
112,2025H1,OKR,回款及时率≥95%,40,81.2
112,2025H1,KPI,新客户开发≥5家,20,59.9
112,2025H1,KPI,老客户续约率≥85%,20,79.6
112,2025H1,KPI,季度销售目标达成率≥90%,20,88.5
113,2025H1,KPI,跨部门协作满意度≥4分,20,46.3
113,2025H1,KPI,输出流程优化提案≥1项,30,49.4
113,2025H1,KPI,关键差错率为0,50,79.5
114,2025H1,KPI,完成专业分享≥2次,60,75.9
114,2025H1,KPI,跨部门协作满意度≥4分,40,76.6
115,2025H1,KPI,完成关键技术方案设计并通过评审,20,67.5
115,2025H1,KPI,带教1名新成员通过转正,30,88.1
115,2025H1,KPI,线上故障数同比下降20%,30,47.4
115,2025H1,OKR,核心模块交付及时率≥95%,20,69.6
117,2025H1,KPI,带教1名新成员通过转正,30,41.9
117,2025H1,KPI,核心模块交付及时率≥95%,30,61.7
117,2025H1,KPI,线上故障数同比下降20%,20,34.2
117,2025H1,KPI,完成关键技术方案设计并通过评审,20,56.5
120,2025H1,KPI,完成关键技术方案设计并通过评审,10,62.9
120,2025H1,KPI,核心模块交付及时率≥95%,60,65.6
120,2025H1,KPI,线上故障数同比下降20%,30,73.1
121,2025H1,KPI,输出流程优化提案≥1项,40,55.3
121,2025H1,KPI,季度关键任务按期交付,60,23.3
122,2025H1,OKR,线上故障数同比下降20%,40,61.9
122,2025H1,KPI,核心模块交付及时率≥95%,60,59.0
123,2025H1,OKR,线上故障数同比下降20%,20,81.0
123,2025H1,OKR,完成关键技术方案设计并通过评审,40,66.0
123,2025H1,KPI,带教1名新成员通过转正,40,76.4
124,2025H1,OKR,完成专业分享≥2次,20,73.4
124,2025H1,KPI,季度关键任务按期交付,20,60.3
124,2025H1,OKR,跨部门协作满意度≥4分,10,74.5
124,2025H1,OKR,输出流程优化提案≥1项,50,62.6
128,2025H1,KPI,输出流程优化提案≥1项,40,69.9
128,2025H1,KPI,完成专业分享≥2次,30,96.5
128,2025H1,KPI,季度关键任务按期交付,20,59.5
128,2025H1,KPI,跨部门协作满意度≥4分,10,86.2
129,2025H1,KPI,关键差错率为0,20,50.1
129,2025H1,KPI,季度关键任务按期交付,40,59.6
129,2025H1,OKR,完成专业分享≥2次,40,47.0
132,2025H1,KPI,带教1名新成员通过转正,70,72.9
132,2025H1,OKR,完成关键技术方案设计并通过评审,30,55.0
133,2025H1,KPI,新客户开发≥5家,40,52.3
133,2025H1,KPI,回款及时率≥95%,30,71.2
133,2025H1,KPI,老客户续约率≥85%,30,72.3
134,2025H1,KPI,带教1名新成员通过转正,50,85.6
134,2025H1,OKR,完成关键技术方案设计并通过评审,30,68.2
134,2025H1,KPI,核心模块交付及时率≥95%,20,86.6
135,2025H1,OKR,季度销售目标达成率≥90%,30,84.6
135,2025H1,KPI,回款及时率≥95%,30,99.7
135,2025H1,KPI,新客户开发≥5家,40,74.7
137,2025H1,KPI,完成专业分享≥2次,60,58.6
137,2025H1,KPI,季度关键任务按期交付,10,69.0
137,2025H1,KPI,跨部门协作满意度≥4分,30,77.2
138,2025H1,KPI,季度关键任务按期交付,30,68.6
138,2025H1,KPI,跨部门协作满意度≥4分,30,66.0
138,2025H1,KPI,完成专业分享≥2次,40,83.9
139,2025H1,KPI,输出流程优化提案≥1项,30,54.8
139,2025H1,KPI,季度关键任务按期交付,30,36.5
139,2025H1,OKR,关键差错率为0,10,56.2
139,2025H1,KPI,跨部门协作满意度≥4分,30,80.3
142,2025H1,OKR,关键差错率为0,20,71.5
142,2025H1,KPI,季度关键任务按期交付,30,60.8
142,2025H1,OKR,输出流程优化提案≥1项,50,72.3
143,2025H1,OKR,完成专业分享≥2次,30,59.5
143,2025H1,OKR,输出流程优化提案≥1项,20,60.6
143,2025H1,OKR,季度关键任务按期交付,50,65.4
144,2025H1,OKR,季度关键任务按期交付,40,84.3
144,2025H1,KPI,输出流程优化提案≥1项,60,73.8
146,2025H1,KPI,核心模块交付及时率≥95%,70,38.0
146,2025H1,OKR,线上故障数同比下降20%,30,51.2
147,2025H1,KPI,线上故障数同比下降20%,70,60.5
147,2025H1,KPI,带教1名新成员通过转正,30,45.6
149,2025H1,OKR,回款及时率≥95%,30,92.7
149,2025H1,OKR,季度销售目标达成率≥90%,20,74.9
149,2025H1,KPI,新客户开发≥5家,30,62.9
149,2025H1,KPI,老客户续约率≥85%,20,100
150,2025H1,KPI,关键差错率为0,20,71.1
150,2025H1,KPI,季度关键任务按期交付,20,90.4
150,2025H1,KPI,输出流程优化提案≥1项,20,100
150,2025H1,OKR,跨部门协作满意度≥4分,40,70.5
151,2025H1,OKR,输出流程优化提案≥1项,10,49.8
151,2025H1,KPI,完成专业分享≥2次,80,57.4
151,2025H1,KPI,关键差错率为0,10,45.6
154,2025H1,KPI,新客户开发≥5家,40,28.9
154,2025H1,OKR,老客户续约率≥85%,20,29.0
154,2025H1,OKR,回款及时率≥95%,40,33.3
156,2025H1,KPI,完成专业分享≥2次,50,65.7
156,2025H1,KPI,关键差错率为0,50,56.0
157,2025H1,KPI,完成关键技术方案设计并通过评审,50,74.9
157,2025H1,KPI,带教1名新成员通过转正,50,68.0
158,2025H1,OKR,新客户开发≥5家,40,49.2
158,2025H1,KPI,老客户续约率≥85%,60,53.6
160,2025H1,KPI,季度关键任务按期交付,30,86.3
160,2025H1,OKR,跨部门协作满意度≥4分,20,70.5
160,2025H1,KPI,完成专业分享≥2次,50,93.1
161,2025H1,KPI,线上故障数同比下降20%,20,83.9
161,2025H1,OKR,核心模块交付及时率≥95%,20,100
161,2025H1,OKR,完成关键技术方案设计并通过评审,30,96.1
161,2025H1,OKR,带教1名新成员通过转正,30,96.3
162,2025H1,KPI,季度关键任务按期交付,30,98.0
162,2025H1,OKR,跨部门协作满意度≥4分,70,74.8
164,2025H1,KPI,季度销售目标达成率≥90%,40,67.6
164,2025H1,KPI,老客户续约率≥85%,10,87.8
164,2025H1,KPI,新客户开发≥5家,50,61.0
165,2025H1,KPI,跨部门协作满意度≥4分,60,83.6
165,2025H1,KPI,完成专业分享≥2次,40,72.5
166,2025H1,OKR,核心模块交付及时率≥95%,20,45.3
166,2025H1,OKR,线上故障数同比下降20%,20,37.2
166,2025H1,OKR,完成关键技术方案设计并通过评审,20,70.5
166,2025H1,OKR,带教1名新成员通过转正,40,31.0
167,2025H1,KPI,带教1名新成员通过转正,50,55.1
167,2025H1,KPI,完成关键技术方案设计并通过评审,40,62.1
167,2025H1,KPI,核心模块交付及时率≥95%,10,88.2
168,2025H1,KPI,季度关键任务按期交付,40,72.5
168,2025H1,KPI,输出流程优化提案≥1项,30,46.6
168,2025H1,OKR,完成专业分享≥2次,30,80.3
169,2025H1,KPI,季度销售目标达成率≥90%,10,48.7
169,2025H1,KPI,老客户续约率≥85%,20,45.8
169,2025H1,KPI,新客户开发≥5家,30,45.5
169,2025H1,KPI,回款及时率≥95%,40,40.2
171,2025H1,KPI,输出流程优化提案≥1项,30,86.6
171,2025H1,KPI,季度关键任务按期交付,20,69.6
171,2025H1,KPI,完成专业分享≥2次,50,73.7
174,2025H1,KPI,完成专业分享≥2次,10,67.4
174,2025H1,KPI,跨部门协作满意度≥4分,30,64.2
174,2025H1,OKR,输出流程优化提案≥1项,30,69.0
174,2025H1,KPI,季度关键任务按期交付,30,66.9
176,2025H1,KPI,老客户续约率≥85%,30,92.2
176,2025H1,KPI,回款及时率≥95%,70,86.2
177,2025H1,OKR,关键差错率为0,40,67.5
177,2025H1,KPI,跨部门协作满意度≥4分,10,93.4
177,2025H1,KPI,完成专业分享≥2次,50,78.2
178,2025H1,OKR,季度销售目标达成率≥90%,40,76.2
178,2025H1,KPI,回款及时率≥95%,20,100
178,2025H1,KPI,老客户续约率≥85%,20,75.8
178,2025H1,KPI,新客户开发≥5家,20,62.0
179,2025H1,KPI,季度关键任务按期交付,40,32.8
179,2025H1,KPI,完成专业分享≥2次,20,33.5
179,2025H1,KPI,输出流程优化提案≥1项,20,51.5
179,2025H1,KPI,跨部门协作满意度≥4分,20,46.9
180,2025H1,KPI,季度销售目标达成率≥90%,40,58.3
180,2025H1,KPI,老客户续约率≥85%,40,61.1
180,2025H1,OKR,回款及时率≥95%,20,59.9
181,2025H1,KPI,关键差错率为0,70,73.3
181,2025H1,KPI,跨部门协作满意度≥4分,30,100
182,2025H1,KPI,关键差错率为0,30,67.8
182,2025H1,KPI,输出流程优化提案≥1项,70,30.5
183,2025H1,KPI,季度关键任务按期交付,20,100
183,2025H1,OKR,输出流程优化提案≥1项,30,81.7
183,2025H1,KPI,跨部门协作满意度≥4分,40,82.6
183,2025H1,OKR,关键差错率为0,10,74.2
184,2025H1,KPI,关键差错率为0,70,57.3
184,2025H1,KPI,输出流程优化提案≥1项,30,68.8
186,2025H1,OKR,新客户开发≥5家,20,85.2
186,2025H1,KPI,回款及时率≥95%,50,89.7
186,2025H1,KPI,季度销售目标达成率≥90%,10,72.4
186,2025H1,OKR,老客户续约率≥85%,20,86.9
188,2025H1,OKR,完成专业分享≥2次,50,91.4
188,2025H1,OKR,跨部门协作满意度≥4分,50,76.3
190,2025H1,OKR,带教1名新成员通过转正,60,56.7
190,2025H1,KPI,线上故障数同比下降20%,40,75.9
191,2025H1,KPI,季度关键任务按期交付,30,44.3
191,2025H1,KPI,输出流程优化提案≥1项,40,39.8
191,2025H1,KPI,跨部门协作满意度≥4分,30,61.6
193,2025H1,KPI,完成专业分享≥2次,70,60.2
193,2025H1,KPI,关键差错率为0,30,42.0
195,2025H1,KPI,老客户续约率≥85%,20,68.7
195,2025H1,KPI,季度销售目标达成率≥90%,10,62.7
195,2025H1,KPI,新客户开发≥5家,30,67.3
195,2025H1,KPI,回款及时率≥95%,40,75.8
197,2025H1,OKR,回款及时率≥95%,30,74.1
197,2025H1,KPI,新客户开发≥5家,30,57.3
197,2025H1,KPI,季度销售目标达成率≥90%,20,66.1
197,2025H1,KPI,老客户续约率≥85%,20,73.1
200,2025H1,KPI,跨部门协作满意度≥4分,20,71.0
200,2025H1,KPI,关键差错率为0,40,75.8
200,2025H1,KPI,季度关键任务按期交付,40,73.1
201,2025H1,KPI,老客户续约率≥85%,30,50.7
201,2025H1,KPI,新客户开发≥5家,20,67.0
201,2025H1,KPI,回款及时率≥95%,50,70.9
202,2025H1,OKR,输出流程优化提案≥1项,50,78.6
202,2025H1,KPI,季度关键任务按期交付,50,62.0
203,2025H1,KPI,带教1名新成员通过转正,40,50.5
203,2025H1,OKR,完成关键技术方案设计并通过评审,60,76.3
205,2025H1,KPI,线上故障数同比下降20%,30,88.5
205,2025H1,OKR,核心模块交付及时率≥95%,10,68.6
205,2025H1,KPI,完成关键技术方案设计并通过评审,30,100
205,2025H1,KPI,带教1名新成员通过转正,30,59.0
206,2025H1,KPI,核心模块交付及时率≥95%,50,55.5
206,2025H1,KPI,带教1名新成员通过转正,40,79.8
206,2025H1,OKR,完成关键技术方案设计并通过评审,10,64.8
207,2025H1,KPI,关键差错率为0,30,59.9
207,2025H1,KPI,季度关键任务按期交付,50,56.5
207,2025H1,KPI,跨部门协作满意度≥4分,20,50.4
208,2025H1,KPI,关键差错率为0,20,52.3
208,2025H1,KPI,跨部门协作满意度≥4分,80,53.2
209,2025H1,KPI,核心模块交付及时率≥95%,40,53.9
209,2025H1,KPI,完成关键技术方案设计并通过评审,30,65.1
209,2025H1,KPI,线上故障数同比下降20%,30,58.6
210,2025H1,KPI,跨部门协作满意度≥4分,50,64.5
210,2025H1,KPI,完成专业分享≥2次,50,53.8
211,2025H1,KPI,关键差错率为0,20,69.3
211,2025H1,KPI,季度关键任务按期交付,10,82.9
211,2025H1,KPI,完成专业分享≥2次,30,70.7
211,2025H1,OKR,输出流程优化提案≥1项,40,66.2
212,2025H1,KPI,带教1名新成员通过转正,20,43.9
212,2025H1,KPI,完成关键技术方案设计并通过评审,30,70.4
212,2025H1,KPI,核心模块交付及时率≥95%,50,35.6
213,2025H1,KPI,完成专业分享≥2次,30,36.9
213,2025H1,KPI,季度关键任务按期交付,50,46.2
213,2025H1,KPI,输出流程优化提案≥1项,20,57.2
214,2025H1,KPI,带教1名新成员通过转正,30,53.0
214,2025H1,OKR,核心模块交付及时率≥95%,10,50.3
214,2025H1,OKR,完成关键技术方案设计并通过评审,60,83.2
215,2025H1,KPI,季度销售目标达成率≥90%,50,48.1
215,2025H1,KPI,老客户续约率≥85%,50,60.1
216,2025H1,KPI,核心模块交付及时率≥95%,20,98.7
216,2025H1,OKR,线上故障数同比下降20%,10,83.4
216,2025H1,OKR,带教1名新成员通过转正,30,88.2
216,2025H1,KPI,完成关键技术方案设计并通过评审,40,88.4
217,2025H1,OKR,完成专业分享≥2次,40,86.4
217,2025H1,OKR,跨部门协作满意度≥4分,20,82.2
217,2025H1,KPI,关键差错率为0,40,71.4
218,2025H1,KPI,季度关键任务按期交付,30,45.6
218,2025H1,OKR,输出流程优化提案≥1项,20,80.4
218,2025H1,OKR,关键差错率为0,50,51.8
220,2025H1,KPI,关键差错率为0,20,60.5
220,2025H1,KPI,季度关键任务按期交付,40,76.0
220,2025H1,KPI,跨部门协作满意度≥4分,40,62.5
221,2025H1,KPI,带教1名新成员通过转正,40,61.1
221,2025H1,OKR,核心模块交付及时率≥95%,40,59.6
221,2025H1,OKR,线上故障数同比下降20%,20,66.1
224,2025H1,KPI,完成关键技术方案设计并通过评审,30,66.9
224,2025H1,KPI,核心模块交付及时率≥95%,70,51.0
225,2025H1,KPI,输出流程优化提案≥1项,60,69.1
225,2025H1,KPI,关键差错率为0,40,74.1
226,2025H1,OKR,带教1名新成员通过转正,20,62.3
226,2025H1,KPI,线上故障数同比下降20%,40,77.7
226,2025H1,OKR,核心模块交付及时率≥95%,40,81.8
228,2025H1,OKR,线上故障数同比下降20%,20,82.2
228,2025H1,KPI,带教1名新成员通过转正,40,53.7
228,2025H1,KPI,核心模块交付及时率≥95%,20,67.0
228,2025H1,KPI,完成关键技术方案设计并通过评审,20,83.6
230,2025H1,OKR,核心模块交付及时率≥95%,70,69.2
230,2025H1,KPI,线上故障数同比下降20%,30,100
231,2025H1,KPI,完成专业分享≥2次,30,80.5
231,2025H1,OKR,关键差错率为0,60,84.7
231,2025H1,KPI,季度关键任务按期交付,10,100
232,2025H1,KPI,线上故障数同比下降20%,50,68.1
232,2025H1,OKR,完成关键技术方案设计并通过评审,50,68.5
234,2025H1,KPI,季度关键任务按期交付,60,71.9
234,2025H1,OKR,输出流程优化提案≥1项,40,78.1
236,2025H1,OKR,线上故障数同比下降20%,30,69.0
236,2025H1,OKR,核心模块交付及时率≥95%,10,58.1
236,2025H1,KPI,带教1名新成员通过转正,20,59.8
236,2025H1,KPI,完成关键技术方案设计并通过评审,40,63.5
237,2025H1,OKR,回款及时率≥95%,50,84.7
237,2025H1,OKR,新客户开发≥5家,50,63.7
239,2025H1,KPI,线上故障数同比下降20%,40,50.8
239,2025H1,OKR,带教1名新成员通过转正,30,52.9
239,2025H1,KPI,核心模块交付及时率≥95%,30,75.1
240,2025H1,OKR,输出流程优化提案≥1项,40,63.2
240,2025H1,KPI,季度关键任务按期交付,10,74.6
240,2025H1,KPI,关键差错率为0,50,52.7
242,2025H1,OKR,输出流程优化提案≥1项,50,52.0
242,2025H1,KPI,跨部门协作满意度≥4分,50,61.1
243,2025H1,KPI,完成专业分享≥2次,60,67.2
243,2025H1,KPI,关键差错率为0,40,48.8
245,2025H1,KPI,核心模块交付及时率≥95%,40,93.4
245,2025H1,KPI,完成关键技术方案设计并通过评审,20,90.1
245,2025H1,KPI,带教1名新成员通过转正,10,77.6
245,2025H1,OKR,线上故障数同比下降20%,30,84.3
248,2025H1,KPI,完成关键技术方案设计并通过评审,70,83.1
248,2025H1,KPI,线上故障数同比下降20%,30,73.9
250,2025H1,OKR,输出流程优化提案≥1项,20,62.3
250,2025H1,KPI,完成专业分享≥2次,40,43.6
250,2025H1,KPI,季度关键任务按期交付,40,54.9
252,2025H1,KPI,季度关键任务按期交付,20,80.5
252,2025H1,OKR,输出流程优化提案≥1项,20,76.9
252,2025H1,KPI,完成专业分享≥2次,60,62.1
253,2025H1,OKR,线上故障数同比下降20%,50,61.1
253,2025H1,OKR,核心模块交付及时率≥95%,50,53.5
255,2025H1,KPI,核心模块交付及时率≥95%,30,71.5
255,2025H1,OKR,完成关键技术方案设计并通过评审,10,71.6
255,2025H1,OKR,线上故障数同比下降20%,40,56.6
255,2025H1,KPI,带教1名新成员通过转正,20,87.5
256,2025H1,KPI,完成关键技术方案设计并通过评审,30,70.2
256,2025H1,KPI,核心模块交付及时率≥95%,70,93.1
257,2025H1,OKR,完成关键技术方案设计并通过评审,10,76.0
257,2025H1,OKR,核心模块交付及时率≥95%,60,73.6
257,2025H1,KPI,带教1名新成员通过转正,30,70.2
261,2025H1,KPI,季度关键任务按期交付,10,50.4
261,2025H1,OKR,完成专业分享≥2次,50,33.5
261,2025H1,KPI,输出流程优化提案≥1项,40,39.5
262,2025H1,KPI,核心模块交付及时率≥95%,30,72.8
262,2025H1,OKR,完成关键技术方案设计并通过评审,40,85.9
262,2025H1,OKR,线上故障数同比下降20%,20,45.3
262,2025H1,OKR,带教1名新成员通过转正,10,79.5
263,2025H1,KPI,线上故障数同比下降20%,50,49.7
263,2025H1,KPI,带教1名新成员通过转正,50,50.4
264,2025H1,OKR,季度销售目标达成率≥90%,30,41.2
264,2025H1,KPI,老客户续约率≥85%,70,25.4
265,2025H1,KPI,输出流程优化提案≥1项,20,50.0
265,2025H1,KPI,关键差错率为0,30,32.0
265,2025H1,OKR,季度关键任务按期交付,50,34.0
266,2025H1,KPI,季度销售目标达成率≥90%,30,58.1
266,2025H1,OKR,新客户开发≥5家,20,71.6
266,2025H1,KPI,回款及时率≥95%,50,61.6
267,2025H1,KPI,跨部门协作满意度≥4分,40,50.6
267,2025H1,KPI,输出流程优化提案≥1项,30,50.5
267,2025H1,OKR,完成专业分享≥2次,30,37.6
268,2025H1,KPI,关键差错率为0,30,60.4
268,2025H1,KPI,完成专业分享≥2次,70,25.5
269,2025H1,KPI,关键差错率为0,30,92.6
269,2025H1,KPI,季度关键任务按期交付,30,86.4
269,2025H1,KPI,输出流程优化提案≥1项,40,91.9
271,2025H1,OKR,季度关键任务按期交付,40,38.9
271,2025H1,KPI,关键差错率为0,20,41.8
271,2025H1,KPI,输出流程优化提案≥1项,20,48.6
271,2025H1,OKR,完成专业分享≥2次,20,64.4
272,2025H1,KPI,核心模块交付及时率≥95%,40,40.8
272,2025H1,KPI,线上故障数同比下降20%,60,35.0
273,2025H1,KPI,新客户开发≥5家,50,27.8
273,2025H1,KPI,季度销售目标达成率≥90%,50,42.4
275,2025H1,KPI,跨部门协作满意度≥4分,20,59.7
275,2025H1,KPI,关键差错率为0,40,57.9
275,2025H1,KPI,输出流程优化提案≥1项,10,77.1
275,2025H1,KPI,季度关键任务按期交付,30,56.2
278,2025H1,OKR,跨部门协作满意度≥4分,60,32.7
278,2025H1,KPI,关键差错率为0,40,32.7
279,2025H1,OKR,老客户续约率≥85%,40,100
279,2025H1,KPI,回款及时率≥95%,60,86.3
280,2025H1,KPI,跨部门协作满意度≥4分,20,48.0
280,2025H1,KPI,季度关键任务按期交付,50,15.0
280,2025H1,KPI,完成专业分享≥2次,20,43.3
280,2025H1,OKR,输出流程优化提案≥1项,10,46.3
281,2025H1,KPI,完成专业分享≥2次,20,58.9
281,2025H1,KPI,跨部门协作满意度≥4分,40,80.0
281,2025H1,KPI,季度关键任务按期交付,20,68.8
281,2025H1,KPI,输出流程优化提案≥1项,20,92.7
282,2025H1,KPI,核心模块交付及时率≥95%,20,87.8
282,2025H1,KPI,带教1名新成员通过转正,40,49.8
282,2025H1,OKR,线上故障数同比下降20%,30,74.0
282,2025H1,KPI,完成关键技术方案设计并通过评审,10,85.5
283,2025H1,OKR,完成关键技术方案设计并通过评审,60,91.8
283,2025H1,KPI,核心模块交付及时率≥95%,40,100
284,2025H1,KPI,核心模块交付及时率≥95%,50,43.8
284,2025H1,KPI,带教1名新成员通过转正,50,47.4
285,2025H1,KPI,季度关键任务按期交付,40,47.0
285,2025H1,KPI,跨部门协作满意度≥4分,40,67.1
285,2025H1,KPI,关键差错率为0,20,78.3
287,2025H1,KPI,老客户续约率≥85%,60,53.4
287,2025H1,KPI,回款及时率≥95%,30,47.3
287,2025H1,OKR,季度销售目标达成率≥90%,10,65.9
288,2025H1,KPI,老客户续约率≥85%,50,64.4
288,2025H1,KPI,新客户开发≥5家,20,78.8
288,2025H1,KPI,回款及时率≥95%,20,83.9
288,2025H1,KPI,季度销售目标达成率≥90%,10,60.8
289,2025H1,KPI,老客户续约率≥85%,40,41.1
289,2025H1,OKR,季度销售目标达成率≥90%,30,65.0
289,2025H1,KPI,新客户开发≥5家,10,47.8
289,2025H1,KPI,回款及时率≥95%,20,43.3
291,2025H1,KPI,线上故障数同比下降20%,50,81.9
291,2025H1,KPI,核心模块交付及时率≥95%,50,69.4
292,2025H1,KPI,季度销售目标达成率≥90%,50,55.7
292,2025H1,KPI,新客户开发≥5家,50,61.4
293,2025H1,KPI,核心模块交付及时率≥95%,60,69.0
293,2025H1,KPI,线上故障数同比下降20%,40,69.4
295,2025H1,KPI,完成关键技术方案设计并通过评审,40,62.7
295,2025H1,KPI,带教1名新成员通过转正,10,59.3
295,2025H1,KPI,核心模块交付及时率≥95%,50,100
297,2025H1,KPI,老客户续约率≥85%,50,100
297,2025H1,KPI,季度销售目标达成率≥90%,50,76.5
298,2025H1,KPI,新客户开发≥5家,30,76.6
298,2025H1,KPI,回款及时率≥95%,10,83.8
298,2025H1,KPI,季度销售目标达成率≥90%,20,84.8
298,2025H1,KPI,老客户续约率≥85%,40,99.3
299,2025H1,OKR,新客户开发≥5家,60,53.8
299,2025H1,KPI,回款及时率≥95%,40,83.7
302,2025H1,OKR,带教1名新成员通过转正,40,85.6
302,2025H1,OKR,线上故障数同比下降20%,30,68.7
302,2025H1,KPI,完成关键技术方案设计并通过评审,30,100
303,2025H1,KPI,输出流程优化提案≥1项,50,88.9
303,2025H1,KPI,跨部门协作满意度≥4分,50,46.3
305,2025H1,OKR,季度关键任务按期交付,40,63.8
305,2025H1,OKR,关键差错率为0,60,78.1
307,2025H1,KPI,季度销售目标达成率≥90%,40,73.9
307,2025H1,KPI,老客户续约率≥85%,30,61.9
307,2025H1,KPI,新客户开发≥5家,30,58.5
308,2025H1,OKR,季度销售目标达成率≥90%,70,56.9
308,2025H1,OKR,老客户续约率≥85%,30,78.3
309,2025H1,KPI,核心模块交付及时率≥95%,20,82.7
309,2025H1,KPI,带教1名新成员通过转正,20,77.2
309,2025H1,KPI,完成关键技术方案设计并通过评审,40,70.7
309,2025H1,KPI,线上故障数同比下降20%,20,90.5
310,2025H1,KPI,线上故障数同比下降20%,20,58.9
310,2025H1,OKR,完成关键技术方案设计并通过评审,40,65.9
310,2025H1,OKR,核心模块交付及时率≥95%,30,56.3
310,2025H1,KPI,带教1名新成员通过转正,10,42.6
311,2025H1,OKR,线上故障数同比下降20%,20,68.2
311,2025H1,KPI,完成关键技术方案设计并通过评审,30,53.9
311,2025H1,KPI,带教1名新成员通过转正,20,70.3
311,2025H1,OKR,核心模块交付及时率≥95%,30,70.4
312,2025H1,KPI,输出流程优化提案≥1项,20,88.3
312,2025H1,OKR,完成专业分享≥2次,40,65.8
312,2025H1,KPI,跨部门协作满意度≥4分,10,45.0
312,2025H1,KPI,关键差错率为0,30,60.2
313,2025H1,OKR,完成专业分享≥2次,50,72.5
313,2025H1,KPI,季度关键任务按期交付,30,76.6
313,2025H1,OKR,跨部门协作满意度≥4分,20,57.7
315,2025H1,KPI,关键差错率为0,10,73.8
315,2025H1,KPI,季度关键任务按期交付,40,74.1
315,2025H1,KPI,跨部门协作满意度≥4分,20,67.6
315,2025H1,KPI,输出流程优化提案≥1项,30,49.1
316,2025H1,KPI,完成关键技术方案设计并通过评审,30,86.5
316,2025H1,KPI,线上故障数同比下降20%,20,98.8
316,2025H1,OKR,核心模块交付及时率≥95%,40,90.1
316,2025H1,KPI,带教1名新成员通过转正,10,60.5
317,2025H1,OKR,完成专业分享≥2次,40,72.9
317,2025H1,KPI,跨部门协作满意度≥4分,60,58.9
319,2025H1,OKR,季度关键任务按期交付,40,80.6
319,2025H1,KPI,完成专业分享≥2次,30,52.8
319,2025H1,KPI,跨部门协作满意度≥4分,30,82.7
320,2025H1,KPI,季度关键任务按期交付,30,80.2
320,2025H1,KPI,关键差错率为0,20,84.4
320,2025H1,KPI,跨部门协作满意度≥4分,50,82.6
321,2025H1,OKR,季度关键任务按期交付,40,82.7
321,2025H1,KPI,完成专业分享≥2次,10,57.4
321,2025H1,OKR,输出流程优化提案≥1项,20,69.8
321,2025H1,OKR,跨部门协作满意度≥4分,30,73.2
323,2025H1,KPI,季度关键任务按期交付,80,54.0
323,2025H1,OKR,输出流程优化提案≥1项,20,63.4
325,2025H1,OKR,老客户续约率≥85%,40,81.2
325,2025H1,KPI,季度销售目标达成率≥90%,40,49.9
325,2025H1,KPI,新客户开发≥5家,20,55.7
327,2025H1,OKR,回款及时率≥95%,30,66.4
327,2025H1,KPI,新客户开发≥5家,20,58.6
327,2025H1,KPI,老客户续约率≥85%,50,85.6
328,2025H1,KPI,输出流程优化提案≥1项,40,46.5
328,2025H1,KPI,完成专业分享≥2次,40,41.2
328,2025H1,KPI,季度关键任务按期交付,20,78.1
329,2025H1,KPI,完成专业分享≥2次,30,72.1
329,2025H1,OKR,跨部门协作满意度≥4分,60,31.3
329,2025H1,KPI,季度关键任务按期交付,10,23.6
331,2025H1,KPI,输出流程优化提案≥1项,20,63.1
331,2025H1,KPI,完成专业分享≥2次,20,79.8
331,2025H1,KPI,跨部门协作满意度≥4分,20,60.8
331,2025H1,KPI,关键差错率为0,40,78.7
333,2025H1,KPI,完成专业分享≥2次,10,56.9
333,2025H1,KPI,季度关键任务按期交付,50,27.0
333,2025H1,KPI,关键差错率为0,40,67.6
334,2025H1,KPI,季度销售目标达成率≥90%,30,56.4
334,2025H1,KPI,新客户开发≥5家,20,52.7
334,2025H1,KPI,回款及时率≥95%,30,27.0
334,2025H1,KPI,老客户续约率≥85%,20,40.9
335,2025H1,KPI,老客户续约率≥85%,50,65.2
335,2025H1,KPI,季度销售目标达成率≥90%,50,63.3
338,2025H1,OKR,回款及时率≥95%,40,28.1
338,2025H1,KPI,新客户开发≥5家,60,36.1
339,2025H1,KPI,季度关键任务按期交付,60,43.9
339,2025H1,KPI,输出流程优化提案≥1项,40,53.3
341,2025H1,OKR,完成专业分享≥2次,40,69.8
341,2025H1,KPI,季度关键任务按期交付,20,75.2
341,2025H1,KPI,跨部门协作满意度≥4分,30,55.6
341,2025H1,OKR,输出流程优化提案≥1项,10,78.5
342,2025H1,KPI,完成专业分享≥2次,20,94.4
342,2025H1,KPI,输出流程优化提案≥1项,20,78.8
342,2025H1,KPI,季度关键任务按期交付,20,88.7
342,2025H1,KPI,关键差错率为0,40,96.4
343,2025H1,OKR,完成专业分享≥2次,40,79.0
343,2025H1,KPI,季度关键任务按期交付,40,86.4
343,2025H1,OKR,输出流程优化提案≥1项,20,74.9
345,2025H1,KPI,核心模块交付及时率≥95%,50,79.9
345,2025H1,OKR,带教1名新成员通过转正,50,78.5
346,2025H1,KPI,完成关键技术方案设计并通过评审,30,74.0
346,2025H1,KPI,带教1名新成员通过转正,30,52.1
346,2025H1,KPI,线上故障数同比下降20%,10,64.6
346,2025H1,OKR,核心模块交付及时率≥95%,30,67.7
347,2025H1,KPI,核心模块交付及时率≥95%,40,60.5
347,2025H1,KPI,完成关键技术方案设计并通过评审,60,66.5
348,2025H1,KPI,季度关键任务按期交付,40,50.6
348,2025H1,KPI,完成专业分享≥2次,30,34.2
348,2025H1,KPI,关键差错率为0,30,30.6
349,2025H1,KPI,输出流程优化提案≥1项,10,67.8
349,2025H1,OKR,完成专业分享≥2次,20,92.9
349,2025H1,KPI,跨部门协作满意度≥4分,40,100
349,2025H1,KPI,季度关键任务按期交付,30,88.5
350,2025H1,OKR,完成专业分享≥2次,20,73.6
350,2025H1,OKR,关键差错率为0,30,81.3
350,2025H1,KPI,输出流程优化提案≥1项,30,70.4
350,2025H1,KPI,季度关键任务按期交付,20,91.5
351,2025H1,KPI,输出流程优化提案≥1项,20,43.9
351,2025H1,OKR,完成专业分享≥2次,20,43.1
351,2025H1,KPI,关键差错率为0,60,17.2
352,2025H1,KPI,完成关键技术方案设计并通过评审,50,42.8
352,2025H1,KPI,线上故障数同比下降20%,10,39.1
352,2025H1,KPI,带教1名新成员通过转正,40,54.3
353,2025H1,KPI,带教1名新成员通过转正,30,80.6
353,2025H1,OKR,完成关键技术方案设计并通过评审,30,75.3
353,2025H1,KPI,核心模块交付及时率≥95%,30,69.3
353,2025H1,KPI,线上故障数同比下降20%,10,71.4
354,2025H1,OKR,核心模块交付及时率≥95%,50,45.9
354,2025H1,KPI,完成关键技术方案设计并通过评审,50,76.3
355,2025H1,OKR,输出流程优化提案≥1项,30,52.5
355,2025H1,KPI,跨部门协作满意度≥4分,40,60.1
355,2025H1,KPI,关键差错率为0,30,63.4
356,2025H1,KPI,带教1名新成员通过转正,10,82.0
356,2025H1,KPI,核心模块交付及时率≥95%,50,85.6
356,2025H1,OKR,完成关键技术方案设计并通过评审,10,93.5
356,2025H1,KPI,线上故障数同比下降20%,30,85.4
357,2025H1,KPI,线上故障数同比下降20%,40,57.4
357,2025H1,OKR,核心模块交付及时率≥95%,30,62.4
357,2025H1,KPI,带教1名新成员通过转正,30,66.7
358,2025H1,OKR,带教1名新成员通过转正,40,54.3
358,2025H1,KPI,完成关键技术方案设计并通过评审,30,72.9
358,2025H1,KPI,线上故障数同比下降20%,30,59.5
359,2025H1,KPI,季度销售目标达成率≥90%,20,74.3
359,2025H1,OKR,老客户续约率≥85%,50,83.4
359,2025H1,OKR,回款及时率≥95%,20,79.3
359,2025H1,KPI,新客户开发≥5家,10,60.3
360,2025H1,OKR,输出流程优化提案≥1项,10,59.9
360,2025H1,OKR,完成专业分享≥2次,50,70.2
360,2025H1,KPI,跨部门协作满意度≥4分,40,63.2
362,2025H1,KPI,跨部门协作满意度≥4分,30,66.3
362,2025H1,OKR,关键差错率为0,20,38.7
362,2025H1,KPI,输出流程优化提案≥1项,20,47.5
362,2025H1,OKR,完成专业分享≥2次,30,56.7
363,2025H1,KPI,完成关键技术方案设计并通过评审,50,62.8
363,2025H1,KPI,带教1名新成员通过转正,50,69.8
365,2025H1,OKR,线上故障数同比下降20%,30,85.8
365,2025H1,KPI,完成关键技术方案设计并通过评审,40,61.9
365,2025H1,KPI,带教1名新成员通过转正,10,100
365,2025H1,KPI,核心模块交付及时率≥95%,20,98.0
366,2025H1,OKR,带教1名新成员通过转正,30,50.4
366,2025H1,OKR,核心模块交付及时率≥95%,10,59.2
366,2025H1,KPI,线上故障数同比下降20%,40,48.1
366,2025H1,KPI,完成关键技术方案设计并通过评审,20,55.2
367,2025H1,OKR,核心模块交付及时率≥95%,30,63.7
367,2025H1,KPI,完成关键技术方案设计并通过评审,20,48.7
367,2025H1,KPI,线上故障数同比下降20%,50,68.7
368,2025H1,KPI,输出流程优化提案≥1项,50,73.7
368,2025H1,OKR,季度关键任务按期交付,50,79.4
369,2025H1,KPI,完成专业分享≥2次,20,31.8
369,2025H1,KPI,跨部门协作满意度≥4分,30,60.3
369,2025H1,KPI,输出流程优化提案≥1项,10,40.0
369,2025H1,KPI,关键差错率为0,40,42.3
370,2025H1,KPI,输出流程优化提案≥1项,60,91.0
370,2025H1,KPI,季度关键任务按期交付,30,78.1
370,2025H1,KPI,关键差错率为0,10,94.3
373,2025H1,OKR,完成关键技术方案设计并通过评审,20,37.7
373,2025H1,KPI,线上故障数同比下降20%,10,42.2
373,2025H1,OKR,核心模块交付及时率≥95%,50,21.6
373,2025H1,KPI,带教1名新成员通过转正,20,26.4
374,2025H1,OKR,核心模块交付及时率≥95%,50,62.9
374,2025H1,KPI,线上故障数同比下降20%,50,92.6
376,2025H1,KPI,季度关键任务按期交付,30,91.7
376,2025H1,KPI,关键差错率为0,30,95.7
376,2025H1,KPI,跨部门协作满意度≥4分,20,85.2
376,2025H1,KPI,输出流程优化提案≥1项,20,97.8
377,2025H1,OKR,带教1名新成员通过转正,20,53.9
377,2025H1,KPI,线上故障数同比下降20%,20,63.9
377,2025H1,KPI,核心模块交付及时率≥95%,60,62.8
378,2025H1,KPI,带教1名新成员通过转正,30,56.2
378,2025H1,KPI,完成关键技术方案设计并通过评审,30,46.0
378,2025H1,OKR,核心模块交付及时率≥95%,40,67.4
379,2025H1,OKR,带教1名新成员通过转正,20,59.0
379,2025H1,OKR,核心模块交付及时率≥95%,30,64.8
379,2025H1,KPI,线上故障数同比下降20%,10,100
379,2025H1,KPI,完成关键技术方案设计并通过评审,40,93.0
380,2025H1,KPI,带教1名新成员通过转正,20,85.5
380,2025H1,KPI,线上故障数同比下降20%,10,100
380,2025H1,KPI,核心模块交付及时率≥95%,30,88.4
380,2025H1,KPI,完成关键技术方案设计并通过评审,40,90.3
381,2025H1,KPI,带教1名新成员通过转正,40,45.7
381,2025H1,KPI,核心模块交付及时率≥95%,40,58.5
381,2025H1,KPI,线上故障数同比下降20%,20,35.5
384,2025H1,KPI,老客户续约率≥85%,30,49.2
384,2025H1,OKR,新客户开发≥5家,30,58.2
384,2025H1,KPI,季度销售目标达成率≥90%,40,54.1
385,2025H1,KPI,季度销售目标达成率≥90%,30,32.8
385,2025H1,KPI,老客户续约率≥85%,40,57.3
385,2025H1,KPI,新客户开发≥5家,30,61.1
386,2025H1,KPI,输出流程优化提案≥1项,20,50.0
386,2025H1,KPI,季度关键任务按期交付,30,62.4
386,2025H1,OKR,跨部门协作满意度≥4分,20,68.2
386,2025H1,OKR,完成专业分享≥2次,30,51.8
389,2025H1,KPI,跨部门协作满意度≥4分,70,85.1
389,2025H1,OKR,季度关键任务按期交付,30,66.5
391,2025H1,OKR,跨部门协作满意度≥4分,40,44.1
391,2025H1,OKR,关键差错率为0,60,41.9
392,2025H1,KPI,线上故障数同比下降20%,20,29.7
392,2025H1,OKR,带教1名新成员通过转正,50,56.0
392,2025H1,OKR,核心模块交付及时率≥95%,10,50.2
392,2025H1,KPI,完成关键技术方案设计并通过评审,20,52.0
394,2025H1,KPI,新客户开发≥5家,50,88.1
394,2025H1,OKR,回款及时率≥95%,20,91.7
394,2025H1,KPI,老客户续约率≥85%,30,99.5
395,2025H1,OKR,季度销售目标达成率≥90%,30,71.3
395,2025H1,OKR,老客户续约率≥85%,20,90.0
395,2025H1,KPI,新客户开发≥5家,50,66.6
398,2025H1,KPI,季度关键任务按期交付,30,61.4
398,2025H1,OKR,跨部门协作满意度≥4分,30,80.8
398,2025H1,KPI,关键差错率为0,40,64.7
400,2025H1,KPI,核心模块交付及时率≥95%,60,67.3
400,2025H1,KPI,带教1名新成员通过转正,40,63.6
401,2025H1,OKR,核心模块交付及时率≥95%,30,84.0
401,2025H1,KPI,带教1名新成员通过转正,30,66.4
401,2025H1,KPI,线上故障数同比下降20%,40,54.4
402,2025H1,OKR,带教1名新成员通过转正,50,41.8
402,2025H1,KPI,完成关键技术方案设计并通过评审,50,38.7
403,2025H1,KPI,完成关键技术方案设计并通过评审,30,67.5
403,2025H1,OKR,线上故障数同比下降20%,40,68.3
403,2025H1,KPI,带教1名新成员通过转正,20,68.1
403,2025H1,KPI,核心模块交付及时率≥95%,10,73.1
406,2025H1,OKR,回款及时率≥95%,30,55.3
406,2025H1,OKR,季度销售目标达成率≥90%,70,86.5
407,2025H1,KPI,回款及时率≥95%,20,52.1
407,2025H1,KPI,老客户续约率≥85%,50,61.3
407,2025H1,OKR,新客户开发≥5家,30,64.1
410,2025H1,OKR,完成专业分享≥2次,30,35.5
410,2025H1,KPI,输出流程优化提案≥1项,20,67.3
410,2025H1,KPI,季度关键任务按期交付,20,70.9
410,2025H1,KPI,跨部门协作满意度≥4分,30,64.1
411,2025H1,KPI,核心模块交付及时率≥95%,40,72.6
411,2025H1,OKR,完成关键技术方案设计并通过评审,60,72.0
412,2025H1,KPI,核心模块交付及时率≥95%,20,79.2
412,2025H1,OKR,完成关键技术方案设计并通过评审,30,74.2
412,2025H1,OKR,带教1名新成员通过转正,50,82.7
413,2025H1,KPI,完成关键技术方案设计并通过评审,40,69.2
413,2025H1,KPI,核心模块交付及时率≥95%,20,84.2
413,2025H1,OKR,线上故障数同比下降20%,40,56.2
414,2025H1,KPI,核心模块交付及时率≥95%,20,52.5
414,2025H1,OKR,完成关键技术方案设计并通过评审,20,56.0
414,2025H1,KPI,线上故障数同比下降20%,30,60.2
414,2025H1,KPI,带教1名新成员通过转正,30,40.1
415,2025H1,OKR,新客户开发≥5家,20,70.3
415,2025H1,KPI,回款及时率≥95%,40,94.6
415,2025H1,KPI,老客户续约率≥85%,20,86.0
415,2025H1,KPI,季度销售目标达成率≥90%,20,73.4
417,2025H1,KPI,老客户续约率≥85%,40,56.4
417,2025H1,KPI,回款及时率≥95%,20,57.5
417,2025H1,KPI,新客户开发≥5家,30,58.6
417,2025H1,KPI,季度销售目标达成率≥90%,10,86.6
419,2025H1,OKR,线上故障数同比下降20%,40,100
419,2025H1,KPI,完成关键技术方案设计并通过评审,10,92.6
419,2025H1,OKR,带教1名新成员通过转正,20,100
419,2025H1,KPI,核心模块交付及时率≥95%,30,92.9
420,2025H1,KPI,关键差错率为0,30,72.4
420,2025H1,KPI,输出流程优化提案≥1项,20,100
420,2025H1,OKR,跨部门协作满意度≥4分,30,93.4
420,2025H1,OKR,季度关键任务按期交付,20,76.2
422,2025H1,KPI,带教1名新成员通过转正,20,59.6
422,2025H1,KPI,完成关键技术方案设计并通过评审,30,48.6
422,2025H1,KPI,线上故障数同比下降20%,20,43.1
422,2025H1,KPI,核心模块交付及时率≥95%,30,57.7
423,2025H1,KPI,完成关键技术方案设计并通过评审,30,49.4
423,2025H1,KPI,线上故障数同比下降20%,40,51.1
423,2025H1,OKR,核心模块交付及时率≥95%,20,32.1
423,2025H1,KPI,带教1名新成员通过转正,10,43.0
424,2025H1,KPI,老客户续约率≥85%,30,46.3
424,2025H1,OKR,新客户开发≥5家,40,47.5
424,2025H1,OKR,回款及时率≥95%,10,41.3
424,2025H1,KPI,季度销售目标达成率≥90%,20,52.4
426,2025H1,OKR,核心模块交付及时率≥95%,30,96.0
426,2025H1,KPI,带教1名新成员通过转正,70,83.5
429,2025H1,KPI,季度销售目标达成率≥90%,20,68.9
429,2025H1,OKR,老客户续约率≥85%,20,72.0
429,2025H1,OKR,回款及时率≥95%,20,70.2
429,2025H1,KPI,新客户开发≥5家,40,58.6
430,2025H1,OKR,完成关键技术方案设计并通过评审,40,55.2
430,2025H1,KPI,核心模块交付及时率≥95%,40,15
430,2025H1,KPI,线上故障数同比下降20%,20,55.8
431,2025H1,OKR,输出流程优化提案≥1项,50,50.5
431,2025H1,KPI,跨部门协作满意度≥4分,50,79.4
432,2025H1,KPI,线上故障数同比下降20%,50,81.2
432,2025H1,KPI,带教1名新成员通过转正,50,97.1
433,2025H1,OKR,完成关键技术方案设计并通过评审,30,33.6
433,2025H1,KPI,线上故障数同比下降20%,30,26.8
433,2025H1,KPI,核心模块交付及时率≥95%,30,36.4
433,2025H1,KPI,带教1名新成员通过转正,10,34.3
434,2025H1,KPI,完成关键技术方案设计并通过评审,50,75.0
434,2025H1,OKR,核心模块交付及时率≥95%,50,78.5
435,2025H1,KPI,核心模块交付及时率≥95%,30,94.6
435,2025H1,OKR,带教1名新成员通过转正,20,81.9
435,2025H1,OKR,线上故障数同比下降20%,20,94.9
435,2025H1,KPI,完成关键技术方案设计并通过评审,30,85.6
437,2025H1,KPI,老客户续约率≥85%,40,84.4
437,2025H1,OKR,季度销售目标达成率≥90%,30,71.5
437,2025H1,KPI,回款及时率≥95%,30,95.4
439,2025H1,OKR,关键差错率为0,50,54.5
439,2025H1,KPI,输出流程优化提案≥1项,50,54.4
441,2025H1,KPI,季度关键任务按期交付,60,64.4
441,2025H1,OKR,跨部门协作满意度≥4分,40,65.2
442,2025H1,KPI,季度关键任务按期交付,10,82.4
442,2025H1,KPI,完成专业分享≥2次,20,47.3
442,2025H1,OKR,跨部门协作满意度≥4分,40,90.7
442,2025H1,OKR,关键差错率为0,30,82.7
443,2025H1,KPI,完成专业分享≥2次,30,76.5
443,2025H1,KPI,输出流程优化提案≥1项,30,64.3
443,2025H1,KPI,关键差错率为0,40,78.7
445,2025H1,KPI,回款及时率≥95%,50,77.3
445,2025H1,KPI,新客户开发≥5家,50,100
447,2025H1,OKR,核心模块交付及时率≥95%,40,38.6
447,2025H1,KPI,完成关键技术方案设计并通过评审,60,44.7
448,2025H1,OKR,输出流程优化提案≥1项,20,80.1
448,2025H1,OKR,季度关键任务按期交付,60,58.4
448,2025H1,OKR,关键差错率为0,20,60.1
449,2025H1,KPI,关键差错率为0,50,100
449,2025H1,KPI,季度关键任务按期交付,30,97.6
449,2025H1,OKR,完成专业分享≥2次,20,94.1
450,2025H1,KPI,关键差错率为0,30,41.6
450,2025H1,KPI,季度关键任务按期交付,30,51.4
450,2025H1,KPI,跨部门协作满意度≥4分,40,72.8
452,2025H1,KPI,带教1名新成员通过转正,20,74.1
452,2025H1,KPI,线上故障数同比下降20%,30,77.0
452,2025H1,KPI,完成关键技术方案设计并通过评审,10,63.0
452,2025H1,KPI,核心模块交付及时率≥95%,40,48.9
453,2025H1,KPI,线上故障数同比下降20%,20,72.0
453,2025H1,KPI,带教1名新成员通过转正,50,49.3
453,2025H1,KPI,核心模块交付及时率≥95%,30,75.5
456,2025H1,KPI,关键差错率为0,40,50.1
456,2025H1,KPI,季度关键任务按期交付,60,72.5
457,2025H1,KPI,季度关键任务按期交付,50,47.7
457,2025H1,OKR,跨部门协作满意度≥4分,50,42.2
458,2025H1,KPI,关键差错率为0,50,62.7
458,2025H1,OKR,完成专业分享≥2次,50,68.2
459,2025H1,KPI,线上故障数同比下降20%,10,44.7
459,2025H1,OKR,带教1名新成员通过转正,20,55.0
459,2025H1,OKR,完成关键技术方案设计并通过评审,50,65.9
459,2025H1,KPI,核心模块交付及时率≥95%,20,29.5
460,2025H1,KPI,线上故障数同比下降20%,40,47.5
460,2025H1,KPI,核心模块交付及时率≥95%,60,48.8
461,2025H1,OKR,带教1名新成员通过转正,20,64.9
461,2025H1,KPI,完成关键技术方案设计并通过评审,40,68.1
461,2025H1,KPI,线上故障数同比下降20%,40,100
462,2025H1,KPI,完成关键技术方案设计并通过评审,50,62.4
462,2025H1,KPI,线上故障数同比下降20%,10,74.1
462,2025H1,KPI,核心模块交付及时率≥95%,10,60.4
462,2025H1,KPI,带教1名新成员通过转正,30,67.8
464,2025H1,KPI,带教1名新成员通过转正,30,80.6
464,2025H1,KPI,核心模块交付及时率≥95%,40,97.0
464,2025H1,KPI,完成关键技术方案设计并通过评审,30,73.5
466,2025H1,OKR,季度关键任务按期交付,60,100
466,2025H1,KPI,关键差错率为0,40,77.4
469,2025H1,OKR,关键差错率为0,40,94.5
469,2025H1,OKR,完成专业分享≥2次,10,100
469,2025H1,OKR,输出流程优化提案≥1项,50,66.4
470,2025H1,KPI,回款及时率≥95%,50,64.0
470,2025H1,KPI,季度销售目标达成率≥90%,50,47.7
471,2025H1,OKR,带教1名新成员通过转正,60,56.2
471,2025H1,KPI,线上故障数同比下降20%,20,76.2
471,2025H1,KPI,核心模块交付及时率≥95%,20,53.5
472,2025H1,KPI,回款及时率≥95%,20,96.7
472,2025H1,KPI,新客户开发≥5家,40,64.3
472,2025H1,OKR,老客户续约率≥85%,40,87.7
473,2025H1,OKR,线上故障数同比下降20%,10,77.5
473,2025H1,OKR,完成关键技术方案设计并通过评审,40,56.5
473,2025H1,OKR,核心模块交付及时率≥95%,50,70.5
474,2025H1,KPI,季度销售目标达成率≥90%,10,95.0
474,2025H1,KPI,新客户开发≥5家,70,78.9
474,2025H1,OKR,老客户续约率≥85%,20,71.9
475,2025H1,KPI,新客户开发≥5家,40,44.8
475,2025H1,KPI,老客户续约率≥85%,60,39.2
476,2025H1,KPI,输出流程优化提案≥1项,40,68.1
476,2025H1,OKR,季度关键任务按期交付,60,93.6
477,2025H1,KPI,带教1名新成员通过转正,30,64.1
477,2025H1,OKR,完成关键技术方案设计并通过评审,30,54.0
477,2025H1,KPI,线上故障数同比下降20%,10,70.0
477,2025H1,OKR,核心模块交付及时率≥95%,30,51.9
479,2025H1,KPI,季度关键任务按期交付,30,50.5
479,2025H1,OKR,关键差错率为0,40,71.5
479,2025H1,KPI,跨部门协作满意度≥4分,30,29.1
480,2025H1,OKR,完成专业分享≥2次,60,76.1
480,2025H1,KPI,输出流程优化提案≥1项,40,54.0
481,2025H1,KPI,完成关键技术方案设计并通过评审,20,63.5
481,2025H1,OKR,核心模块交付及时率≥95%,30,88.2
481,2025H1,KPI,线上故障数同比下降20%,20,88.2
481,2025H1,OKR,带教1名新成员通过转正,30,75.4
483,2025H1,OKR,关键差错率为0,30,20.4
483,2025H1,KPI,季度关键任务按期交付,70,24.5
484,2025H1,OKR,关键差错率为0,20,63.1
484,2025H1,KPI,完成专业分享≥2次,10,66.0
484,2025H1,OKR,季度关键任务按期交付,30,91.3
484,2025H1,KPI,输出流程优化提案≥1项,40,80.5
486,2025H1,KPI,完成关键技术方案设计并通过评审,60,45.2
486,2025H1,KPI,带教1名新成员通过转正,40,56.1
487,2025H1,KPI,带教1名新成员通过转正,20,95.0
487,2025H1,KPI,完成关键技术方案设计并通过评审,30,79.2
487,2025H1,KPI,线上故障数同比下降20%,20,54.6
487,2025H1,KPI,核心模块交付及时率≥95%,30,79.0
489,2025H1,KPI,跨部门协作满意度≥4分,30,63.6
489,2025H1,KPI,季度关键任务按期交付,30,64.9
489,2025H1,KPI,完成专业分享≥2次,20,58.6
489,2025H1,OKR,关键差错率为0,20,69.0
490,2025H1,KPI,关键差错率为0,20,87.1
490,2025H1,KPI,季度关键任务按期交付,30,71.9
490,2025H1,KPI,输出流程优化提案≥1项,10,76.4
490,2025H1,KPI,跨部门协作满意度≥4分,40,66.1
491,2025H1,KPI,跨部门协作满意度≥4分,60,61.3
491,2025H1,OKR,季度关键任务按期交付,40,49.9
492,2025H1,OKR,完成关键技术方案设计并通过评审,60,88.7
492,2025H1,KPI,线上故障数同比下降20%,40,82.9
493,2025H1,OKR,季度关键任务按期交付,50,73.8
493,2025H1,KPI,跨部门协作满意度≥4分,50,54.9
494,2025H1,KPI,核心模块交付及时率≥95%,90,53.3
494,2025H1,KPI,带教1名新成员通过转正,10,47.6
496,2025H1,KPI,季度关键任务按期交付,10,62.5
496,2025H1,OKR,输出流程优化提案≥1项,40,58.3
496,2025H1,KPI,完成专业分享≥2次,50,66.8
497,2025H1,KPI,新客户开发≥5家,40,27.9
497,2025H1,OKR,季度销售目标达成率≥90%,40,24.9
497,2025H1,OKR,回款及时率≥95%,10,41.7
497,2025H1,KPI,老客户续约率≥85%,10,47.7
498,2025H1,KPI,关键差错率为0,30,50.3
498,2025H1,OKR,完成专业分享≥2次,20,65.0
498,2025H1,KPI,输出流程优化提案≥1项,10,59.0
498,2025H1,OKR,季度关键任务按期交付,40,69.7
499,2025H1,KPI,新客户开发≥5家,20,65.2
499,2025H1,OKR,季度销售目标达成率≥90%,50,100
499,2025H1,OKR,回款及时率≥95%,30,76.1
502,2025H1,KPI,完成关键技术方案设计并通过评审,40,45.2
502,2025H1,OKR,带教1名新成员通过转正,30,34.8
502,2025H1,KPI,核心模块交付及时率≥95%,30,46.1
503,2025H1,OKR,跨部门协作满意度≥4分,50,60.1
503,2025H1,OKR,输出流程优化提案≥1项,50,59.9
504,2025H1,OKR,完成专业分享≥2次,70,79.7
504,2025H1,OKR,关键差错率为0,10,88.6
504,2025H1,OKR,输出流程优化提案≥1项,20,95.1
507,2025H1,OKR,关键差错率为0,30,97.0
507,2025H1,OKR,完成专业分享≥2次,70,50.0
508,2025H1,KPI,关键差错率为0,30,47.9
508,2025H1,OKR,完成专业分享≥2次,40,50.8
508,2025H1,OKR,跨部门协作满意度≥4分,10,57.8
508,2025H1,KPI,输出流程优化提案≥1项,20,50.0
509,2025H1,KPI,新客户开发≥5家,10,79.2
509,2025H1,KPI,季度销售目标达成率≥90%,20,77.3
509,2025H1,KPI,老客户续约率≥85%,40,82.8
509,2025H1,OKR,回款及时率≥95%,30,84.4
510,2025H1,KPI,季度销售目标达成率≥90%,50,70.6
510,2025H1,KPI,老客户续约率≥85%,40,61.2
510,2025H1,KPI,新客户开发≥5家,10,87.6
511,2025H1,KPI,新客户开发≥5家,40,63.4
511,2025H1,KPI,季度销售目标达成率≥90%,20,80.2
511,2025H1,KPI,回款及时率≥95%,20,96.3
511,2025H1,KPI,老客户续约率≥85%,20,81.2
512,2025H1,KPI,完成关键技术方案设计并通过评审,40,71.6
512,2025H1,OKR,核心模块交付及时率≥95%,60,60.8
513,2025H1,KPI,核心模块交付及时率≥95%,10,65.2
513,2025H1,KPI,线上故障数同比下降20%,30,75.5
513,2025H1,KPI,带教1名新成员通过转正,60,55.0
514,2025H1,KPI,新客户开发≥5家,70,64.7
514,2025H1,KPI,老客户续约率≥85%,30,48.6
515,2025H1,KPI,带教1名新成员通过转正,70,97.8
515,2025H1,KPI,完成关键技术方案设计并通过评审,30,100
516,2025H1,KPI,核心模块交付及时率≥95%,30,60.3
516,2025H1,OKR,带教1名新成员通过转正,40,67.2
516,2025H1,OKR,完成关键技术方案设计并通过评审,20,69.1
516,2025H1,OKR,线上故障数同比下降20%,10,51.3
517,2025H1,KPI,完成专业分享≥2次,30,62.0
517,2025H1,KPI,跨部门协作满意度≥4分,20,61.2
517,2025H1,OKR,关键差错率为0,30,91.0
517,2025H1,KPI,输出流程优化提案≥1项,20,89.9
519,2025H1,OKR,关键差错率为0,30,46.5
519,2025H1,OKR,跨部门协作满意度≥4分,70,56.7
522,2025H1,KPI,季度销售目标达成率≥90%,20,65.9
522,2025H1,KPI,新客户开发≥5家,60,85.2
522,2025H1,KPI,回款及时率≥95%,20,75.2
526,2025H1,OKR,完成专业分享≥2次,60,67.5
526,2025H1,KPI,关键差错率为0,40,74.5
527,2025H1,OKR,关键差错率为0,40,45.9
527,2025H1,KPI,完成专业分享≥2次,50,60.5
527,2025H1,KPI,跨部门协作满意度≥4分,10,70.0
528,2025H1,OKR,完成专业分享≥2次,30,99.3
528,2025H1,KPI,跨部门协作满意度≥4分,30,100
528,2025H1,KPI,关键差错率为0,20,92.8
528,2025H1,KPI,季度关键任务按期交付,20,77.1
529,2025H1,KPI,跨部门协作满意度≥4分,10,89.2
529,2025H1,OKR,季度关键任务按期交付,30,48.9
529,2025H1,OKR,关键差错率为0,30,85.1
529,2025H1,OKR,输出流程优化提案≥1项,30,53.0
532,2025H1,OKR,完成关键技术方案设计并通过评审,10,76.9
532,2025H1,OKR,带教1名新成员通过转正,60,86.0
532,2025H1,KPI,核心模块交付及时率≥95%,30,90.0
533,2025H1,OKR,输出流程优化提案≥1项,60,61.7
533,2025H1,OKR,季度关键任务按期交付,40,52.5
535,2025H1,KPI,完成关键技术方案设计并通过评审,40,56.0
535,2025H1,KPI,线上故障数同比下降20%,60,68.0
536,2025H1,KPI,输出流程优化提案≥1项,30,70.4
536,2025H1,KPI,关键差错率为0,50,67.7
536,2025H1,OKR,季度关键任务按期交付,20,67.0
537,2025H1,KPI,完成专业分享≥2次,50,53.0
537,2025H1,OKR,季度关键任务按期交付,20,38.2
537,2025H1,KPI,输出流程优化提案≥1项,30,61.7
538,2025H1,OKR,核心模块交付及时率≥95%,20,41.8
538,2025H1,OKR,线上故障数同比下降20%,20,62.4
538,2025H1,OKR,带教1名新成员通过转正,30,74.2
538,2025H1,KPI,完成关键技术方案设计并通过评审,30,54.2
539,2025H1,KPI,完成关键技术方案设计并通过评审,60,79.8
539,2025H1,KPI,带教1名新成员通过转正,30,71.5
539,2025H1,KPI,线上故障数同比下降20%,10,72.1
540,2025H1,OKR,核心模块交付及时率≥95%,70,66.7
540,2025H1,KPI,带教1名新成员通过转正,30,68.4
541,2025H1,KPI,线上故障数同比下降20%,50,54.3
541,2025H1,KPI,核心模块交付及时率≥95%,50,55.7
542,2025H1,OKR,完成关键技术方案设计并通过评审,40,66.3
542,2025H1,OKR,核心模块交付及时率≥95%,40,41.2
542,2025H1,OKR,线上故障数同比下降20%,20,64.1
543,2025H1,KPI,线上故障数同比下降20%,30,72.4
543,2025H1,KPI,完成关键技术方案设计并通过评审,40,52.3
543,2025H1,OKR,带教1名新成员通过转正,30,53.8
544,2025H1,KPI,完成关键技术方案设计并通过评审,40,92.9
544,2025H1,KPI,核心模块交付及时率≥95%,60,82.3
545,2025H1,KPI,线上故障数同比下降20%,20,72.6
545,2025H1,KPI,核心模块交付及时率≥95%,20,70.7
545,2025H1,OKR,带教1名新成员通过转正,50,49.1
545,2025H1,KPI,完成关键技术方案设计并通过评审,10,43.0
546,2025H1,KPI,老客户续约率≥85%,10,49.7
546,2025H1,KPI,季度销售目标达成率≥90%,50,56.4
546,2025H1,OKR,回款及时率≥95%,30,54.2
546,2025H1,KPI,新客户开发≥5家,10,68.2
547,2025H1,OKR,线上故障数同比下降20%,50,68.9
547,2025H1,KPI,完成关键技术方案设计并通过评审,50,100
548,2025H1,KPI,带教1名新成员通过转正,70,84.8
548,2025H1,KPI,核心模块交付及时率≥95%,20,79.4
548,2025H1,KPI,完成关键技术方案设计并通过评审,10,86.4
549,2025H1,KPI,带教1名新成员通过转正,30,62.7
549,2025H1,KPI,核心模块交付及时率≥95%,40,74.3
549,2025H1,OKR,线上故障数同比下降20%,30,58.4
550,2025H1,KPI,新客户开发≥5家,70,78.0
550,2025H1,KPI,季度销售目标达成率≥90%,30,53.6
551,2025H1,OKR,季度关键任务按期交付,30,34.7
551,2025H1,KPI,完成专业分享≥2次,10,48.1
551,2025H1,KPI,输出流程优化提案≥1项,40,53.8
551,2025H1,OKR,跨部门协作满意度≥4分,20,53.0
552,2025H1,KPI,季度关键任务按期交付,30,64.4
552,2025H1,OKR,关键差错率为0,10,82.7
552,2025H1,KPI,完成专业分享≥2次,30,73.2
552,2025H1,OKR,跨部门协作满意度≥4分,30,71.5
553,2025H1,KPI,完成关键技术方案设计并通过评审,60,78.6
553,2025H1,OKR,核心模块交付及时率≥95%,40,53.0
554,2025H1,OKR,回款及时率≥95%,40,69.0
554,2025H1,KPI,新客户开发≥5家,20,63.9
554,2025H1,KPI,老客户续约率≥85%,30,72.1
554,2025H1,KPI,季度销售目标达成率≥90%,10,63.5
555,2025H1,OKR,跨部门协作满意度≥4分,30,87.3
555,2025H1,KPI,输出流程优化提案≥1项,40,74.8
555,2025H1,KPI,季度关键任务按期交付,30,80.6
556,2025H1,KPI,季度销售目标达成率≥90%,20,93.9
556,2025H1,KPI,新客户开发≥5家,40,86.8
556,2025H1,KPI,回款及时率≥95%,40,73.5
557,2025H1,OKR,季度关键任务按期交付,20,82.5
557,2025H1,KPI,完成专业分享≥2次,40,89.2
557,2025H1,KPI,关键差错率为0,30,75.0
557,2025H1,KPI,跨部门协作满意度≥4分,10,80.4
558,2025H1,KPI,新客户开发≥5家,30,77.2
558,2025H1,OKR,回款及时率≥95%,20,85.9
558,2025H1,OKR,季度销售目标达成率≥90%,30,65.7
558,2025H1,KPI,老客户续约率≥85%,20,91.6
559,2025H1,KPI,季度销售目标达成率≥90%,40,60.0
559,2025H1,OKR,新客户开发≥5家,20,63.4
559,2025H1,OKR,回款及时率≥95%,30,60.8
559,2025H1,KPI,老客户续约率≥85%,10,57.0
560,2025H1,KPI,带教1名新成员通过转正,30,93.7
560,2025H1,KPI,核心模块交付及时率≥95%,20,100
560,2025H1,OKR,完成关键技术方案设计并通过评审,50,86.1
561,2025H1,KPI,带教1名新成员通过转正,40,65.3
561,2025H1,OKR,核心模块交付及时率≥95%,40,94.4
561,2025H1,OKR,线上故障数同比下降20%,10,60.5
561,2025H1,KPI,完成关键技术方案设计并通过评审,10,78.4
562,2025H1,KPI,线上故障数同比下降20%,40,81.7
562,2025H1,KPI,完成关键技术方案设计并通过评审,60,84.0
563,2025H1,KPI,完成关键技术方案设计并通过评审,30,54.1
563,2025H1,OKR,带教1名新成员通过转正,40,38.8
563,2025H1,KPI,核心模块交付及时率≥95%,30,63.1
564,2025H1,KPI,线上故障数同比下降20%,30,62.8
564,2025H1,OKR,带教1名新成员通过转正,70,46.4
565,2025H1,KPI,核心模块交付及时率≥95%,30,96.7
565,2025H1,KPI,完成关键技术方案设计并通过评审,50,81.4
565,2025H1,KPI,带教1名新成员通过转正,20,72.8
566,2025H1,KPI,完成关键技术方案设计并通过评审,30,76.1
566,2025H1,KPI,线上故障数同比下降20%,10,64.4
566,2025H1,KPI,带教1名新成员通过转正,30,90.1
566,2025H1,OKR,核心模块交付及时率≥95%,30,94.7
567,2025H1,KPI,输出流程优化提案≥1项,20,65.4
567,2025H1,KPI,季度关键任务按期交付,80,61.4
568,2025H1,KPI,输出流程优化提案≥1项,50,47.2
568,2025H1,KPI,季度关键任务按期交付,50,88.3
569,2025H1,OKR,跨部门协作满意度≥4分,40,29.1
569,2025H1,KPI,输出流程优化提案≥1项,20,47.2
569,2025H1,KPI,完成专业分享≥2次,40,55.2
570,2025H1,OKR,季度关键任务按期交付,50,66.1
570,2025H1,KPI,关键差错率为0,50,68.6
571,2025H1,KPI,季度关键任务按期交付,30,91.4
571,2025H1,OKR,完成专业分享≥2次,10,73.8
571,2025H1,KPI,输出流程优化提案≥1项,30,94.4
571,2025H1,OKR,跨部门协作满意度≥4分,30,100
572,2025H1,KPI,带教1名新成员通过转正,10,58.5
572,2025H1,KPI,核心模块交付及时率≥95%,10,58.6
572,2025H1,OKR,线上故障数同比下降20%,40,51.7
572,2025H1,OKR,完成关键技术方案设计并通过评审,40,58.4
573,2025H1,KPI,线上故障数同比下降20%,70,81.0
573,2025H1,OKR,核心模块交付及时率≥95%,30,53.7
574,2025H1,KPI,带教1名新成员通过转正,30,66.6
574,2025H1,KPI,线上故障数同比下降20%,50,77.4
574,2025H1,OKR,核心模块交付及时率≥95%,20,72.4
575,2025H1,OKR,线上故障数同比下降20%,30,40.9
575,2025H1,OKR,完成关键技术方案设计并通过评审,20,50.6
575,2025H1,KPI,核心模块交付及时率≥95%,10,48.6
575,2025H1,OKR,带教1名新成员通过转正,40,49.8
576,2025H1,OKR,核心模块交付及时率≥95%,20,49.9
576,2025H1,OKR,带教1名新成员通过转正,20,60.5
576,2025H1,KPI,线上故障数同比下降20%,30,62.1
576,2025H1,KPI,完成关键技术方案设计并通过评审,30,75.1
577,2025H1,OKR,老客户续约率≥85%,20,57.6
577,2025H1,KPI,季度销售目标达成率≥90%,20,53.2
577,2025H1,KPI,回款及时率≥95%,30,61.8
577,2025H1,KPI,新客户开发≥5家,30,38.3
578,2025H1,KPI,核心模块交付及时率≥95%,10,25.8
578,2025H1,OKR,完成关键技术方案设计并通过评审,20,27.9
578,2025H1,OKR,带教1名新成员通过转正,40,36.5
578,2025H1,KPI,线上故障数同比下降20%,30,34.4
579,2025H1,KPI,跨部门协作满意度≥4分,50,68.0
579,2025H1,KPI,完成专业分享≥2次,50,58.6
580,2025H1,KPI,完成专业分享≥2次,20,83.2
580,2025H1,KPI,跨部门协作满意度≥4分,50,78.0
580,2025H1,OKR,输出流程优化提案≥1项,10,67.4
580,2025H1,KPI,季度关键任务按期交付,20,86.4
581,2025H1,KPI,跨部门协作满意度≥4分,20,80.7
581,2025H1,OKR,季度关键任务按期交付,30,85.0
581,2025H1,KPI,完成专业分享≥2次,20,79.2
581,2025H1,KPI,输出流程优化提案≥1项,30,87.4
582,2025H1,KPI,季度关键任务按期交付,30,48.1
582,2025H1,KPI,跨部门协作满意度≥4分,20,56.4
582,2025H1,KPI,完成专业分享≥2次,50,51.3
583,2025H1,KPI,完成专业分享≥2次,40,40.4
583,2025H1,OKR,输出流程优化提案≥1项,30,34.1
583,2025H1,KPI,跨部门协作满意度≥4分,30,60.5
584,2025H1,OKR,线上故障数同比下降20%,20,56.3
584,2025H1,KPI,完成关键技术方案设计并通过评审,80,82.3
585,2025H1,KPI,完成关键技术方案设计并通过评审,30,29.7
585,2025H1,KPI,线上故障数同比下降20%,30,21.1
585,2025H1,KPI,核心模块交付及时率≥95%,20,41.6
585,2025H1,KPI,带教1名新成员通过转正,20,40.5
586,2025H1,KPI,输出流程优化提案≥1项,30,37.2
586,2025H1,KPI,跨部门协作满意度≥4分,40,60.5
586,2025H1,KPI,关键差错率为0,30,63.2
587,2025H1,OKR,输出流程优化提案≥1项,40,100
587,2025H1,KPI,跨部门协作满意度≥4分,20,68.9
587,2025H1,OKR,季度关键任务按期交付,10,79.4
587,2025H1,OKR,关键差错率为0,30,88.4
588,2025H1,KPI,季度关键任务按期交付,40,52.5
588,2025H1,KPI,完成专业分享≥2次,40,75.6
588,2025H1,OKR,输出流程优化提案≥1项,20,87.8
589,2025H1,KPI,关键差错率为0,70,67.7
589,2025H1,KPI,完成专业分享≥2次,30,72.6
590,2025H1,OKR,季度关键任务按期交付,50,72.9
590,2025H1,KPI,关键差错率为0,50,64.2
591,2025H1,OKR,输出流程优化提案≥1项,80,85.8
591,2025H1,KPI,跨部门协作满意度≥4分,20,61.3
1,2025H2,KPI,输出流程优化提案≥1项,30,47.8
1,2025H2,KPI,季度关键任务按期交付,40,53.1
1,2025H2,KPI,关键差错率为0,30,58.1
2,2025H2,OKR,线上故障数同比下降20%,10,63.5
2,2025H2,KPI,带教1名新成员通过转正,70,94.0
2,2025H2,KPI,完成关键技术方案设计并通过评审,20,70.2
3,2025H2,KPI,核心模块交付及时率≥95%,40,36.8
3,2025H2,OKR,完成关键技术方案设计并通过评审,60,63.2
4,2025H2,KPI,季度关键任务按期交付,20,86.7
4,2025H2,KPI,跨部门协作满意度≥4分,30,72.5
4,2025H2,KPI,关键差错率为0,10,67.7
4,2025H2,KPI,完成专业分享≥2次,40,80.2
5,2025H2,KPI,完成专业分享≥2次,20,34.2
5,2025H2,KPI,季度关键任务按期交付,50,57.7
5,2025H2,KPI,关键差错率为0,30,54.8
6,2025H2,KPI,跨部门协作满意度≥4分,10,56.0
6,2025H2,OKR,季度关键任务按期交付,20,68.8
6,2025H2,KPI,输出流程优化提案≥1项,30,93.4
6,2025H2,OKR,关键差错率为0,40,72.7
7,2025H2,OKR,输出流程优化提案≥1项,10,77.1
7,2025H2,OKR,完成专业分享≥2次,30,45.1
7,2025H2,KPI,关键差错率为0,30,71.9
7,2025H2,KPI,跨部门协作满意度≥4分,30,69.7
9,2025H2,OKR,跨部门协作满意度≥4分,40,57.3
9,2025H2,KPI,完成专业分享≥2次,40,70.9
9,2025H2,KPI,输出流程优化提案≥1项,20,63.2
10,2025H2,OKR,输出流程优化提案≥1项,20,82.6
10,2025H2,OKR,关键差错率为0,30,95.3
10,2025H2,OKR,完成专业分享≥2次,30,100
10,2025H2,KPI,跨部门协作满意度≥4分,20,100
11,2025H2,KPI,完成关键技术方案设计并通过评审,60,59.5
11,2025H2,KPI,带教1名新成员通过转正,30,63.6
11,2025H2,KPI,线上故障数同比下降20%,10,72.2
12,2025H2,KPI,带教1名新成员通过转正,60,57.1
12,2025H2,KPI,核心模块交付及时率≥95%,40,72.5
15,2025H2,KPI,完成关键技术方案设计并通过评审,20,100
15,2025H2,KPI,线上故障数同比下降20%,20,80.5
15,2025H2,OKR,带教1名新成员通过转正,10,92.2
15,2025H2,KPI,核心模块交付及时率≥95%,50,85.2
16,2025H2,KPI,新客户开发≥5家,70,78.5
16,2025H2,KPI,回款及时率≥95%,30,79.2
17,2025H2,OKR,关键差错率为0,40,58.5
17,2025H2,KPI,跨部门协作满意度≥4分,60,74.2
19,2025H2,KPI,输出流程优化提案≥1项,50,66.0
19,2025H2,KPI,季度关键任务按期交付,30,67.6
19,2025H2,OKR,跨部门协作满意度≥4分,20,90.0
21,2025H2,OKR,输出流程优化提案≥1项,40,78.6
21,2025H2,KPI,跨部门协作满意度≥4分,60,65.7
23,2025H2,KPI,关键差错率为0,30,58.2
23,2025H2,OKR,季度关键任务按期交付,30,70.3
23,2025H2,KPI,输出流程优化提案≥1项,40,58.0
24,2025H2,OKR,输出流程优化提案≥1项,10,60.9
24,2025H2,KPI,跨部门协作满意度≥4分,30,66.5
24,2025H2,KPI,关键差错率为0,20,61.5
24,2025H2,KPI,完成专业分享≥2次,40,71.1
27,2025H2,KPI,季度关键任务按期交付,20,49.2
27,2025H2,OKR,完成专业分享≥2次,30,77.0
27,2025H2,OKR,关键差错率为0,20,81.5
27,2025H2,KPI,输出流程优化提案≥1项,30,68.8
28,2025H2,OKR,线上故障数同比下降20%,40,76.3
28,2025H2,KPI,完成关键技术方案设计并通过评审,20,55.1
28,2025H2,OKR,带教1名新成员通过转正,40,51.7
29,2025H2,KPI,核心模块交付及时率≥95%,20,72.2
29,2025H2,KPI,带教1名新成员通过转正,40,58.2
29,2025H2,KPI,完成关键技术方案设计并通过评审,20,61.9
29,2025H2,KPI,线上故障数同比下降20%,20,75.2
31,2025H2,OKR,跨部门协作满意度≥4分,30,59.7
31,2025H2,KPI,完成专业分享≥2次,20,78.9
31,2025H2,KPI,季度关键任务按期交付,20,81.0
31,2025H2,KPI,关键差错率为0,30,58.5
35,2025H2,KPI,完成专业分享≥2次,20,70.0
35,2025H2,KPI,输出流程优化提案≥1项,50,35.7
35,2025H2,OKR,关键差错率为0,30,80.4
36,2025H2,OKR,季度关键任务按期交付,30,71.3
36,2025H2,KPI,关键差错率为0,10,72.0
36,2025H2,OKR,跨部门协作满意度≥4分,50,44.3
36,2025H2,KPI,完成专业分享≥2次,10,65.5
38,2025H2,KPI,季度关键任务按期交付,80,81.2
38,2025H2,KPI,跨部门协作满意度≥4分,20,67.0
40,2025H2,KPI,新客户开发≥5家,60,81.5
40,2025H2,KPI,季度销售目标达成率≥90%,40,62.5
41,2025H2,KPI,跨部门协作满意度≥4分,40,45.8
41,2025H2,KPI,关键差错率为0,10,75.3
41,2025H2,KPI,输出流程优化提案≥1项,30,70.0
41,2025H2,KPI,完成专业分享≥2次,20,44.6
42,2025H2,KPI,老客户续约率≥85%,40,97.0
42,2025H2,KPI,回款及时率≥95%,10,78.8
42,2025H2,KPI,季度销售目标达成率≥90%,30,94.3
42,2025H2,KPI,新客户开发≥5家,20,100
44,2025H2,KPI,完成关键技术方案设计并通过评审,30,57.1
44,2025H2,KPI,核心模块交付及时率≥95%,40,63.9
44,2025H2,OKR,带教1名新成员通过转正,10,57.4
44,2025H2,KPI,线上故障数同比下降20%,20,71.6
46,2025H2,KPI,老客户续约率≥85%,50,76.1
46,2025H2,KPI,季度销售目标达成率≥90%,50,84.9
47,2025H2,KPI,带教1名新成员通过转正,10,78.7
47,2025H2,OKR,线上故障数同比下降20%,40,91.4
47,2025H2,OKR,完成关键技术方案设计并通过评审,50,97.6
49,2025H2,KPI,关键差错率为0,40,74.3
49,2025H2,OKR,季度关键任务按期交付,20,57.8
49,2025H2,KPI,输出流程优化提案≥1项,40,88.7
53,2025H2,KPI,输出流程优化提案≥1项,30,74.7
53,2025H2,KPI,季度关键任务按期交付,30,76.8
53,2025H2,KPI,关键差错率为0,40,85.2
54,2025H2,KPI,完成专业分享≥2次,30,84.8
54,2025H2,KPI,输出流程优化提案≥1项,10,95.5
54,2025H2,KPI,跨部门协作满意度≥4分,20,62.0
54,2025H2,OKR,季度关键任务按期交付,40,73.0
57,2025H2,KPI,完成专业分享≥2次,20,51.0
57,2025H2,OKR,输出流程优化提案≥1项,10,63.8
57,2025H2,OKR,季度关键任务按期交付,30,67.1
57,2025H2,OKR,关键差错率为0,40,56.4
58,2025H2,OKR,线上故障数同比下降20%,30,91.3
58,2025H2,KPI,带教1名新成员通过转正,50,78.3
58,2025H2,KPI,核心模块交付及时率≥95%,20,99.6
59,2025H2,KPI,关键差错率为0,50,91.2
59,2025H2,KPI,输出流程优化提案≥1项,50,82.3
63,2025H2,OKR,跨部门协作满意度≥4分,30,41.0
63,2025H2,KPI,季度关键任务按期交付,20,37.4
63,2025H2,KPI,关键差错率为0,30,60.2
63,2025H2,OKR,完成专业分享≥2次,20,72.9
64,2025H2,KPI,季度销售目标达成率≥90%,30,67.8
64,2025H2,KPI,老客户续约率≥85%,30,83.6
64,2025H2,KPI,回款及时率≥95%,10,71.3
64,2025H2,OKR,新客户开发≥5家,30,71.8
65,2025H2,OKR,关键差错率为0,30,79.1
65,2025H2,KPI,完成专业分享≥2次,70,62.7
66,2025H2,KPI,带教1名新成员通过转正,10,45.5
66,2025H2,KPI,线上故障数同比下降20%,30,55.0
66,2025H2,KPI,完成关键技术方案设计并通过评审,10,44.2
66,2025H2,OKR,核心模块交付及时率≥95%,50,78.1
67,2025H2,KPI,线上故障数同比下降20%,10,67.9
67,2025H2,KPI,完成关键技术方案设计并通过评审,50,38.7
67,2025H2,KPI,带教1名新成员通过转正,20,71.4
67,2025H2,KPI,核心模块交付及时率≥95%,20,59.8
70,2025H2,KPI,完成专业分享≥2次,30,59.4
70,2025H2,KPI,季度关键任务按期交付,70,43.3
73,2025H2,KPI,季度关键任务按期交付,50,61.9
73,2025H2,KPI,跨部门协作满意度≥4分,30,86.4
73,2025H2,KPI,输出流程优化提案≥1项,20,86.5
74,2025H2,KPI,线上故障数同比下降20%,30,72.8
74,2025H2,KPI,核心模块交付及时率≥95%,20,47.4
74,2025H2,KPI,完成关键技术方案设计并通过评审,10,49.8
74,2025H2,OKR,带教1名新成员通过转正,40,73.5
75,2025H2,KPI,核心模块交付及时率≥95%,50,62.9
75,2025H2,OKR,线上故障数同比下降20%,50,72.3
76,2025H2,OKR,带教1名新成员通过转正,30,73.7
76,2025H2,KPI,线上故障数同比下降20%,20,53.0
76,2025H2,KPI,核心模块交付及时率≥95%,20,84.3
76,2025H2,OKR,完成关键技术方案设计并通过评审,30,59.2
79,2025H2,OKR,回款及时率≥95%,40,100
79,2025H2,KPI,老客户续约率≥85%,20,100
79,2025H2,KPI,季度销售目标达成率≥90%,20,74.8
79,2025H2,KPI,新客户开发≥5家,20,98.3
80,2025H2,OKR,季度关键任务按期交付,50,52.4
80,2025H2,KPI,完成专业分享≥2次,30,49.8
80,2025H2,KPI,输出流程优化提案≥1项,20,69.5
85,2025H2,KPI,线上故障数同比下降20%,20,86.7
85,2025H2,OKR,带教1名新成员通过转正,30,52.5
85,2025H2,KPI,核心模块交付及时率≥95%,40,74.8
85,2025H2,OKR,完成关键技术方案设计并通过评审,10,59.5
86,2025H2,KPI,关键差错率为0,60,55.2
86,2025H2,OKR,季度关键任务按期交付,40,95.0
87,2025H2,KPI,线上故障数同比下降20%,30,54.9
87,2025H2,KPI,核心模块交付及时率≥95%,10,76.3
87,2025H2,KPI,完成关键技术方案设计并通过评审,10,50.4
87,2025H2,OKR,带教1名新成员通过转正,50,76.1
91,2025H2,KPI,跨部门协作满意度≥4分,30,66.4
91,2025H2,KPI,完成专业分享≥2次,70,69.0
92,2025H2,OKR,线上故障数同比下降20%,50,76.5
92,2025H2,KPI,带教1名新成员通过转正,20,80.5
92,2025H2,KPI,核心模块交付及时率≥95%,30,70.1
93,2025H2,KPI,核心模块交付及时率≥95%,40,68.1
93,2025H2,KPI,完成关键技术方案设计并通过评审,30,78.3
93,2025H2,OKR,带教1名新成员通过转正,30,79.2
97,2025H2,KPI,老客户续约率≥85%,40,82.9
97,2025H2,OKR,回款及时率≥95%,60,86.6
98,2025H2,OKR,带教1名新成员通过转正,30,71.0
98,2025H2,OKR,线上故障数同比下降20%,10,43.9
98,2025H2,KPI,核心模块交付及时率≥95%,30,42.4
98,2025H2,OKR,完成关键技术方案设计并通过评审,30,68.0
99,2025H2,KPI,回款及时率≥95%,40,80.4
99,2025H2,KPI,季度销售目标达成率≥90%,20,86.3
99,2025H2,KPI,新客户开发≥5家,20,92.4
99,2025H2,KPI,老客户续约率≥85%,20,56.3
100,2025H2,OKR,季度销售目标达成率≥90%,20,69.7
100,2025H2,KPI,老客户续约率≥85%,30,73.0
100,2025H2,KPI,新客户开发≥5家,50,78.9
101,2025H2,KPI,核心模块交付及时率≥95%,30,52.8
101,2025H2,KPI,线上故障数同比下降20%,20,72.1
101,2025H2,KPI,完成关键技术方案设计并通过评审,20,46.3
101,2025H2,KPI,带教1名新成员通过转正,30,58.2
102,2025H2,KPI,季度关键任务按期交付,50,63.8
102,2025H2,KPI,关键差错率为0,50,74.4
103,2025H2,KPI,完成关键技术方案设计并通过评审,30,41.5
103,2025H2,KPI,线上故障数同比下降20%,20,17.0
103,2025H2,OKR,带教1名新成员通过转正,30,52.5
103,2025H2,OKR,核心模块交付及时率≥95%,20,46.1
104,2025H2,OKR,关键差错率为0,60,70.3
104,2025H2,KPI,完成专业分享≥2次,40,81.1
105,2025H2,OKR,新客户开发≥5家,50,92.2
105,2025H2,KPI,季度销售目标达成率≥90%,20,91.5
105,2025H2,KPI,老客户续约率≥85%,30,81.1
108,2025H2,OKR,跨部门协作满意度≥4分,60,90.2
108,2025H2,KPI,关键差错率为0,40,100
109,2025H2,KPI,完成关键技术方案设计并通过评审,20,67.8
109,2025H2,KPI,核心模块交付及时率≥95%,30,59.5
109,2025H2,KPI,带教1名新成员通过转正,10,67.0
109,2025H2,OKR,线上故障数同比下降20%,40,54.2
110,2025H2,OKR,带教1名新成员通过转正,40,84.6
110,2025H2,KPI,完成关键技术方案设计并通过评审,20,55.0
110,2025H2,OKR,线上故障数同比下降20%,30,67.9
110,2025H2,OKR,核心模块交付及时率≥95%,10,51.0
111,2025H2,KPI,完成关键技术方案设计并通过评审,20,53.0
111,2025H2,KPI,带教1名新成员通过转正,60,83.5
111,2025H2,OKR,核心模块交付及时率≥95%,20,54.3
112,2025H2,OKR,季度销售目标达成率≥90%,20,37.4
112,2025H2,KPI,回款及时率≥95%,30,64.5
112,2025H2,KPI,新客户开发≥5家,40,60.0
112,2025H2,KPI,老客户续约率≥85%,10,51.4
113,2025H2,OKR,跨部门协作满意度≥4分,30,86.9
113,2025H2,KPI,关键差错率为0,20,82.4
113,2025H2,KPI,季度关键任务按期交付,20,91.7
113,2025H2,OKR,完成专业分享≥2次,30,96.3
114,2025H2,OKR,关键差错率为0,50,95.9
114,2025H2,KPI,完成专业分享≥2次,50,93.6
117,2025H2,KPI,带教1名新成员通过转正,50,49.0
117,2025H2,OKR,完成关键技术方案设计并通过评审,30,64.2
117,2025H2,KPI,核心模块交付及时率≥95%,20,66.5
120,2025H2,OKR,核心模块交付及时率≥95%,40,85.5
120,2025H2,OKR,完成关键技术方案设计并通过评审,10,83.9
120,2025H2,KPI,线上故障数同比下降20%,40,85.3
120,2025H2,KPI,带教1名新成员通过转正,10,82.3
121,2025H2,OKR,输出流程优化提案≥1项,40,95.0
121,2025H2,KPI,关键差错率为0,20,100
121,2025H2,KPI,跨部门协作满意度≥4分,40,100
122,2025H2,KPI,核心模块交付及时率≥95%,40,91.7
122,2025H2,KPI,带教1名新成员通过转正,60,85.3
123,2025H2,KPI,带教1名新成员通过转正,30,68.6
123,2025H2,OKR,线上故障数同比下降20%,20,61.4
123,2025H2,KPI,完成关键技术方案设计并通过评审,30,62.1
123,2025H2,KPI,核心模块交付及时率≥95%,20,85.5
124,2025H2,OKR,跨部门协作满意度≥4分,30,65.0
124,2025H2,KPI,完成专业分享≥2次,30,55.1
124,2025H2,OKR,输出流程优化提案≥1项,40,66.5
128,2025H2,KPI,跨部门协作满意度≥4分,40,46.6
128,2025H2,KPI,关键差错率为0,20,48.5
128,2025H2,KPI,输出流程优化提案≥1项,30,62.9
128,2025H2,OKR,季度关键任务按期交付,10,54.5
129,2025H2,OKR,跨部门协作满意度≥4分,60,63.1
129,2025H2,KPI,输出流程优化提案≥1项,40,76.6
132,2025H2,KPI,完成关键技术方案设计并通过评审,30,66.6
132,2025H2,OKR,带教1名新成员通过转正,30,51.8
132,2025H2,KPI,线上故障数同比下降20%,40,65.1
133,2025H2,KPI,季度销售目标达成率≥90%,40,82.1
133,2025H2,KPI,老客户续约率≥85%,60,71.3
134,2025H2,OKR,带教1名新成员通过转正,40,100
134,2025H2,KPI,完成关键技术方案设计并通过评审,60,85.0
135,2025H2,KPI,新客户开发≥5家,30,90.2
135,2025H2,KPI,季度销售目标达成率≥90%,50,45.6
135,2025H2,KPI,老客户续约率≥85%,20,54.6
137,2025H2,KPI,跨部门协作满意度≥4分,20,92.9
137,2025H2,OKR,完成专业分享≥2次,50,65.3
137,2025H2,KPI,季度关键任务按期交付,30,67.8
138,2025H2,KPI,输出流程优化提案≥1项,30,92.4
138,2025H2,KPI,季度关键任务按期交付,30,69.0
138,2025H2,KPI,关键差错率为0,40,95.6
139,2025H2,KPI,输出流程优化提案≥1项,30,100
139,2025H2,KPI,完成专业分享≥2次,20,46.3
139,2025H2,KPI,跨部门协作满意度≥4分,50,75.5
142,2025H2,KPI,跨部门协作满意度≥4分,50,51.3
142,2025H2,KPI,输出流程优化提案≥1项,10,66.8
142,2025H2,KPI,完成专业分享≥2次,40,64.9
143,2025H2,KPI,跨部门协作满意度≥4分,20,92.0
143,2025H2,OKR,输出流程优化提案≥1项,20,88.4
143,2025H2,KPI,完成专业分享≥2次,30,83.8
143,2025H2,KPI,关键差错率为0,30,80.5
144,2025H2,OKR,季度关键任务按期交付,40,82.7
144,2025H2,OKR,关键差错率为0,20,50.1
144,2025H2,KPI,输出流程优化提案≥1项,40,52.3
146,2025H2,KPI,核心模块交付及时率≥95%,20,34.3
146,2025H2,KPI,带教1名新成员通过转正,80,80.0
147,2025H2,OKR,完成关键技术方案设计并通过评审,50,67.5
147,2025H2,KPI,带教1名新成员通过转正,50,72.1
149,2025H2,KPI,回款及时率≥95%,40,66.8
149,2025H2,KPI,新客户开发≥5家,20,63.1
149,2025H2,OKR,老客户续约率≥85%,10,58.8
149,2025H2,KPI,季度销售目标达成率≥90%,30,57.9
150,2025H2,KPI,关键差错率为0,50,73.7
150,2025H2,KPI,季度关键任务按期交付,20,80.7
150,2025H2,KPI,输出流程优化提案≥1项,30,75.1
151,2025H2,KPI,季度关键任务按期交付,40,69.7
151,2025H2,KPI,完成专业分享≥2次,60,69.1
156,2025H2,KPI,跨部门协作满意度≥4分,40,69.3
156,2025H2,KPI,输出流程优化提案≥1项,10,78.9
156,2025H2,KPI,完成专业分享≥2次,30,63.4
156,2025H2,OKR,季度关键任务按期交付,20,79.0
157,2025H2,KPI,线上故障数同比下降20%,40,55.8
157,2025H2,KPI,核心模块交付及时率≥95%,10,67.6
157,2025H2,OKR,带教1名新成员通过转正,30,54.7
157,2025H2,KPI,完成关键技术方案设计并通过评审,20,48.4
158,2025H2,KPI,新客户开发≥5家,50,36.6
158,2025H2,OKR,季度销售目标达成率≥90%,50,69.6
160,2025H2,OKR,季度关键任务按期交付,40,64.0
160,2025H2,KPI,输出流程优化提案≥1项,60,81.9
161,2025H2,KPI,核心模块交付及时率≥95%,50,46.2
161,2025H2,KPI,完成关键技术方案设计并通过评审,20,22.4
161,2025H2,OKR,带教1名新成员通过转正,20,32.6
161,2025H2,OKR,线上故障数同比下降20%,10,61.9
162,2025H2,KPI,完成专业分享≥2次,40,77.3
162,2025H2,KPI,输出流程优化提案≥1项,10,60.1
162,2025H2,OKR,关键差错率为0,50,61.4
164,2025H2,OKR,老客户续约率≥85%,20,58.0
164,2025H2,KPI,季度销售目标达成率≥90%,20,85.5
164,2025H2,OKR,回款及时率≥95%,20,69.3
164,2025H2,KPI,新客户开发≥5家,40,58.1
165,2025H2,KPI,跨部门协作满意度≥4分,20,78.5
165,2025H2,KPI,完成专业分享≥2次,20,82.2
165,2025H2,OKR,季度关键任务按期交付,20,84.1
165,2025H2,OKR,输出流程优化提案≥1项,40,87.7
166,2025H2,KPI,线上故障数同比下降20%,10,41.4
166,2025H2,OKR,带教1名新成员通过转正,30,15
166,2025H2,OKR,完成关键技术方案设计并通过评审,40,23.3
166,2025H2,KPI,核心模块交付及时率≥95%,20,37.4
167,2025H2,OKR,核心模块交付及时率≥95%,30,79.1
167,2025H2,KPI,线上故障数同比下降20%,40,87.6
167,2025H2,KPI,带教1名新成员通过转正,30,64.6
168,2025H2,OKR,关键差错率为0,40,69.7
168,2025H2,OKR,输出流程优化提案≥1项,30,70.3
168,2025H2,KPI,季度关键任务按期交付,30,80.6
169,2025H2,KPI,老客户续约率≥85%,50,55.8
169,2025H2,OKR,回款及时率≥95%,50,89.6
171,2025H2,KPI,完成专业分享≥2次,60,80.0
171,2025H2,KPI,关键差错率为0,40,89.6
174,2025H2,KPI,输出流程优化提案≥1项,40,66.2
174,2025H2,KPI,季度关键任务按期交付,20,82.9
174,2025H2,KPI,跨部门协作满意度≥4分,20,75.1
174,2025H2,KPI,关键差错率为0,20,98.5
176,2025H2,OKR,新客户开发≥5家,40,66.1
176,2025H2,OKR,老客户续约率≥85%,30,64.8
176,2025H2,KPI,季度销售目标达成率≥90%,30,75.7
177,2025H2,OKR,季度关键任务按期交付,60,50.0
177,2025H2,OKR,关键差错率为0,40,58.4
178,2025H2,OKR,老客户续约率≥85%,50,76.0
178,2025H2,KPI,回款及时率≥95%,10,74.0
178,2025H2,OKR,新客户开发≥5家,30,85.3
178,2025H2,OKR,季度销售目标达成率≥90%,10,82.1
179,2025H2,KPI,季度关键任务按期交付,20,50.0
179,2025H2,KPI,完成专业分享≥2次,30,62.8
179,2025H2,OKR,关键差错率为0,50,53.8
180,2025H2,OKR,回款及时率≥95%,40,70.7
180,2025H2,OKR,老客户续约率≥85%,20,98.2
180,2025H2,KPI,新客户开发≥5家,20,93.6
180,2025H2,OKR,季度销售目标达成率≥90%,20,94.2
181,2025H2,OKR,跨部门协作满意度≥4分,60,95.7
181,2025H2,OKR,季度关键任务按期交付,40,71.1
183,2025H2,KPI,季度关键任务按期交付,40,47.7
183,2025H2,KPI,完成专业分享≥2次,60,94.6
184,2025H2,OKR,完成专业分享≥2次,60,90.3
184,2025H2,KPI,季度关键任务按期交付,40,77.1
186,2025H2,KPI,新客户开发≥5家,10,36.9
186,2025H2,OKR,老客户续约率≥85%,20,15
186,2025H2,KPI,季度销售目标达成率≥90%,30,32.0
186,2025H2,OKR,回款及时率≥95%,40,47.6
188,2025H2,OKR,关键差错率为0,20,81.6
188,2025H2,OKR,季度关键任务按期交付,40,98.0
188,2025H2,OKR,输出流程优化提案≥1项,30,79.9
188,2025H2,KPI,跨部门协作满意度≥4分,10,94.2
190,2025H2,KPI,线上故障数同比下降20%,40,50.6
190,2025H2,KPI,完成关键技术方案设计并通过评审,60,76.7
191,2025H2,KPI,季度关键任务按期交付,60,38.3
191,2025H2,KPI,输出流程优化提案≥1项,40,37.9
193,2025H2,OKR,跨部门协作满意度≥4分,10,73.2
193,2025H2,KPI,完成专业分享≥2次,70,98.0
193,2025H2,KPI,关键差错率为0,20,75.0
195,2025H2,KPI,老客户续约率≥85%,20,79.6
195,2025H2,KPI,回款及时率≥95%,60,73.2
195,2025H2,KPI,新客户开发≥5家,20,82.5
197,2025H2,KPI,老客户续约率≥85%,10,59.9
197,2025H2,KPI,季度销售目标达成率≥90%,20,59.2
197,2025H2,KPI,回款及时率≥95%,20,53.8
197,2025H2,OKR,新客户开发≥5家,50,62.8
200,2025H2,OKR,输出流程优化提案≥1项,30,74.3
200,2025H2,KPI,跨部门协作满意度≥4分,70,49.7
201,2025H2,KPI,季度销售目标达成率≥90%,40,62.2
201,2025H2,KPI,新客户开发≥5家,30,43.1
201,2025H2,KPI,回款及时率≥95%,30,71.6
202,2025H2,KPI,输出流程优化提案≥1项,20,93.6
202,2025H2,OKR,完成专业分享≥2次,30,82.9
202,2025H2,OKR,关键差错率为0,30,69.6
202,2025H2,OKR,季度关键任务按期交付,20,64.3
203,2025H2,OKR,核心模块交付及时率≥95%,50,85.4
203,2025H2,KPI,完成关键技术方案设计并通过评审,50,100
205,2025H2,KPI,核心模块交付及时率≥95%,70,52.8
205,2025H2,KPI,带教1名新成员通过转正,30,77.3
206,2025H2,KPI,带教1名新成员通过转正,50,55.9
206,2025H2,KPI,线上故障数同比下降20%,50,59.5
207,2025H2,OKR,跨部门协作满意度≥4分,30,97.9
207,2025H2,OKR,关键差错率为0,20,81.9
207,2025H2,KPI,完成专业分享≥2次,20,72.1
207,2025H2,KPI,季度关键任务按期交付,30,70.2
208,2025H2,KPI,关键差错率为0,60,69.2
208,2025H2,KPI,季度关键任务按期交付,40,48.9
209,2025H2,KPI,核心模块交付及时率≥95%,70,94.1
209,2025H2,OKR,线上故障数同比下降20%,30,88.2
210,2025H2,OKR,跨部门协作满意度≥4分,40,83.8
210,2025H2,KPI,季度关键任务按期交付,30,91.6
210,2025H2,OKR,完成专业分享≥2次,30,73.8
211,2025H2,OKR,输出流程优化提案≥1项,50,45.8
211,2025H2,OKR,跨部门协作满意度≥4分,50,47.6
212,2025H2,KPI,线上故障数同比下降20%,50,66.2
212,2025H2,OKR,完成关键技术方案设计并通过评审,50,60.6
213,2025H2,KPI,季度关键任务按期交付,50,62.8
213,2025H2,KPI,完成专业分享≥2次,50,64.9
214,2025H2,OKR,完成关键技术方案设计并通过评审,40,54.4
214,2025H2,KPI,线上故障数同比下降20%,40,63.3
214,2025H2,KPI,带教1名新成员通过转正,20,60.8
216,2025H2,KPI,线上故障数同比下降20%,50,81.6
216,2025H2,OKR,核心模块交付及时率≥95%,50,61.0
217,2025H2,KPI,输出流程优化提案≥1项,20,70.8
217,2025H2,KPI,完成专业分享≥2次,20,83.3
217,2025H2,KPI,季度关键任务按期交付,20,72.1
217,2025H2,OKR,关键差错率为0,40,67.9
218,2025H2,KPI,完成专业分享≥2次,50,84.1
218,2025H2,KPI,跨部门协作满意度≥4分,10,93.2
218,2025H2,KPI,输出流程优化提案≥1项,40,64.4
220,2025H2,KPI,输出流程优化提案≥1项,30,70.9
220,2025H2,KPI,季度关键任务按期交付,30,91.7
220,2025H2,KPI,完成专业分享≥2次,40,67.8
221,2025H2,KPI,核心模块交付及时率≥95%,50,75.5
221,2025H2,OKR,带教1名新成员通过转正,50,83.3
224,2025H2,KPI,带教1名新成员通过转正,30,37.1
224,2025H2,OKR,完成关键技术方案设计并通过评审,70,40.9
225,2025H2,KPI,季度关键任务按期交付,20,56.9
225,2025H2,KPI,关键差错率为0,20,55.4
225,2025H2,KPI,输出流程优化提案≥1项,50,34.3
225,2025H2,OKR,完成专业分享≥2次,10,34.0
226,2025H2,KPI,完成关键技术方案设计并通过评审,10,66.3
226,2025H2,KPI,核心模块交付及时率≥95%,50,84.8
226,2025H2,OKR,带教1名新成员通过转正,40,86.8
228,2025H2,KPI,带教1名新成员通过转正,40,63.1
228,2025H2,KPI,线上故障数同比下降20%,10,33.3
228,2025H2,KPI,核心模块交付及时率≥95%,20,43.6
228,2025H2,KPI,完成关键技术方案设计并通过评审,30,40.4
230,2025H2,OKR,线上故障数同比下降20%,40,89.4
230,2025H2,KPI,带教1名新成员通过转正,60,75.4
231,2025H2,OKR,关键差错率为0,20,52.8
231,2025H2,KPI,跨部门协作满意度≥4分,70,48.1
231,2025H2,KPI,季度关键任务按期交付,10,45.2
232,2025H2,KPI,带教1名新成员通过转正,20,64.7
232,2025H2,KPI,完成关键技术方案设计并通过评审,10,53.6
232,2025H2,KPI,线上故障数同比下降20%,50,48.0
232,2025H2,OKR,核心模块交付及时率≥95%,20,42.6
234,2025H2,KPI,季度关键任务按期交付,50,76.1
234,2025H2,KPI,跨部门协作满意度≥4分,20,52.4
234,2025H2,KPI,关键差错率为0,30,54.3
236,2025H2,KPI,核心模块交付及时率≥95%,40,52.2
236,2025H2,KPI,带教1名新成员通过转正,20,68.2
236,2025H2,KPI,线上故障数同比下降20%,40,70.3
237,2025H2,KPI,季度销售目标达成率≥90%,70,66.5
237,2025H2,KPI,回款及时率≥95%,30,61.6
239,2025H2,KPI,线上故障数同比下降20%,60,73.7
239,2025H2,KPI,带教1名新成员通过转正,40,60.8
240,2025H2,KPI,完成专业分享≥2次,10,17.5
240,2025H2,KPI,跨部门协作满意度≥4分,30,46.8
240,2025H2,OKR,关键差错率为0,20,38.2
240,2025H2,KPI,输出流程优化提案≥1项,40,15
242,2025H2,KPI,跨部门协作满意度≥4分,60,94.7
242,2025H2,KPI,季度关键任务按期交付,40,93.9
243,2025H2,KPI,关键差错率为0,20,78.6
243,2025H2,KPI,跨部门协作满意度≥4分,30,65.3
243,2025H2,KPI,输出流程优化提案≥1项,50,71.5
245,2025H2,KPI,核心模块交付及时率≥95%,60,75.9
245,2025H2,KPI,线上故障数同比下降20%,40,50.7
248,2025H2,KPI,完成关键技术方案设计并通过评审,60,58.5
248,2025H2,KPI,带教1名新成员通过转正,40,71.2
250,2025H2,OKR,关键差错率为0,50,69.4
250,2025H2,OKR,完成专业分享≥2次,50,70.3
252,2025H2,OKR,完成专业分享≥2次,20,39.4
252,2025H2,OKR,跨部门协作满意度≥4分,20,47.6
252,2025H2,KPI,季度关键任务按期交付,40,71.5
252,2025H2,KPI,输出流程优化提案≥1项,20,44.3
253,2025H2,KPI,完成关键技术方案设计并通过评审,50,79.3
253,2025H2,KPI,带教1名新成员通过转正,30,100
253,2025H2,KPI,线上故障数同比下降20%,20,91.2
255,2025H2,KPI,核心模块交付及时率≥95%,70,63.2
255,2025H2,KPI,完成关键技术方案设计并通过评审,30,75.8
256,2025H2,KPI,完成关键技术方案设计并通过评审,30,73.3
256,2025H2,OKR,核心模块交付及时率≥95%,40,93.6
256,2025H2,KPI,带教1名新成员通过转正,30,71.5
257,2025H2,KPI,核心模块交付及时率≥95%,70,54.5
257,2025H2,OKR,完成关键技术方案设计并通过评审,30,57.8
261,2025H2,KPI,跨部门协作满意度≥4分,60,57.9
261,2025H2,KPI,季度关键任务按期交付,40,87.2
262,2025H2,KPI,完成关键技术方案设计并通过评审,50,72.3
262,2025H2,KPI,线上故障数同比下降20%,20,81.0
262,2025H2,KPI,带教1名新成员通过转正,30,75.8
263,2025H2,KPI,核心模块交付及时率≥95%,20,59.3
263,2025H2,KPI,完成关键技术方案设计并通过评审,50,76.9
263,2025H2,OKR,线上故障数同比下降20%,30,55.3
264,2025H2,KPI,老客户续约率≥85%,20,74.6
264,2025H2,KPI,季度销售目标达成率≥90%,70,46.2
264,2025H2,KPI,回款及时率≥95%,10,65.9
265,2025H2,KPI,输出流程优化提案≥1项,50,66.6
265,2025H2,KPI,完成专业分享≥2次,50,63.6
266,2025H2,KPI,老客户续约率≥85%,20,61.3
266,2025H2,KPI,回款及时率≥95%,20,79.0
266,2025H2,KPI,季度销售目标达成率≥90%,20,93.3
266,2025H2,OKR,新客户开发≥5家,40,89.0
267,2025H2,KPI,完成专业分享≥2次,10,79.5
267,2025H2,KPI,跨部门协作满意度≥4分,40,100
267,2025H2,KPI,关键差错率为0,30,73.2
267,2025H2,KPI,季度关键任务按期交付,20,78.4
268,2025H2,KPI,季度关键任务按期交付,60,67.0
268,2025H2,OKR,关键差错率为0,40,69.1
269,2025H2,OKR,完成专业分享≥2次,40,52.2
269,2025H2,OKR,关键差错率为0,60,63.6
271,2025H2,KPI,跨部门协作满意度≥4分,20,70.4
271,2025H2,KPI,季度关键任务按期交付,40,56.9
271,2025H2,KPI,完成专业分享≥2次,40,48.2
272,2025H2,KPI,带教1名新成员通过转正,50,55.0
272,2025H2,KPI,线上故障数同比下降20%,10,65.3
272,2025H2,KPI,核心模块交付及时率≥95%,40,60.7
273,2025H2,OKR,季度销售目标达成率≥90%,20,61.3
273,2025H2,KPI,老客户续约率≥85%,20,57.4
273,2025H2,KPI,新客户开发≥5家,40,73.1
273,2025H2,KPI,回款及时率≥95%,20,68.8
275,2025H2,OKR,输出流程优化提案≥1项,40,75.1
275,2025H2,KPI,关键差错率为0,50,86.8
275,2025H2,OKR,季度关键任务按期交付,10,93.8
278,2025H2,KPI,完成专业分享≥2次,50,70.0
278,2025H2,KPI,关键差错率为0,50,78.3
279,2025H2,KPI,回款及时率≥95%,10,52.4
279,2025H2,OKR,新客户开发≥5家,60,38.9
279,2025H2,KPI,季度销售目标达成率≥90%,30,46.8
280,2025H2,KPI,关键差错率为0,70,55.0
280,2025H2,KPI,季度关键任务按期交付,30,45.6
281,2025H2,OKR,完成专业分享≥2次,20,53.6
281,2025H2,KPI,关键差错率为0,40,47.9
281,2025H2,KPI,跨部门协作满意度≥4分,40,60.8
282,2025H2,KPI,完成关键技术方案设计并通过评审,40,80.4
282,2025H2,OKR,线上故障数同比下降20%,40,79.5
282,2025H2,KPI,带教1名新成员通过转正,20,88.5
283,2025H2,KPI,核心模块交付及时率≥95%,40,49.6
283,2025H2,OKR,带教1名新成员通过转正,30,72.0
283,2025H2,OKR,线上故障数同比下降20%,30,85.1
284,2025H2,KPI,核心模块交付及时率≥95%,30,46.2
284,2025H2,KPI,线上故障数同比下降20%,20,43.5
284,2025H2,KPI,带教1名新成员通过转正,20,37.0
284,2025H2,OKR,完成关键技术方案设计并通过评审,30,62.1
287,2025H2,KPI,回款及时率≥95%,50,75.9
287,2025H2,KPI,季度销售目标达成率≥90%,20,84.9
287,2025H2,KPI,老客户续约率≥85%,10,53.7
287,2025H2,KPI,新客户开发≥5家,20,63.3
288,2025H2,KPI,老客户续约率≥85%,30,82.1
288,2025H2,KPI,回款及时率≥95%,30,67.1
288,2025H2,KPI,新客户开发≥5家,20,77.3
288,2025H2,KPI,季度销售目标达成率≥90%,20,92.2
291,2025H2,KPI,线上故障数同比下降20%,40,54.7
291,2025H2,KPI,完成关键技术方案设计并通过评审,20,75.0
291,2025H2,KPI,带教1名新成员通过转正,30,62.3
291,2025H2,OKR,核心模块交付及时率≥95%,10,74.3
292,2025H2,KPI,老客户续约率≥85%,30,42.2
292,2025H2,KPI,回款及时率≥95%,70,68.5
293,2025H2,KPI,线上故障数同比下降20%,10,75.4
293,2025H2,KPI,核心模块交付及时率≥95%,30,69.6
293,2025H2,OKR,完成关键技术方案设计并通过评审,40,72.6
293,2025H2,OKR,带教1名新成员通过转正,20,83.5
295,2025H2,KPI,核心模块交付及时率≥95%,30,40.5
295,2025H2,KPI,线上故障数同比下降20%,20,45.7
295,2025H2,KPI,带教1名新成员通过转正,20,49.2
295,2025H2,KPI,完成关键技术方案设计并通过评审,30,61.0
297,2025H2,KPI,回款及时率≥95%,50,52.3
297,2025H2,OKR,新客户开发≥5家,50,76.1
298,2025H2,KPI,老客户续约率≥85%,20,28.5
298,2025H2,KPI,季度销售目标达成率≥90%,80,43.0
299,2025H2,KPI,回款及时率≥95%,30,52.0
299,2025H2,KPI,季度销售目标达成率≥90%,70,39.8
302,2025H2,OKR,核心模块交付及时率≥95%,20,58.2
302,2025H2,KPI,完成关键技术方案设计并通过评审,40,69.2
302,2025H2,OKR,线上故障数同比下降20%,30,55.0
302,2025H2,KPI,带教1名新成员通过转正,10,56.1
303,2025H2,KPI,输出流程优化提案≥1项,70,61.9
303,2025H2,KPI,季度关键任务按期交付,30,76.8
305,2025H2,KPI,完成专业分享≥2次,20,34.8
305,2025H2,OKR,跨部门协作满意度≥4分,30,66.6
305,2025H2,KPI,季度关键任务按期交付,20,62.9
305,2025H2,KPI,输出流程优化提案≥1项,30,46.4
307,2025H2,KPI,老客户续约率≥85%,30,85.1
307,2025H2,KPI,季度销售目标达成率≥90%,20,95.6
307,2025H2,KPI,回款及时率≥95%,30,87.9
307,2025H2,KPI,新客户开发≥5家,20,80.6
308,2025H2,KPI,季度销售目标达成率≥90%,50,84.8
308,2025H2,OKR,老客户续约率≥85%,30,79.9
308,2025H2,KPI,回款及时率≥95%,20,79.7
309,2025H2,KPI,带教1名新成员通过转正,40,79.7
309,2025H2,OKR,核心模块交付及时率≥95%,60,100
310,2025H2,OKR,线上故障数同比下降20%,60,89.1
310,2025H2,KPI,带教1名新成员通过转正,40,80.6
311,2025H2,KPI,核心模块交付及时率≥95%,20,63.9
311,2025H2,KPI,完成关键技术方案设计并通过评审,40,89.2
311,2025H2,KPI,线上故障数同比下降20%,20,58.3
311,2025H2,KPI,带教1名新成员通过转正,20,71.5
312,2025H2,OKR,跨部门协作满意度≥4分,30,68.8
312,2025H2,OKR,关键差错率为0,40,56.4
312,2025H2,KPI,季度关键任务按期交付,30,67.0
313,2025H2,KPI,完成专业分享≥2次,60,91.2
313,2025H2,KPI,输出流程优化提案≥1项,40,73.7
315,2025H2,KPI,输出流程优化提案≥1项,40,57.2
315,2025H2,KPI,关键差错率为0,20,45.0
315,2025H2,KPI,跨部门协作满意度≥4分,30,52.9
315,2025H2,KPI,完成专业分享≥2次,10,56.7
316,2025H2,KPI,完成关键技术方案设计并通过评审,40,48.4
316,2025H2,OKR,线上故障数同比下降20%,60,72.0
317,2025H2,KPI,关键差错率为0,80,67.3
317,2025H2,KPI,输出流程优化提案≥1项,20,73.2
319,2025H2,OKR,季度关键任务按期交付,30,42.2
319,2025H2,OKR,输出流程优化提案≥1项,30,35.3
319,2025H2,KPI,完成专业分享≥2次,10,31.3
319,2025H2,KPI,关键差错率为0,30,51.0
320,2025H2,KPI,季度关键任务按期交付,20,64.7
320,2025H2,OKR,输出流程优化提案≥1项,30,50.4
320,2025H2,KPI,关键差错率为0,30,60.8
320,2025H2,OKR,跨部门协作满意度≥4分,20,58.2
321,2025H2,KPI,输出流程优化提案≥1项,40,49.0
321,2025H2,KPI,季度关键任务按期交付,60,53.2
323,2025H2,OKR,输出流程优化提案≥1项,20,80.1
323,2025H2,OKR,关键差错率为0,40,100
323,2025H2,OKR,完成专业分享≥2次,10,100
323,2025H2,KPI,季度关键任务按期交付,30,91.8
325,2025H2,OKR,回款及时率≥95%,20,44.1
325,2025H2,KPI,老客户续约率≥85%,30,55.8
325,2025H2,KPI,季度销售目标达成率≥90%,50,70.5
327,2025H2,KPI,老客户续约率≥85%,20,83.3
327,2025H2,KPI,季度销售目标达成率≥90%,40,90.8
327,2025H2,OKR,回款及时率≥95%,10,88.0
327,2025H2,KPI,新客户开发≥5家,30,69.2
328,2025H2,OKR,跨部门协作满意度≥4分,50,86.6
328,2025H2,KPI,季度关键任务按期交付,50,60.5
331,2025H2,KPI,输出流程优化提案≥1项,20,51.7
331,2025H2,OKR,关键差错率为0,40,67.5
331,2025H2,KPI,完成专业分享≥2次,10,37.7
331,2025H2,OKR,跨部门协作满意度≥4分,30,65.4
333,2025H2,OKR,完成专业分享≥2次,30,43.3
333,2025H2,OKR,关键差错率为0,40,58.5
333,2025H2,OKR,跨部门协作满意度≥4分,20,46.7
333,2025H2,KPI,季度关键任务按期交付,10,47.4
334,2025H2,OKR,新客户开发≥5家,20,89.7
334,2025H2,KPI,回款及时率≥95%,10,100
334,2025H2,KPI,季度销售目标达成率≥90%,20,85.8
334,2025H2,KPI,老客户续约率≥85%,50,94.0
335,2025H2,KPI,老客户续约率≥85%,30,90.0
335,2025H2,KPI,季度销售目标达成率≥90%,50,52.9
335,2025H2,KPI,回款及时率≥95%,20,83.3
338,2025H2,KPI,老客户续约率≥85%,20,58.4
338,2025H2,KPI,季度销售目标达成率≥90%,30,63.6
338,2025H2,KPI,回款及时率≥95%,40,58.1
338,2025H2,KPI,新客户开发≥5家,10,69.1
339,2025H2,OKR,关键差错率为0,40,64.4
339,2025H2,KPI,输出流程优化提案≥1项,30,48.7
339,2025H2,KPI,季度关键任务按期交付,30,37.8
341,2025H2,KPI,输出流程优化提案≥1项,30,73.7
341,2025H2,KPI,季度关键任务按期交付,20,63.7
341,2025H2,KPI,完成专业分享≥2次,20,90.4
341,2025H2,KPI,跨部门协作满意度≥4分,30,75.9
342,2025H2,KPI,季度关键任务按期交付,40,86.4
342,2025H2,OKR,完成专业分享≥2次,20,75.6
342,2025H2,KPI,跨部门协作满意度≥4分,40,83.9
343,2025H2,KPI,完成专业分享≥2次,20,82.7
343,2025H2,KPI,关键差错率为0,40,63.8
343,2025H2,KPI,跨部门协作满意度≥4分,10,97.9
343,2025H2,OKR,季度关键任务按期交付,30,90.3
345,2025H2,KPI,带教1名新成员通过转正,30,52.4
345,2025H2,KPI,核心模块交付及时率≥95%,40,61.0
345,2025H2,OKR,线上故障数同比下降20%,30,59.9
346,2025H2,OKR,完成关键技术方案设计并通过评审,40,53.3
346,2025H2,KPI,线上故障数同比下降20%,60,44.2
347,2025H2,KPI,带教1名新成员通过转正,50,66.3
347,2025H2,KPI,核心模块交付及时率≥95%,50,53.3
348,2025H2,KPI,输出流程优化提案≥1项,60,56.1
348,2025H2,KPI,季度关键任务按期交付,40,75.6
349,2025H2,KPI,关键差错率为0,20,59.8
349,2025H2,OKR,季度关键任务按期交付,50,63.3
349,2025H2,KPI,完成专业分享≥2次,30,77.7
350,2025H2,KPI,完成专业分享≥2次,20,54.8
350,2025H2,OKR,输出流程优化提案≥1项,40,53.0
350,2025H2,OKR,关键差错率为0,40,58.3
351,2025H2,KPI,输出流程优化提案≥1项,30,69.3
351,2025H2,KPI,跨部门协作满意度≥4分,70,78.6
353,2025H2,KPI,核心模块交付及时率≥95%,60,69.0
353,2025H2,KPI,完成关键技术方案设计并通过评审,40,54.3
354,2025H2,KPI,线上故障数同比下降20%,30,62.4
354,2025H2,KPI,完成关键技术方案设计并通过评审,40,65.8
354,2025H2,KPI,带教1名新成员通过转正,30,93.6
355,2025H2,KPI,季度关键任务按期交付,10,44.5
355,2025H2,KPI,关键差错率为0,50,43.0
355,2025H2,OKR,完成专业分享≥2次,40,41.2
356,2025H2,KPI,核心模块交付及时率≥95%,70,70.7
356,2025H2,KPI,线上故障数同比下降20%,30,72.2
357,2025H2,KPI,线上故障数同比下降20%,30,86.5
357,2025H2,OKR,核心模块交付及时率≥95%,30,78.0
357,2025H2,KPI,完成关键技术方案设计并通过评审,40,73.4
358,2025H2,KPI,线上故障数同比下降20%,10,69.6
358,2025H2,OKR,带教1名新成员通过转正,40,86.1
358,2025H2,KPI,核心模块交付及时率≥95%,20,89.6
358,2025H2,KPI,完成关键技术方案设计并通过评审,30,58.5
359,2025H2,KPI,老客户续约率≥85%,60,47.3
359,2025H2,OKR,季度销售目标达成率≥90%,40,30.7
360,2025H2,KPI,输出流程优化提案≥1项,30,57.7
360,2025H2,KPI,关键差错率为0,20,67.0
360,2025H2,OKR,季度关键任务按期交付,20,62.7
360,2025H2,OKR,完成专业分享≥2次,30,51.9
362,2025H2,OKR,季度关键任务按期交付,50,51.5
362,2025H2,OKR,完成专业分享≥2次,50,66.8
363,2025H2,KPI,完成关键技术方案设计并通过评审,30,29.1
363,2025H2,KPI,核心模块交付及时率≥95%,40,39.1
363,2025H2,KPI,带教1名新成员通过转正,10,38.7
363,2025H2,KPI,线上故障数同比下降20%,20,35.6
365,2025H2,KPI,带教1名新成员通过转正,40,48.9
365,2025H2,KPI,完成关键技术方案设计并通过评审,20,54.4
365,2025H2,KPI,核心模块交付及时率≥95%,40,70.6
366,2025H2,KPI,线上故障数同比下降20%,30,87.6
366,2025H2,OKR,带教1名新成员通过转正,40,67.9
366,2025H2,KPI,核心模块交付及时率≥95%,30,53.5
367,2025H2,KPI,线上故障数同比下降20%,70,46.1
367,2025H2,KPI,核心模块交付及时率≥95%,30,64.6
368,2025H2,KPI,输出流程优化提案≥1项,40,74.3
368,2025H2,KPI,完成专业分享≥2次,60,92.7
369,2025H2,OKR,季度关键任务按期交付,40,43.2
369,2025H2,KPI,关键差错率为0,10,44.3
369,2025H2,KPI,完成专业分享≥2次,30,33.9
369,2025H2,OKR,跨部门协作满意度≥4分,20,38.5
370,2025H2,KPI,跨部门协作满意度≥4分,30,46.4
370,2025H2,OKR,完成专业分享≥2次,20,82.2
370,2025H2,KPI,输出流程优化提案≥1项,20,61.6
370,2025H2,KPI,关键差错率为0,30,82.6
373,2025H2,KPI,线上故障数同比下降20%,60,83.9
373,2025H2,KPI,带教1名新成员通过转正,30,62.6
373,2025H2,KPI,完成关键技术方案设计并通过评审,10,63.2
374,2025H2,KPI,带教1名新成员通过转正,10,88.9
374,2025H2,OKR,核心模块交付及时率≥95%,30,91.0
374,2025H2,OKR,线上故障数同比下降20%,20,54.1
374,2025H2,KPI,完成关键技术方案设计并通过评审,40,62.8
377,2025H2,KPI,线上故障数同比下降20%,40,61.9
377,2025H2,OKR,带教1名新成员通过转正,60,52.5
378,2025H2,OKR,带教1名新成员通过转正,40,53.4
378,2025H2,KPI,核心模块交付及时率≥95%,60,62.4
379,2025H2,KPI,完成关键技术方案设计并通过评审,30,86.7
379,2025H2,KPI,带教1名新成员通过转正,40,82.4
379,2025H2,KPI,线上故障数同比下降20%,30,82.6
381,2025H2,KPI,线上故障数同比下降20%,20,45.1
381,2025H2,KPI,完成关键技术方案设计并通过评审,40,60.9
381,2025H2,KPI,带教1名新成员通过转正,30,45.6
381,2025H2,OKR,核心模块交付及时率≥95%,10,54.3
384,2025H2,KPI,老客户续约率≥85%,50,57.5
384,2025H2,OKR,季度销售目标达成率≥90%,50,59.6
389,2025H2,KPI,关键差错率为0,20,78.2
389,2025H2,KPI,季度关键任务按期交付,80,50.9
392,2025H2,KPI,线上故障数同比下降20%,20,19.0
392,2025H2,KPI,带教1名新成员通过转正,40,37.4
392,2025H2,KPI,核心模块交付及时率≥95%,30,41.9
392,2025H2,KPI,完成关键技术方案设计并通过评审,10,33.9
394,2025H2,KPI,季度销售目标达成率≥90%,50,57.1
394,2025H2,OKR,回款及时率≥95%,50,42.5
395,2025H2,KPI,老客户续约率≥85%,30,96.7
395,2025H2,KPI,新客户开发≥5家,20,96.0
395,2025H2,KPI,季度销售目标达成率≥90%,50,71.9
398,2025H2,OKR,关键差错率为0,50,86.4
398,2025H2,KPI,跨部门协作满意度≥4分,30,75.8
398,2025H2,KPI,季度关键任务按期交付,20,77.4
400,2025H2,KPI,线上故障数同比下降20%,30,48.7
400,2025H2,KPI,核心模块交付及时率≥95%,10,48.5
400,2025H2,KPI,带教1名新成员通过转正,30,58.4
400,2025H2,KPI,完成关键技术方案设计并通过评审,30,42.1
401,2025H2,OKR,带教1名新成员通过转正,40,70.7
401,2025H2,KPI,线上故障数同比下降20%,40,62.4
401,2025H2,KPI,完成关键技术方案设计并通过评审,20,65.2
403,2025H2,KPI,带教1名新成员通过转正,30,43.2
403,2025H2,OKR,线上故障数同比下降20%,20,79.4
403,2025H2,OKR,核心模块交付及时率≥95%,10,21.3
403,2025H2,OKR,完成关键技术方案设计并通过评审,40,52.8
406,2025H2,OKR,季度销售目标达成率≥90%,50,94.5
406,2025H2,KPI,回款及时率≥95%,50,60.8
407,2025H2,KPI,新客户开发≥5家,20,81.2
407,2025H2,KPI,季度销售目标达成率≥90%,40,86.7
407,2025H2,KPI,老客户续约率≥85%,30,93.5
407,2025H2,KPI,回款及时率≥95%,10,86.6
410,2025H2,KPI,跨部门协作满意度≥4分,30,60.9
410,2025H2,KPI,关键差错率为0,20,47.5
410,2025H2,OKR,输出流程优化提案≥1项,30,47.3
410,2025H2,KPI,完成专业分享≥2次,20,57.1
411,2025H2,KPI,线上故障数同比下降20%,30,91.3
411,2025H2,OKR,带教1名新成员通过转正,60,76.7
411,2025H2,KPI,核心模块交付及时率≥95%,10,62.0
412,2025H2,KPI,核心模块交付及时率≥95%,10,82.4
412,2025H2,KPI,带教1名新成员通过转正,30,79.3
412,2025H2,KPI,线上故障数同比下降20%,60,50.4
413,2025H2,KPI,带教1名新成员通过转正,40,38.1
413,2025H2,KPI,完成关键技术方案设计并通过评审,30,74.1
413,2025H2,OKR,核心模块交付及时率≥95%,30,70.5
414,2025H2,KPI,线上故障数同比下降20%,80,55.5
414,2025H2,OKR,完成关键技术方案设计并通过评审,20,71.0
415,2025H2,KPI,季度销售目标达成率≥90%,30,69.4
415,2025H2,KPI,回款及时率≥95%,30,67.0
415,2025H2,KPI,新客户开发≥5家,30,65.7
415,2025H2,OKR,老客户续约率≥85%,10,50.1
417,2025H2,OKR,回款及时率≥95%,50,100
417,2025H2,KPI,季度销售目标达成率≥90%,20,100
417,2025H2,KPI,老客户续约率≥85%,20,100
417,2025H2,KPI,新客户开发≥5家,10,80.0
419,2025H2,KPI,完成关键技术方案设计并通过评审,30,78.9
419,2025H2,OKR,带教1名新成员通过转正,20,58.8
419,2025H2,OKR,核心模块交付及时率≥95%,20,65.1
419,2025H2,OKR,线上故障数同比下降20%,30,66.4
420,2025H2,KPI,完成专业分享≥2次,30,73.9
420,2025H2,KPI,跨部门协作满意度≥4分,20,70.7
420,2025H2,KPI,关键差错率为0,30,69.4
420,2025H2,OKR,季度关键任务按期交付,20,61.5
422,2025H2,KPI,带教1名新成员通过转正,40,71.4
422,2025H2,OKR,完成关键技术方案设计并通过评审,10,70.7
422,2025H2,OKR,核心模块交付及时率≥95%,30,78.4
422,2025H2,KPI,线上故障数同比下降20%,20,62.5
423,2025H2,KPI,线上故障数同比下降20%,50,81.9
423,2025H2,OKR,完成关键技术方案设计并通过评审,50,73.8
426,2025H2,KPI,线上故障数同比下降20%,40,54.3
426,2025H2,OKR,带教1名新成员通过转正,30,63.3
426,2025H2,KPI,核心模块交付及时率≥95%,30,77.3
429,2025H2,KPI,回款及时率≥95%,30,73.9
429,2025H2,KPI,季度销售目标达成率≥90%,20,72.9
429,2025H2,OKR,新客户开发≥5家,20,76.8
429,2025H2,OKR,老客户续约率≥85%,30,71.0
430,2025H2,OKR,带教1名新成员通过转正,40,38.9
430,2025H2,KPI,核心模块交付及时率≥95%,60,44.5
431,2025H2,KPI,关键差错率为0,10,72.4
431,2025H2,KPI,完成专业分享≥2次,20,100
431,2025H2,KPI,跨部门协作满意度≥4分,40,76.2
431,2025H2,OKR,季度关键任务按期交付,30,86.5
432,2025H2,OKR,核心模块交付及时率≥95%,30,52.7
432,2025H2,KPI,线上故障数同比下降20%,20,62.4
432,2025H2,KPI,完成关键技术方案设计并通过评审,40,54.9
432,2025H2,KPI,带教1名新成员通过转正,10,65.3
433,2025H2,KPI,带教1名新成员通过转正,10,66.4
433,2025H2,KPI,完成关键技术方案设计并通过评审,20,60.6
433,2025H2,KPI,线上故障数同比下降20%,40,92.6
433,2025H2,OKR,核心模块交付及时率≥95%,30,59.5
434,2025H2,KPI,核心模块交付及时率≥95%,20,77.8
434,2025H2,KPI,线上故障数同比下降20%,20,80.5
434,2025H2,OKR,完成关键技术方案设计并通过评审,30,73.6
434,2025H2,OKR,带教1名新成员通过转正,30,82.7
435,2025H2,OKR,完成关键技术方案设计并通过评审,40,56.9
435,2025H2,KPI,核心模块交付及时率≥95%,30,68.5
435,2025H2,KPI,线上故障数同比下降20%,20,63.9
435,2025H2,KPI,带教1名新成员通过转正,10,73.1
437,2025H2,OKR,新客户开发≥5家,40,74.0
437,2025H2,KPI,老客户续约率≥85%,30,47.4
437,2025H2,KPI,回款及时率≥95%,30,71.4
439,2025H2,KPI,季度关键任务按期交付,40,59.5
439,2025H2,KPI,完成专业分享≥2次,60,56.5
443,2025H2,KPI,季度关键任务按期交付,50,63.6
443,2025H2,OKR,关键差错率为0,30,66.8
443,2025H2,KPI,输出流程优化提案≥1项,20,67.5
445,2025H2,OKR,老客户续约率≥85%,10,93.3
445,2025H2,KPI,季度销售目标达成率≥90%,20,71.3
445,2025H2,KPI,新客户开发≥5家,40,81.4
445,2025H2,OKR,回款及时率≥95%,30,84.3
447,2025H2,KPI,核心模块交付及时率≥95%,40,67.1
447,2025H2,KPI,完成关键技术方案设计并通过评审,20,56.2
447,2025H2,OKR,线上故障数同比下降20%,20,71.0
447,2025H2,KPI,带教1名新成员通过转正,20,54.2
448,2025H2,KPI,完成专业分享≥2次,30,15.6
448,2025H2,KPI,季度关键任务按期交付,40,33.4
448,2025H2,KPI,关键差错率为0,30,42.2
449,2025H2,KPI,跨部门协作满意度≥4分,50,63.6
449,2025H2,KPI,关键差错率为0,50,60.3
450,2025H2,OKR,关键差错率为0,60,81.9
450,2025H2,KPI,输出流程优化提案≥1项,40,64.7
453,2025H2,KPI,线上故障数同比下降20%,30,53.9
453,2025H2,KPI,核心模块交付及时率≥95%,60,60.7
453,2025H2,KPI,带教1名新成员通过转正,10,69.7
456,2025H2,KPI,输出流程优化提案≥1项,30,85.0
456,2025H2,KPI,跨部门协作满意度≥4分,10,71.0
456,2025H2,KPI,关键差错率为0,20,73.6
456,2025H2,KPI,完成专业分享≥2次,40,78.8
457,2025H2,KPI,关键差错率为0,40,68.4
457,2025H2,KPI,跨部门协作满意度≥4分,60,74.0
458,2025H2,KPI,季度关键任务按期交付,50,51.2
458,2025H2,KPI,跨部门协作满意度≥4分,50,15
459,2025H2,KPI,线上故障数同比下降20%,40,47.8
459,2025H2,KPI,带教1名新成员通过转正,60,57.8
460,2025H2,KPI,完成关键技术方案设计并通过评审,20,38.0
460,2025H2,KPI,核心模块交付及时率≥95%,60,37.5
460,2025H2,KPI,线上故障数同比下降20%,20,45.6
461,2025H2,OKR,完成关键技术方案设计并通过评审,60,61.2
461,2025H2,KPI,核心模块交付及时率≥95%,40,85.9
462,2025H2,OKR,核心模块交付及时率≥95%,30,51.7
462,2025H2,KPI,带教1名新成员通过转正,30,15
462,2025H2,KPI,完成关键技术方案设计并通过评审,20,35.4
462,2025H2,KPI,线上故障数同比下降20%,20,38.4
464,2025H2,KPI,核心模块交付及时率≥95%,50,51.8
464,2025H2,KPI,线上故障数同比下降20%,30,62.1
464,2025H2,OKR,带教1名新成员通过转正,20,61.1
466,2025H2,KPI,输出流程优化提案≥1项,30,68.1
466,2025H2,KPI,跨部门协作满意度≥4分,30,95.9
466,2025H2,KPI,季度关键任务按期交付,40,95.0
469,2025H2,OKR,关键差错率为0,30,63.9
469,2025H2,KPI,完成专业分享≥2次,30,44.2
469,2025H2,OKR,跨部门协作满意度≥4分,40,76.5
470,2025H2,KPI,新客户开发≥5家,40,74.9
470,2025H2,OKR,回款及时率≥95%,30,78.5
470,2025H2,OKR,老客户续约率≥85%,20,82.5
470,2025H2,KPI,季度销售目标达成率≥90%,10,68.8
471,2025H2,KPI,完成关键技术方案设计并通过评审,20,80.2
471,2025H2,KPI,带教1名新成员通过转正,40,64.4
471,2025H2,KPI,线上故障数同比下降20%,40,54.4
472,2025H2,OKR,回款及时率≥95%,20,58.4
472,2025H2,KPI,季度销售目标达成率≥90%,10,64.9
472,2025H2,KPI,新客户开发≥5家,30,51.4
472,2025H2,OKR,老客户续约率≥85%,40,76.8
473,2025H2,KPI,带教1名新成员通过转正,40,70.5
473,2025H2,OKR,核心模块交付及时率≥95%,20,61.1
473,2025H2,KPI,完成关键技术方案设计并通过评审,10,74.2
473,2025H2,OKR,线上故障数同比下降20%,30,73.5
474,2025H2,KPI,回款及时率≥95%,50,67.9
474,2025H2,OKR,新客户开发≥5家,20,74.4
474,2025H2,OKR,季度销售目标达成率≥90%,30,90.4
476,2025H2,OKR,完成专业分享≥2次,20,75.5
476,2025H2,KPI,输出流程优化提案≥1项,50,64.9
476,2025H2,OKR,跨部门协作满意度≥4分,30,90.4
477,2025H2,KPI,核心模块交付及时率≥95%,40,31.4
477,2025H2,OKR,线上故障数同比下降20%,40,54.2
477,2025H2,KPI,完成关键技术方案设计并通过评审,20,20.1
479,2025H2,KPI,季度关键任务按期交付,60,83.0
479,2025H2,KPI,完成专业分享≥2次,40,72.9
481,2025H2,OKR,带教1名新成员通过转正,50,93.8
481,2025H2,KPI,核心模块交付及时率≥95%,30,80.5
481,2025H2,OKR,线上故障数同比下降20%,20,58.7
483,2025H2,KPI,跨部门协作满意度≥4分,10,48.8
483,2025H2,KPI,季度关键任务按期交付,50,51.2
483,2025H2,KPI,完成专业分享≥2次,20,50.8
483,2025H2,OKR,输出流程优化提案≥1项,20,42.8
486,2025H2,OKR,完成关键技术方案设计并通过评审,60,46.0
486,2025H2,OKR,线上故障数同比下降20%,40,60.9
487,2025H2,OKR,核心模块交付及时率≥95%,30,46.7
487,2025H2,KPI,完成关键技术方案设计并通过评审,30,30.2
487,2025H2,KPI,带教1名新成员通过转正,40,35.2
489,2025H2,OKR,关键差错率为0,40,37.2
489,2025H2,KPI,季度关键任务按期交付,60,42.4
490,2025H2,KPI,跨部门协作满意度≥4分,40,56.0
490,2025H2,KPI,完成专业分享≥2次,30,62.4
490,2025H2,KPI,关键差错率为0,20,67.3
490,2025H2,KPI,输出流程优化提案≥1项,10,59.9
491,2025H2,KPI,输出流程优化提案≥1项,40,94.2
491,2025H2,KPI,季度关键任务按期交付,20,73.1
491,2025H2,KPI,完成专业分享≥2次,40,71.8
492,2025H2,KPI,核心模块交付及时率≥95%,30,86.7
492,2025H2,OKR,带教1名新成员通过转正,20,74.0
492,2025H2,KPI,线上故障数同比下降20%,20,81.2
492,2025H2,KPI,完成关键技术方案设计并通过评审,30,100
493,2025H2,OKR,季度关键任务按期交付,40,69.8
493,2025H2,KPI,关键差错率为0,40,59.3
493,2025H2,OKR,输出流程优化提案≥1项,20,66.3
494,2025H2,KPI,带教1名新成员通过转正,60,81.9
494,2025H2,KPI,线上故障数同比下降20%,20,78.4
494,2025H2,KPI,完成关键技术方案设计并通过评审,20,73.0
496,2025H2,OKR,关键差错率为0,60,57.9
496,2025H2,KPI,跨部门协作满意度≥4分,40,71.8
497,2025H2,OKR,新客户开发≥5家,30,82.0
497,2025H2,KPI,季度销售目标达成率≥90%,70,50.8
498,2025H2,KPI,关键差错率为0,20,96.4
498,2025H2,OKR,完成专业分享≥2次,30,100
498,2025H2,OKR,季度关键任务按期交付,30,99.2
498,2025H2,OKR,跨部门协作满意度≥4分,20,87.6
499,2025H2,OKR,季度销售目标达成率≥90%,40,85.9
499,2025H2,KPI,新客户开发≥5家,20,80.5
499,2025H2,KPI,老客户续约率≥85%,10,73.3
499,2025H2,KPI,回款及时率≥95%,30,99.3
502,2025H2,KPI,线上故障数同比下降20%,30,45.1
502,2025H2,OKR,带教1名新成员通过转正,70,75.4
503,2025H2,KPI,跨部门协作满意度≥4分,20,78.5
503,2025H2,KPI,输出流程优化提案≥1项,10,80.2
503,2025H2,OKR,完成专业分享≥2次,40,100
503,2025H2,KPI,关键差错率为0,30,86.0
504,2025H2,KPI,跨部门协作满意度≥4分,30,70.1
504,2025H2,KPI,输出流程优化提案≥1项,30,71.6
504,2025H2,KPI,季度关键任务按期交付,40,60.3
507,2025H2,KPI,季度关键任务按期交付,40,96.9
507,2025H2,OKR,输出流程优化提案≥1项,60,61.7
508,2025H2,OKR,关键差错率为0,50,29.1
508,2025H2,KPI,季度关键任务按期交付,20,39.2
508,2025H2,KPI,输出流程优化提案≥1项,10,43.0
508,2025H2,KPI,完成专业分享≥2次,20,19.3
509,2025H2,OKR,季度销售目标达成率≥90%,10,47.4
509,2025H2,KPI,回款及时率≥95%,30,43.1
509,2025H2,OKR,新客户开发≥5家,20,57.6
509,2025H2,KPI,老客户续约率≥85%,40,47.2
510,2025H2,KPI,季度销售目标达成率≥90%,10,79.2
510,2025H2,OKR,回款及时率≥95%,20,72.7
510,2025H2,OKR,新客户开发≥5家,30,49.8
510,2025H2,KPI,老客户续约率≥85%,40,54.5
511,2025H2,KPI,老客户续约率≥85%,50,62.2
511,2025H2,KPI,新客户开发≥5家,50,77.4
512,2025H2,KPI,带教1名新成员通过转正,40,87.9
512,2025H2,OKR,线上故障数同比下降20%,20,82.6
512,2025H2,OKR,核心模块交付及时率≥95%,40,67.2
513,2025H2,KPI,核心模块交付及时率≥95%,40,61.5
513,2025H2,KPI,带教1名新成员通过转正,20,57.9
513,2025H2,KPI,线上故障数同比下降20%,40,41.5
514,2025H2,OKR,季度销售目标达成率≥90%,30,66.1
514,2025H2,KPI,老客户续约率≥85%,40,48.5
514,2025H2,KPI,新客户开发≥5家,30,51.6
515,2025H2,KPI,线上故障数同比下降20%,30,70.4
515,2025H2,KPI,带教1名新成员通过转正,30,63.4
515,2025H2,KPI,完成关键技术方案设计并通过评审,40,78.8
516,2025H2,KPI,带教1名新成员通过转正,50,77.0
516,2025H2,KPI,核心模块交付及时率≥95%,50,85.6
517,2025H2,KPI,完成专业分享≥2次,40,73.8
517,2025H2,KPI,关键差错率为0,10,63.1
517,2025H2,KPI,跨部门协作满意度≥4分,40,79.0
517,2025H2,KPI,季度关键任务按期交付,10,82.3
519,2025H2,KPI,输出流程优化提案≥1项,10,67.0
519,2025H2,OKR,跨部门协作满意度≥4分,30,81.0
519,2025H2,OKR,完成专业分享≥2次,10,79.9
519,2025H2,KPI,季度关键任务按期交付,50,91.4
522,2025H2,KPI,老客户续约率≥85%,60,43.0
522,2025H2,KPI,季度销售目标达成率≥90%,40,43.4
526,2025H2,KPI,季度关键任务按期交付,50,79.4
526,2025H2,OKR,关键差错率为0,50,59.0
527,2025H2,OKR,完成专业分享≥2次,20,81.5
527,2025H2,OKR,关键差错率为0,80,96.5
528,2025H2,KPI,季度关键任务按期交付,30,34.5
528,2025H2,KPI,输出流程优化提案≥1项,40,28.5
528,2025H2,KPI,跨部门协作满意度≥4分,30,43.4
529,2025H2,KPI,关键差错率为0,40,100
529,2025H2,OKR,输出流程优化提案≥1项,20,74.5
529,2025H2,KPI,季度关键任务按期交付,10,72.1
529,2025H2,KPI,跨部门协作满意度≥4分,30,95.3
532,2025H2,OKR,线上故障数同比下降20%,60,45.8
532,2025H2,KPI,带教1名新成员通过转正,20,79.2
532,2025H2,OKR,完成关键技术方案设计并通过评审,20,90.7
533,2025H2,KPI,输出流程优化提案≥1项,60,80.4
533,2025H2,KPI,完成专业分享≥2次,40,63.8
535,2025H2,KPI,核心模块交付及时率≥95%,20,65.8
535,2025H2,KPI,带教1名新成员通过转正,30,84.7
535,2025H2,KPI,线上故障数同比下降20%,30,76.1
535,2025H2,KPI,完成关键技术方案设计并通过评审,20,71.1
536,2025H2,OKR,完成专业分享≥2次,20,53.7
536,2025H2,KPI,输出流程优化提案≥1项,20,60.8
536,2025H2,KPI,关键差错率为0,30,56.4
536,2025H2,KPI,跨部门协作满意度≥4分,30,67.8
537,2025H2,KPI,关键差错率为0,20,62.9
537,2025H2,OKR,跨部门协作满意度≥4分,30,63.7
537,2025H2,OKR,完成专业分享≥2次,30,100
537,2025H2,KPI,输出流程优化提案≥1项,20,52.1
538,2025H2,KPI,完成关键技术方案设计并通过评审,30,91.0
538,2025H2,KPI,线上故障数同比下降20%,10,72.9
538,2025H2,KPI,核心模块交付及时率≥95%,10,68.0
538,2025H2,OKR,带教1名新成员通过转正,50,87.3
539,2025H2,OKR,线上故障数同比下降20%,20,77.9
539,2025H2,OKR,核心模块交付及时率≥95%,50,73.2
539,2025H2,KPI,完成关键技术方案设计并通过评审,30,78.3
541,2025H2,OKR,带教1名新成员通过转正,40,97.9
541,2025H2,KPI,线上故障数同比下降20%,30,98.2
541,2025H2,KPI,完成关键技术方案设计并通过评审,30,90.8
542,2025H2,KPI,完成关键技术方案设计并通过评审,20,56.5
542,2025H2,KPI,线上故障数同比下降20%,20,50.1
542,2025H2,KPI,核心模块交付及时率≥95%,30,65.8
542,2025H2,OKR,带教1名新成员通过转正,30,63.0
543,2025H2,KPI,完成关键技术方案设计并通过评审,30,62.3
543,2025H2,OKR,核心模块交付及时率≥95%,50,67.1
543,2025H2,KPI,线上故障数同比下降20%,20,54.9
544,2025H2,KPI,核心模块交付及时率≥95%,50,62.9
544,2025H2,KPI,带教1名新成员通过转正,50,55.5
545,2025H2,OKR,核心模块交付及时率≥95%,70,63.0
545,2025H2,OKR,线上故障数同比下降20%,30,61.0
546,2025H2,KPI,老客户续约率≥85%,10,68.9
546,2025H2,OKR,季度销售目标达成率≥90%,30,42.6
546,2025H2,OKR,回款及时率≥95%,20,60.0
546,2025H2,OKR,新客户开发≥5家,40,73.9
547,2025H2,OKR,线上故障数同比下降20%,40,55.1
547,2025H2,KPI,核心模块交付及时率≥95%,30,51.9
547,2025H2,KPI,完成关键技术方案设计并通过评审,30,63.6
548,2025H2,KPI,核心模块交付及时率≥95%,20,88.3
548,2025H2,KPI,完成关键技术方案设计并通过评审,40,100
548,2025H2,KPI,带教1名新成员通过转正,40,82.0
549,2025H2,KPI,带教1名新成员通过转正,10,96.6
549,2025H2,OKR,线上故障数同比下降20%,40,65.2
549,2025H2,KPI,核心模块交付及时率≥95%,50,78.1
550,2025H2,KPI,老客户续约率≥85%,50,83.9
550,2025H2,KPI,季度销售目标达成率≥90%,20,57.8
550,2025H2,OKR,回款及时率≥95%,30,83.8
551,2025H2,KPI,关键差错率为0,60,83.6
551,2025H2,OKR,季度关键任务按期交付,40,45.1
552,2025H2,KPI,季度关键任务按期交付,50,94.8
552,2025H2,KPI,跨部门协作满意度≥4分,10,85.7
552,2025H2,OKR,完成专业分享≥2次,20,45.6
552,2025H2,OKR,输出流程优化提案≥1项,20,70.1
553,2025H2,KPI,完成关键技术方案设计并通过评审,60,91.2
553,2025H2,KPI,线上故障数同比下降20%,40,79.4
554,2025H2,KPI,回款及时率≥95%,80,67.8
554,2025H2,OKR,季度销售目标达成率≥90%,20,76.7
555,2025H2,KPI,季度关键任务按期交付,20,80.5
555,2025H2,KPI,跨部门协作满意度≥4分,20,44.4
555,2025H2,OKR,关键差错率为0,50,35.6
555,2025H2,KPI,输出流程优化提案≥1项,10,57.6
556,2025H2,KPI,回款及时率≥95%,30,39.1
556,2025H2,OKR,老客户续约率≥85%,20,32.3
556,2025H2,OKR,季度销售目标达成率≥90%,50,35.8
557,2025H2,OKR,输出流程优化提案≥1项,50,61.5
557,2025H2,KPI,关键差错率为0,50,46.8
558,2025H2,KPI,新客户开发≥5家,20,48.9
558,2025H2,KPI,老客户续约率≥85%,40,79.8
558,2025H2,KPI,回款及时率≥95%,10,56.1
558,2025H2,OKR,季度销售目标达成率≥90%,30,59.2
559,2025H2,KPI,季度销售目标达成率≥90%,60,77.3
559,2025H2,KPI,新客户开发≥5家,20,55.0
559,2025H2,KPI,回款及时率≥95%,20,50.3
560,2025H2,KPI,核心模块交付及时率≥95%,30,72.1
560,2025H2,KPI,完成关键技术方案设计并通过评审,40,91.8
560,2025H2,KPI,带教1名新成员通过转正,30,58.9
561,2025H2,KPI,线上故障数同比下降20%,20,36.3
561,2025H2,KPI,完成关键技术方案设计并通过评审,10,50.7
561,2025H2,OKR,核心模块交付及时率≥95%,30,42.8
561,2025H2,KPI,带教1名新成员通过转正,40,53.2
562,2025H2,KPI,线上故障数同比下降20%,30,79.6
562,2025H2,OKR,核心模块交付及时率≥95%,40,51.2
562,2025H2,OKR,带教1名新成员通过转正,30,43.6
563,2025H2,KPI,线上故障数同比下降20%,40,68.4
563,2025H2,KPI,带教1名新成员通过转正,60,66.5
565,2025H2,KPI,完成关键技术方案设计并通过评审,30,61.1
565,2025H2,KPI,带教1名新成员通过转正,30,47.5
565,2025H2,OKR,核心模块交付及时率≥95%,30,54.8
565,2025H2,KPI,线上故障数同比下降20%,10,63.5
566,2025H2,OKR,核心模块交付及时率≥95%,20,72.1
566,2025H2,KPI,完成关键技术方案设计并通过评审,50,62.0
566,2025H2,KPI,带教1名新成员通过转正,20,36.2
566,2025H2,OKR,线上故障数同比下降20%,10,90.4
567,2025H2,OKR,季度关键任务按期交付,40,91.8
567,2025H2,KPI,完成专业分享≥2次,20,78.0
567,2025H2,KPI,输出流程优化提案≥1项,20,54.7
567,2025H2,KPI,关键差错率为0,20,91.4
568,2025H2,OKR,输出流程优化提案≥1项,30,40.0
568,2025H2,KPI,季度关键任务按期交付,30,29.7
568,2025H2,KPI,完成专业分享≥2次,20,42.7
568,2025H2,KPI,跨部门协作满意度≥4分,20,38.1
569,2025H2,KPI,完成专业分享≥2次,30,78.8
569,2025H2,KPI,输出流程优化提案≥1项,10,48.9
569,2025H2,KPI,季度关键任务按期交付,40,57.9
569,2025H2,KPI,跨部门协作满意度≥4分,20,64.6
572,2025H2,KPI,完成关键技术方案设计并通过评审,50,67.1
572,2025H2,OKR,带教1名新成员通过转正,10,79.9
572,2025H2,KPI,核心模块交付及时率≥95%,10,60.2
572,2025H2,KPI,线上故障数同比下降20%,30,48.4
573,2025H2,KPI,线上故障数同比下降20%,40,93.6
573,2025H2,KPI,核心模块交付及时率≥95%,60,57.8
574,2025H2,KPI,核心模块交付及时率≥95%,40,80.2
574,2025H2,OKR,完成关键技术方案设计并通过评审,30,100
574,2025H2,KPI,带教1名新成员通过转正,30,88.6
575,2025H2,OKR,线上故障数同比下降20%,30,100
575,2025H2,OKR,带教1名新成员通过转正,10,75.0
575,2025H2,KPI,核心模块交付及时率≥95%,30,77.1
575,2025H2,KPI,完成关键技术方案设计并通过评审,30,86.3
576,2025H2,OKR,完成关键技术方案设计并通过评审,50,67.0
576,2025H2,KPI,核心模块交付及时率≥95%,50,70.1
578,2025H2,KPI,线上故障数同比下降20%,50,54.7
578,2025H2,KPI,完成关键技术方案设计并通过评审,50,67.4
579,2025H2,KPI,输出流程优化提案≥1项,20,37.1
579,2025H2,OKR,完成专业分享≥2次,80,46.6
580,2025H2,KPI,跨部门协作满意度≥4分,40,78.7
580,2025H2,OKR,季度关键任务按期交付,40,42.1
580,2025H2,KPI,输出流程优化提案≥1项,20,44.0
581,2025H2,OKR,跨部门协作满意度≥4分,30,46.6
581,2025H2,KPI,完成专业分享≥2次,70,47.7
582,2025H2,OKR,季度关键任务按期交付,40,39.5
582,2025H2,OKR,跨部门协作满意度≥4分,40,51.2
582,2025H2,KPI,关键差错率为0,10,47.0
582,2025H2,KPI,输出流程优化提案≥1项,10,47.4
583,2025H2,KPI,输出流程优化提案≥1项,40,22.4
583,2025H2,KPI,完成专业分享≥2次,30,35.2
583,2025H2,KPI,关键差错率为0,30,33.8
584,2025H2,OKR,带教1名新成员通过转正,40,80.9
584,2025H2,KPI,线上故障数同比下降20%,60,86.9
585,2025H2,KPI,带教1名新成员通过转正,30,45.0
585,2025H2,KPI,完成关键技术方案设计并通过评审,10,29.1
585,2025H2,OKR,线上故障数同比下降20%,20,51.2
585,2025H2,KPI,核心模块交付及时率≥95%,40,42.2
586,2025H2,KPI,完成专业分享≥2次,50,62.9
586,2025H2,OKR,季度关键任务按期交付,50,100
589,2025H2,KPI,完成专业分享≥2次,40,74.5
589,2025H2,KPI,跨部门协作满意度≥4分,30,62.8
589,2025H2,KPI,输出流程优化提案≥1项,30,52.9
590,2025H2,KPI,跨部门协作满意度≥4分,30,86.0
590,2025H2,KPI,季度关键任务按期交付,10,76.8
590,2025H2,KPI,关键差错率为0,30,57.8
590,2025H2,KPI,输出流程优化提案≥1项,30,75.0
591,2025H2,KPI,季度关键任务按期交付,40,73.3
591,2025H2,KPI,输出流程优化提案≥1项,10,94.0
591,2025H2,KPI,关键差错率为0,20,77.8
591,2025H2,KPI,完成专业分享≥2次,30,65.7
592,2025H2,KPI,完成关键技术方案设计并通过评审,40,100
592,2025H2,OKR,带教1名新成员通过转正,30,62.9
592,2025H2,KPI,线上故障数同比下降20%,30,89.6
593,2025H2,KPI,完成专业分享≥2次,30,55.9
593,2025H2,KPI,输出流程优化提案≥1项,20,78.2
593,2025H2,OKR,跨部门协作满意度≥4分,40,55.6
593,2025H2,KPI,关键差错率为0,10,80.0
594,2025H2,OKR,带教1名新成员通过转正,50,65.6
594,2025H2,OKR,完成关键技术方案设计并通过评审,50,69.9
595,2025H2,OKR,完成关键技术方案设计并通过评审,40,82.2
595,2025H2,KPI,线上故障数同比下降20%,20,65.3
595,2025H2,KPI,带教1名新成员通过转正,30,82.0
595,2025H2,OKR,核心模块交付及时率≥95%,10,94.5
596,2025H2,OKR,核心模块交付及时率≥95%,20,75.4
596,2025H2,KPI,线上故障数同比下降20%,30,61.1
596,2025H2,OKR,带教1名新成员通过转正,30,71.4
596,2025H2,KPI,完成关键技术方案设计并通过评审,20,75.8
597,2025H2,OKR,带教1名新成员通过转正,60,78.3
597,2025H2,KPI,完成关键技术方案设计并通过评审,40,84.4
598,2025H2,KPI,线上故障数同比下降20%,30,34.6
598,2025H2,KPI,核心模块交付及时率≥95%,20,49.6
598,2025H2,KPI,完成关键技术方案设计并通过评审,30,41.1
598,2025H2,KPI,带教1名新成员通过转正,20,37.5
599,2025H2,KPI,带教1名新成员通过转正,20,61.0
599,2025H2,KPI,线上故障数同比下降20%,20,45.7
599,2025H2,KPI,核心模块交付及时率≥95%,40,72.3
599,2025H2,KPI,完成关键技术方案设计并通过评审,20,52.7
600,2025H2,KPI,核心模块交付及时率≥95%,20,65.3
600,2025H2,KPI,带教1名新成员通过转正,40,77.3
600,2025H2,OKR,完成关键技术方案设计并通过评审,40,75.6
601,2025H2,OKR,完成关键技术方案设计并通过评审,10,78.1
601,2025H2,KPI,线上故障数同比下降20%,30,87.6
601,2025H2,KPI,核心模块交付及时率≥95%,60,77.2
602,2025H2,KPI,带教1名新成员通过转正,60,60.4
602,2025H2,KPI,线上故障数同比下降20%,40,61.4
603,2025H2,OKR,核心模块交付及时率≥95%,70,56.9
603,2025H2,KPI,线上故障数同比下降20%,30,74.8
604,2025H2,KPI,带教1名新成员通过转正,50,56.8
604,2025H2,KPI,完成关键技术方案设计并通过评审,50,71.9
605,2025H2,KPI,关键差错率为0,30,59.5
605,2025H2,OKR,输出流程优化提案≥1项,30,81.8
605,2025H2,OKR,跨部门协作满意度≥4分,10,65.8
605,2025H2,KPI,完成专业分享≥2次,30,58.2
606,2025H2,OKR,回款及时率≥95%,30,73.0
606,2025H2,KPI,新客户开发≥5家,30,87.4
606,2025H2,KPI,老客户续约率≥85%,40,73.2
607,2025H2,KPI,完成专业分享≥2次,40,65.0
607,2025H2,OKR,季度关键任务按期交付,30,66.0
607,2025H2,KPI,输出流程优化提案≥1项,30,56.4
608,2025H2,KPI,季度关键任务按期交付,10,78.0
608,2025H2,OKR,关键差错率为0,20,60.2
608,2025H2,OKR,完成专业分享≥2次,30,64.2
608,2025H2,OKR,输出流程优化提案≥1项,40,76.0
609,2025H2,OKR,线上故障数同比下降20%,50,78.6
609,2025H2,KPI,核心模块交付及时率≥95%,10,67.9
609,2025H2,KPI,带教1名新成员通过转正,40,58.2
610,2025H2,OKR,完成关键技术方案设计并通过评审,40,99.0
610,2025H2,KPI,带教1名新成员通过转正,60,87.2
611,2025H2,KPI,核心模块交付及时率≥95%,60,34.8
611,2025H2,KPI,线上故障数同比下降20%,40,37.0
612,2025H2,KPI,老客户续约率≥85%,80,44.5
612,2025H2,OKR,新客户开发≥5家,20,50.2
614,2025H2,OKR,完成专业分享≥2次,30,74.4
614,2025H2,KPI,季度关键任务按期交付,20,56.6
614,2025H2,KPI,关键差错率为0,20,55.6
614,2025H2,KPI,跨部门协作满意度≥4分,30,66.6
615,2025H2,KPI,季度关键任务按期交付,70,63.9
615,2025H2,OKR,跨部门协作满意度≥4分,30,85.6
616,2025H2,KPI,新客户开发≥5家,50,66.1
616,2025H2,KPI,季度销售目标达成率≥90%,30,88.1
616,2025H2,KPI,回款及时率≥95%,10,61.2
616,2025H2,KPI,老客户续约率≥85%,10,62.0
617,2025H2,OKR,季度销售目标达成率≥90%,20,57.0
617,2025H2,KPI,新客户开发≥5家,60,61.6
617,2025H2,OKR,回款及时率≥95%,10,64.4
617,2025H2,KPI,老客户续约率≥85%,10,51.0
618,2025H2,KPI,老客户续约率≥85%,10,56.2
618,2025H2,OKR,季度销售目标达成率≥90%,50,61.3
618,2025H2,KPI,新客户开发≥5家,40,75.2
619,2025H2,OKR,线上故障数同比下降20%,20,87.6
619,2025H2,OKR,核心模块交付及时率≥95%,20,78.1
619,2025H2,KPI,带教1名新成员通过转正,20,56.9
619,2025H2,KPI,完成关键技术方案设计并通过评审,40,78.8
620,2025H2,KPI,线上故障数同比下降20%,30,54.2
620,2025H2,OKR,核心模块交付及时率≥95%,30,62.0
620,2025H2,KPI,完成关键技术方案设计并通过评审,20,55.5
620,2025H2,KPI,带教1名新成员通过转正,20,68.0
621,2025H2,OKR,关键差错率为0,10,64.9
621,2025H2,KPI,输出流程优化提案≥1项,50,62.5
621,2025H2,KPI,跨部门协作满意度≥4分,40,64.0
622,2025H2,OKR,线上故障数同比下降20%,20,83.2
622,2025H2,KPI,带教1名新成员通过转正,20,88.7
622,2025H2,KPI,完成关键技术方案设计并通过评审,30,82.6
622,2025H2,OKR,核心模块交付及时率≥95%,30,74.5
623,2025H2,KPI,完成关键技术方案设计并通过评审,30,72.7
623,2025H2,KPI,核心模块交付及时率≥95%,10,64.6
623,2025H2,OKR,线上故障数同比下降20%,30,66.9
623,2025H2,KPI,带教1名新成员通过转正,30,81.4
624,2025H2,OKR,带教1名新成员通过转正,40,66.0
624,2025H2,OKR,线上故障数同比下降20%,20,65.1
624,2025H2,KPI,核心模块交付及时率≥95%,20,60.2
624,2025H2,KPI,完成关键技术方案设计并通过评审,20,61.6
625,2025H2,OKR,线上故障数同比下降20%,20,70.8
625,2025H2,KPI,核心模块交付及时率≥95%,30,100
625,2025H2,KPI,完成关键技术方案设计并通过评审,50,83.2
626,2025H2,KPI,输出流程优化提案≥1项,40,69.5
626,2025H2,OKR,季度关键任务按期交付,60,62.6
627,2025H2,KPI,输出流程优化提案≥1项,10,49.6
627,2025H2,KPI,跨部门协作满意度≥4分,40,45.6
627,2025H2,KPI,关键差错率为0,20,59.6
627,2025H2,KPI,季度关键任务按期交付,30,46.7
628,2025H2,KPI,完成专业分享≥2次,40,62.4
628,2025H2,KPI,季度关键任务按期交付,60,50.2
629,2025H2,OKR,回款及时率≥95%,10,55.2
629,2025H2,KPI,老客户续约率≥85%,40,49.4
629,2025H2,KPI,季度销售目标达成率≥90%,50,88.1
630,2025H2,KPI,新客户开发≥5家,40,63.2
630,2025H2,KPI,老客户续约率≥85%,30,53.9
630,2025H2,KPI,回款及时率≥95%,30,54.4
631,2025H2,KPI,完成关键技术方案设计并通过评审,50,45.0
631,2025H2,OKR,核心模块交付及时率≥95%,20,65.7
631,2025H2,KPI,带教1名新成员通过转正,30,64.9
632,2025H2,OKR,线上故障数同比下降20%,40,71.8
632,2025H2,KPI,完成关键技术方案设计并通过评审,60,78.5
633,2025H2,KPI,输出流程优化提案≥1项,20,59.5
633,2025H2,KPI,季度关键任务按期交付,20,43.4
633,2025H2,KPI,跨部门协作满意度≥4分,30,44.7
633,2025H2,KPI,完成专业分享≥2次,30,80.3
634,2025H2,OKR,核心模块交付及时率≥95%,40,36.7
634,2025H2,OKR,线上故障数同比下降20%,20,43.1
634,2025H2,KPI,完成关键技术方案设计并通过评审,20,47.7
634,2025H2,KPI,带教1名新成员通过转正,20,25.9
635,2025H2,KPI,跨部门协作满意度≥4分,40,40.3
635,2025H2,KPI,完成专业分享≥2次,60,55.4
636,2025H2,KPI,带教1名新成员通过转正,20,82.1
636,2025H2,KPI,线上故障数同比下降20%,50,65.8
636,2025H2,KPI,完成关键技术方案设计并通过评审,30,61.3
637,2025H2,KPI,完成关键技术方案设计并通过评审,50,34.5
637,2025H2,KPI,带教1名新成员通过转正,30,60.1
637,2025H2,KPI,核心模块交付及时率≥95%,20,71.8
638,2025H2,KPI,完成关键技术方案设计并通过评审,50,71.9
638,2025H2,OKR,线上故障数同比下降20%,50,60.7
639,2025H2,KPI,完成专业分享≥2次,40,77.4
639,2025H2,KPI,跨部门协作满意度≥4分,10,97.9
639,2025H2,KPI,输出流程优化提案≥1项,50,78.9
640,2025H2,OKR,核心模块交付及时率≥95%,40,57.3
640,2025H2,KPI,完成关键技术方案设计并通过评审,60,57.4
641,2025H2,KPI,带教1名新成员通过转正,40,42.8
641,2025H2,KPI,核心模块交付及时率≥95%,30,59.4
641,2025H2,KPI,线上故障数同比下降20%,30,54.3
642,2025H2,OKR,完成关键技术方案设计并通过评审,20,66.6
642,2025H2,KPI,线上故障数同比下降20%,30,90.5
642,2025H2,KPI,核心模块交付及时率≥95%,10,81.1
642,2025H2,KPI,带教1名新成员通过转正,40,63.3
643,2025H2,KPI,跨部门协作满意度≥4分,10,62.4
643,2025H2,KPI,季度关键任务按期交付,30,60.8
643,2025H2,OKR,输出流程优化提案≥1项,30,53.4
643,2025H2,KPI,完成专业分享≥2次,30,75.3
644,2025H2,OKR,完成专业分享≥2次,50,63.0
644,2025H2,OKR,跨部门协作满意度≥4分,50,72.0
645,2025H2,KPI,关键差错率为0,60,78.2
645,2025H2,OKR,跨部门协作满意度≥4分,40,57.1
646,2025H2,KPI,完成专业分享≥2次,20,84.0
646,2025H2,KPI,关键差错率为0,20,52.3
646,2025H2,OKR,季度关键任务按期交付,50,76.5
646,2025H2,KPI,跨部门协作满意度≥4分,10,95.1
647,2025H2,KPI,输出流程优化提案≥1项,20,50.1
647,2025H2,KPI,季度关键任务按期交付,40,91.6
647,2025H2,KPI,跨部门协作满意度≥4分,40,75.9
648,2025H2,OKR,关键差错率为0,30,37.5
648,2025H2,KPI,跨部门协作满意度≥4分,40,72.5
648,2025H2,OKR,输出流程优化提案≥1项,30,66.4
649,2025H2,OKR,带教1名新成员通过转正,30,67.5
649,2025H2,KPI,线上故障数同比下降20%,30,64.7
649,2025H2,KPI,核心模块交付及时率≥95%,40,62.4
650,2025H2,KPI,完成关键技术方案设计并通过评审,40,60.3
650,2025H2,OKR,线上故障数同比下降20%,40,99.7
650,2025H2,KPI,核心模块交付及时率≥95%,10,75.5
650,2025H2,KPI,带教1名新成员通过转正,10,83.6
651,2025H2,OKR,线上故障数同比下降20%,10,92.6
651,2025H2,OKR,带教1名新成员通过转正,50,71.3
651,2025H2,OKR,核心模块交付及时率≥95%,40,80.5
652,2025H2,OKR,回款及时率≥95%,40,43.5
652,2025H2,OKR,新客户开发≥5家,40,69.1
652,2025H2,KPI,老客户续约率≥85%,20,54.3
653,2025H2,KPI,关键差错率为0,20,61.9
653,2025H2,KPI,跨部门协作满意度≥4分,20,65.1
653,2025H2,KPI,输出流程优化提案≥1项,40,67.0
653,2025H2,KPI,完成专业分享≥2次,20,50.0
654,2025H2,KPI,核心模块交付及时率≥95%,10,70.0
654,2025H2,OKR,带教1名新成员通过转正,40,89.1
654,2025H2,KPI,完成关键技术方案设计并通过评审,20,75.9
654,2025H2,OKR,线上故障数同比下降20%,30,52.6
655,2025H2,KPI,线上故障数同比下降20%,50,70.2
655,2025H2,KPI,带教1名新成员通过转正,50,75.7
656,2025H2,OKR,核心模块交付及时率≥95%,30,58.8
656,2025H2,KPI,带教1名新成员通过转正,40,69.8
656,2025H2,OKR,线上故障数同比下降20%,30,47.8
657,2025H2,KPI,完成关键技术方案设计并通过评审,60,66.8
657,2025H2,KPI,核心模块交付及时率≥95%,20,68.3
657,2025H2,KPI,带教1名新成员通过转正,20,65.7
658,2025H2,KPI,季度销售目标达成率≥90%,60,80.1
658,2025H2,KPI,回款及时率≥95%,40,75.8
659,2025H2,KPI,老客户续约率≥85%,50,61.0
659,2025H2,KPI,回款及时率≥95%,30,35.4
659,2025H2,KPI,季度销售目标达成率≥90%,20,51.6
660,2025H2,KPI,老客户续约率≥85%,40,73.2
660,2025H2,KPI,季度销售目标达成率≥90%,60,94.4
661,2025H2,KPI,跨部门协作满意度≥4分,40,48.7
661,2025H2,OKR,输出流程优化提案≥1项,60,58.3
662,2025H2,OKR,输出流程优化提案≥1项,20,62.0
662,2025H2,KPI,完成专业分享≥2次,40,56.6
662,2025H2,OKR,跨部门协作满意度≥4分,20,62.5
662,2025H2,KPI,季度关键任务按期交付,20,50.3
663,2025H2,OKR,完成关键技术方案设计并通过评审,30,93.0
663,2025H2,OKR,核心模块交付及时率≥95%,20,100
663,2025H2,KPI,带教1名新成员通过转正,20,79.1
663,2025H2,KPI,线上故障数同比下降20%,30,94.3
664,2025H2,KPI,带教1名新成员通过转正,60,61.2
664,2025H2,OKR,核心模块交付及时率≥95%,40,66.6
665,2025H2,OKR,完成关键技术方案设计并通过评审,20,61.0
665,2025H2,OKR,线上故障数同比下降20%,10,80.0
665,2025H2,KPI,核心模块交付及时率≥95%,40,68.2
665,2025H2,KPI,带教1名新成员通过转正,30,62.3
666,2025H2,KPI,跨部门协作满意度≥4分,20,56.9
666,2025H2,OKR,季度关键任务按期交付,20,68.4
666,2025H2,OKR,关键差错率为0,20,66.5
666,2025H2,KPI,完成专业分享≥2次,40,55.1
667,2025H2,OKR,跨部门协作满意度≥4分,20,75.6
667,2025H2,KPI,输出流程优化提案≥1项,40,63.5
667,2025H2,KPI,季度关键任务按期交付,30,85.4
667,2025H2,OKR,完成专业分享≥2次,10,70.1
668,2025H2,KPI,完成专业分享≥2次,30,81.3
668,2025H2,KPI,输出流程优化提案≥1项,70,87.2
1,2026H1,KPI,关键差错率为0,50,100
1,2026H1,KPI,完成专业分享≥2次,10,52.4
1,2026H1,KPI,输出流程优化提案≥1项,20,93.8
1,2026H1,KPI,季度关键任务按期交付,20,94.0
2,2026H1,OKR,完成关键技术方案设计并通过评审,80,70.1
2,2026H1,OKR,核心模块交付及时率≥95%,20,71.8
3,2026H1,OKR,线上故障数同比下降20%,20,53.4
3,2026H1,KPI,完成关键技术方案设计并通过评审,20,39.9
3,2026H1,OKR,核心模块交付及时率≥95%,40,49.0
3,2026H1,KPI,带教1名新成员通过转正,20,35.8
4,2026H1,OKR,关键差错率为0,70,58.7
4,2026H1,KPI,输出流程优化提案≥1项,30,71.6
5,2026H1,KPI,输出流程优化提案≥1项,20,54.9
5,2026H1,OKR,关键差错率为0,20,58.3
5,2026H1,KPI,季度关键任务按期交付,30,35.1
5,2026H1,KPI,跨部门协作满意度≥4分,30,67.8
6,2026H1,KPI,完成专业分享≥2次,60,82.6
6,2026H1,KPI,输出流程优化提案≥1项,40,67.2
7,2026H1,KPI,关键差错率为0,30,53.6
7,2026H1,KPI,季度关键任务按期交付,30,85.4
7,2026H1,KPI,跨部门协作满意度≥4分,40,72.6
9,2026H1,OKR,输出流程优化提案≥1项,40,67.8
9,2026H1,KPI,跨部门协作满意度≥4分,60,63.8
10,2026H1,OKR,完成专业分享≥2次,20,64.5
10,2026H1,KPI,跨部门协作满意度≥4分,60,63.8
10,2026H1,OKR,关键差错率为0,10,41.7
10,2026H1,KPI,季度关键任务按期交付,10,68.3
11,2026H1,KPI,线上故障数同比下降20%,70,84.1
11,2026H1,KPI,完成关键技术方案设计并通过评审,30,66.7
12,2026H1,KPI,带教1名新成员通过转正,60,66.5
12,2026H1,KPI,完成关键技术方案设计并通过评审,40,46.3
15,2026H1,KPI,完成关键技术方案设计并通过评审,60,99.8
15,2026H1,OKR,核心模块交付及时率≥95%,40,74.1
16,2026H1,OKR,老客户续约率≥85%,40,42.8
16,2026H1,OKR,回款及时率≥95%,40,55.8
16,2026H1,KPI,季度销售目标达成率≥90%,20,39.4
17,2026H1,KPI,季度关键任务按期交付,50,71.9
17,2026H1,OKR,跨部门协作满意度≥4分,50,53.6
19,2026H1,KPI,输出流程优化提案≥1项,40,59.6
19,2026H1,KPI,完成专业分享≥2次,40,70.6
19,2026H1,KPI,季度关键任务按期交付,20,65.8
21,2026H1,KPI,关键差错率为0,10,64.9
21,2026H1,OKR,完成专业分享≥2次,40,63.5
21,2026H1,KPI,跨部门协作满意度≥4分,20,43.5
21,2026H1,KPI,输出流程优化提案≥1项,30,74.3
23,2026H1,KPI,关键差错率为0,60,29.8
23,2026H1,KPI,跨部门协作满意度≥4分,40,25.4
27,2026H1,KPI,季度关键任务按期交付,50,80.2
27,2026H1,KPI,跨部门协作满意度≥4分,10,75.0
27,2026H1,KPI,输出流程优化提案≥1项,40,80.6
28,2026H1,KPI,完成关键技术方案设计并通过评审,50,53.2
28,2026H1,KPI,线上故障数同比下降20%,50,60.1
31,2026H1,KPI,季度关键任务按期交付,40,92.6
31,2026H1,KPI,输出流程优化提案≥1项,10,90.6
31,2026H1,KPI,关键差错率为0,30,86.2
31,2026H1,OKR,完成专业分享≥2次,20,75.5
35,2026H1,OKR,季度关键任务按期交付,20,97.0
35,2026H1,KPI,跨部门协作满意度≥4分,50,64.4
35,2026H1,OKR,完成专业分享≥2次,20,62.3
35,2026H1,KPI,关键差错率为0,10,68.8
36,2026H1,KPI,跨部门协作满意度≥4分,40,43.0
36,2026H1,KPI,输出流程优化提案≥1项,60,84.0
38,2026H1,OKR,完成专业分享≥2次,70,45.6
38,2026H1,KPI,关键差错率为0,30,35.2
41,2026H1,OKR,输出流程优化提案≥1项,60,72.6
41,2026H1,KPI,季度关键任务按期交付,20,71.4
41,2026H1,KPI,完成专业分享≥2次,20,99.6
42,2026H1,OKR,季度销售目标达成率≥90%,20,75.1
42,2026H1,KPI,新客户开发≥5家,20,73.0
42,2026H1,KPI,老客户续约率≥85%,30,79.2
42,2026H1,KPI,回款及时率≥95%,30,56.3
44,2026H1,KPI,带教1名新成员通过转正,30,99.9
44,2026H1,KPI,完成关键技术方案设计并通过评审,40,80.0
44,2026H1,KPI,线上故障数同比下降20%,30,80.8
46,2026H1,KPI,季度销售目标达成率≥90%,50,55.4
46,2026H1,KPI,老客户续约率≥85%,10,60.1
46,2026H1,OKR,新客户开发≥5家,20,92.6
46,2026H1,KPI,回款及时率≥95%,20,67.4
47,2026H1,KPI,线上故障数同比下降20%,30,41.8
47,2026H1,KPI,带教1名新成员通过转正,70,70.8
49,2026H1,OKR,跨部门协作满意度≥4分,30,82.3
49,2026H1,KPI,季度关键任务按期交付,40,49.0
49,2026H1,KPI,完成专业分享≥2次,30,49.4
53,2026H1,KPI,跨部门协作满意度≥4分,30,100
53,2026H1,KPI,完成专业分享≥2次,30,68.5
53,2026H1,OKR,关键差错率为0,30,84.7
53,2026H1,OKR,季度关键任务按期交付,10,77.8
54,2026H1,KPI,完成专业分享≥2次,20,41.3
54,2026H1,OKR,季度关键任务按期交付,30,47.2
54,2026H1,KPI,跨部门协作满意度≥4分,20,53.7
54,2026H1,OKR,输出流程优化提案≥1项,30,26.6
57,2026H1,KPI,输出流程优化提案≥1项,10,61.4
57,2026H1,KPI,关键差错率为0,20,70.3
57,2026H1,KPI,跨部门协作满意度≥4分,50,72.9
57,2026H1,KPI,季度关键任务按期交付,20,72.9
58,2026H1,KPI,核心模块交付及时率≥95%,40,74.5
58,2026H1,OKR,线上故障数同比下降20%,20,88.9
58,2026H1,KPI,完成关键技术方案设计并通过评审,40,100
59,2026H1,OKR,输出流程优化提案≥1项,60,66.6
59,2026H1,KPI,跨部门协作满意度≥4分,40,76.5
63,2026H1,KPI,跨部门协作满意度≥4分,40,43.8
63,2026H1,KPI,季度关键任务按期交付,20,71.4
63,2026H1,KPI,输出流程优化提案≥1项,40,83.2
64,2026H1,KPI,老客户续约率≥85%,40,81.1
64,2026H1,KPI,新客户开发≥5家,30,72.0
64,2026H1,OKR,回款及时率≥95%,30,75.9
65,2026H1,KPI,关键差错率为0,60,38.9
65,2026H1,OKR,跨部门协作满意度≥4分,20,45.1
65,2026H1,KPI,完成专业分享≥2次,20,56.0
66,2026H1,KPI,带教1名新成员通过转正,40,72.1
66,2026H1,KPI,完成关键技术方案设计并通过评审,40,91.6
66,2026H1,KPI,线上故障数同比下降20%,20,83.5
67,2026H1,KPI,带教1名新成员通过转正,30,31.2
67,2026H1,KPI,核心模块交付及时率≥95%,20,54.5
67,2026H1,KPI,线上故障数同比下降20%,40,29.7
67,2026H1,OKR,完成关键技术方案设计并通过评审,10,57.8
70,2026H1,KPI,输出流程优化提案≥1项,30,46.1
70,2026H1,KPI,关键差错率为0,20,55.7
70,2026H1,KPI,完成专业分享≥2次,30,81.4
70,2026H1,OKR,季度关键任务按期交付,20,63.6
73,2026H1,KPI,完成专业分享≥2次,10,58.0
73,2026H1,KPI,关键差错率为0,20,49.5
73,2026H1,OKR,季度关键任务按期交付,30,48.6
73,2026H1,KPI,输出流程优化提案≥1项,40,33.1
74,2026H1,KPI,线上故障数同比下降20%,30,40.6
74,2026H1,KPI,带教1名新成员通过转正,40,70.4
74,2026H1,KPI,核心模块交付及时率≥95%,10,60.0
74,2026H1,KPI,完成关键技术方案设计并通过评审,20,51.2
75,2026H1,OKR,带教1名新成员通过转正,40,57.1
75,2026H1,KPI,核心模块交付及时率≥95%,60,60.0
76,2026H1,KPI,线上故障数同比下降20%,20,66.4
76,2026H1,KPI,完成关键技术方案设计并通过评审,20,70.9
76,2026H1,KPI,带教1名新成员通过转正,40,65.0
76,2026H1,KPI,核心模块交付及时率≥95%,20,68.2
79,2026H1,KPI,回款及时率≥95%,50,62.1
79,2026H1,KPI,老客户续约率≥85%,50,73.9
80,2026H1,KPI,跨部门协作满意度≥4分,40,22.4
80,2026H1,KPI,输出流程优化提案≥1项,30,25.6
80,2026H1,OKR,完成专业分享≥2次,30,39.3
85,2026H1,OKR,线上故障数同比下降20%,60,79.0
85,2026H1,KPI,带教1名新成员通过转正,40,70.4
86,2026H1,KPI,关键差错率为0,40,72.8
86,2026H1,OKR,跨部门协作满意度≥4分,20,85.8
86,2026H1,KPI,季度关键任务按期交付,40,72.4
87,2026H1,KPI,线上故障数同比下降20%,30,62.5
87,2026H1,KPI,核心模块交付及时率≥95%,10,83.7
87,2026H1,OKR,带教1名新成员通过转正,60,76.3
91,2026H1,KPI,完成专业分享≥2次,30,88.9
91,2026H1,KPI,关键差错率为0,70,83.4
92,2026H1,KPI,线上故障数同比下降20%,40,54.4
92,2026H1,OKR,核心模块交付及时率≥95%,60,63.8
93,2026H1,KPI,线上故障数同比下降20%,30,48.3
93,2026H1,KPI,核心模块交付及时率≥95%,30,70.0
93,2026H1,KPI,完成关键技术方案设计并通过评审,20,42.5
93,2026H1,KPI,带教1名新成员通过转正,20,59.9
97,2026H1,KPI,老客户续约率≥85%,50,66.9
97,2026H1,KPI,回款及时率≥95%,50,82.4
98,2026H1,KPI,核心模块交付及时率≥95%,10,49.6
98,2026H1,KPI,完成关键技术方案设计并通过评审,60,40.5
98,2026H1,KPI,带教1名新成员通过转正,30,38.0
99,2026H1,KPI,老客户续约率≥85%,30,53.8
99,2026H1,KPI,回款及时率≥95%,20,53.6
99,2026H1,KPI,新客户开发≥5家,30,61.6
99,2026H1,OKR,季度销售目标达成率≥90%,20,67.7
100,2026H1,KPI,季度销售目标达成率≥90%,20,83.3
100,2026H1,KPI,新客户开发≥5家,80,62.2
101,2026H1,KPI,核心模块交付及时率≥95%,40,84.2
101,2026H1,KPI,完成关键技术方案设计并通过评审,60,81.7
102,2026H1,KPI,输出流程优化提案≥1项,30,54.6
102,2026H1,KPI,季度关键任务按期交付,40,73.1
102,2026H1,KPI,关键差错率为0,30,61.5
103,2026H1,KPI,完成关键技术方案设计并通过评审,30,85.6
103,2026H1,KPI,带教1名新成员通过转正,20,65.5
103,2026H1,OKR,核心模块交付及时率≥95%,20,72.1
103,2026H1,OKR,线上故障数同比下降20%,30,56.5
104,2026H1,KPI,完成专业分享≥2次,30,51.5
104,2026H1,KPI,关键差错率为0,50,31.1
104,2026H1,KPI,跨部门协作满意度≥4分,20,60.3
105,2026H1,OKR,老客户续约率≥85%,40,54.6
105,2026H1,KPI,季度销售目标达成率≥90%,40,64.3
105,2026H1,KPI,回款及时率≥95%,20,68.1
108,2026H1,KPI,完成专业分享≥2次,40,84.6
108,2026H1,OKR,季度关键任务按期交付,30,58.7
108,2026H1,OKR,输出流程优化提案≥1项,30,96.1
109,2026H1,KPI,线上故障数同比下降20%,20,91.1
109,2026H1,KPI,核心模块交付及时率≥95%,80,75.4
110,2026H1,KPI,线上故障数同比下降20%,50,80.0
110,2026H1,KPI,带教1名新成员通过转正,50,72.1
112,2026H1,KPI,老客户续约率≥85%,60,75.3
112,2026H1,KPI,季度销售目标达成率≥90%,40,83.9
113,2026H1,KPI,输出流程优化提案≥1项,10,79.6
113,2026H1,OKR,跨部门协作满意度≥4分,50,100
113,2026H1,KPI,完成专业分享≥2次,40,80.0
114,2026H1,KPI,关键差错率为0,40,75.3
114,2026H1,KPI,季度关键任务按期交付,40,68.5
114,2026H1,KPI,完成专业分享≥2次,10,48.7
114,2026H1,KPI,跨部门协作满意度≥4分,10,74.9
117,2026H1,OKR,核心模块交付及时率≥95%,30,50.5
117,2026H1,OKR,完成关键技术方案设计并通过评审,40,34.0
117,2026H1,OKR,带教1名新成员通过转正,10,28.2
117,2026H1,KPI,线上故障数同比下降20%,20,38.2
120,2026H1,OKR,带教1名新成员通过转正,20,31.2
120,2026H1,KPI,线上故障数同比下降20%,30,24.0
120,2026H1,OKR,核心模块交付及时率≥95%,30,30.9
120,2026H1,KPI,完成关键技术方案设计并通过评审,20,30.2
121,2026H1,OKR,输出流程优化提案≥1项,20,51.7
121,2026H1,KPI,跨部门协作满意度≥4分,40,36.5
121,2026H1,KPI,完成专业分享≥2次,40,48.5
122,2026H1,KPI,线上故障数同比下降20%,40,65.5
122,2026H1,KPI,核心模块交付及时率≥95%,20,65.3
122,2026H1,KPI,带教1名新成员通过转正,40,50.3
123,2026H1,KPI,带教1名新成员通过转正,50,54.5
123,2026H1,OKR,完成关键技术方案设计并通过评审,30,59.1
123,2026H1,OKR,线上故障数同比下降20%,20,74.1
124,2026H1,KPI,关键差错率为0,40,54.7
124,2026H1,OKR,季度关键任务按期交付,30,60.8
124,2026H1,KPI,输出流程优化提案≥1项,30,51.7
128,2026H1,KPI,完成专业分享≥2次,30,89.7
128,2026H1,OKR,跨部门协作满意度≥4分,20,87.1
128,2026H1,KPI,输出流程优化提案≥1项,40,100
128,2026H1,OKR,季度关键任务按期交付,10,100
129,2026H1,OKR,关键差错率为0,40,51.0
129,2026H1,KPI,输出流程优化提案≥1项,60,43.2
132,2026H1,KPI,核心模块交付及时率≥95%,50,71.6
132,2026H1,KPI,带教1名新成员通过转正,50,93.7
133,2026H1,KPI,回款及时率≥95%,30,75.7
133,2026H1,KPI,新客户开发≥5家,40,75.0
133,2026H1,OKR,季度销售目标达成率≥90%,30,69.4
134,2026H1,KPI,带教1名新成员通过转正,40,87.9
134,2026H1,KPI,核心模块交付及时率≥95%,20,61.0
134,2026H1,OKR,完成关键技术方案设计并通过评审,20,44.1
134,2026H1,KPI,线上故障数同比下降20%,20,71.5
135,2026H1,OKR,季度销售目标达成率≥90%,40,52.4
135,2026H1,OKR,新客户开发≥5家,60,41.9
137,2026H1,KPI,输出流程优化提案≥1项,30,28.3
137,2026H1,KPI,完成专业分享≥2次,50,21.0
137,2026H1,OKR,季度关键任务按期交付,20,30.0
138,2026H1,KPI,跨部门协作满意度≥4分,20,81.3
138,2026H1,OKR,季度关键任务按期交付,40,75.9
138,2026H1,KPI,完成专业分享≥2次,40,93.0
139,2026H1,OKR,季度关键任务按期交付,30,70.3
139,2026H1,OKR,跨部门协作满意度≥4分,40,59.6
139,2026H1,KPI,关键差错率为0,30,48.7
142,2026H1,KPI,季度关键任务按期交付,40,89.4
142,2026H1,KPI,输出流程优化提案≥1项,30,92.2
142,2026H1,KPI,完成专业分享≥2次,10,75.7
142,2026H1,KPI,关键差错率为0,20,80.1
143,2026H1,KPI,季度关键任务按期交付,20,15
143,2026H1,OKR,完成专业分享≥2次,40,15.9
143,2026H1,KPI,跨部门协作满意度≥4分,40,34.1
144,2026H1,OKR,输出流程优化提案≥1项,60,77.9
144,2026H1,KPI,完成专业分享≥2次,40,44.0
146,2026H1,OKR,线上故障数同比下降20%,30,19.9
146,2026H1,OKR,完成关键技术方案设计并通过评审,70,36.6
147,2026H1,KPI,完成关键技术方案设计并通过评审,60,52.1
147,2026H1,KPI,线上故障数同比下降20%,20,38.1
147,2026H1,OKR,核心模块交付及时率≥95%,20,36.5
149,2026H1,KPI,老客户续约率≥85%,30,42.4
149,2026H1,KPI,新客户开发≥5家,20,57.1
149,2026H1,KPI,回款及时率≥95%,10,41.6
149,2026H1,KPI,季度销售目标达成率≥90%,40,47.1
150,2026H1,KPI,完成专业分享≥2次,30,59.2
150,2026H1,KPI,输出流程优化提案≥1项,40,72.3
150,2026H1,KPI,季度关键任务按期交付,20,65.0
150,2026H1,KPI,跨部门协作满意度≥4分,10,59.9
151,2026H1,KPI,输出流程优化提案≥1项,10,82.4
151,2026H1,KPI,关键差错率为0,20,54.1
151,2026H1,KPI,完成专业分享≥2次,30,46.1
151,2026H1,KPI,季度关键任务按期交付,40,60.3
156,2026H1,KPI,跨部门协作满意度≥4分,40,71.3
156,2026H1,KPI,输出流程优化提案≥1项,30,50.9
156,2026H1,KPI,完成专业分享≥2次,30,46.1
157,2026H1,KPI,带教1名新成员通过转正,50,51.5
157,2026H1,KPI,完成关键技术方案设计并通过评审,50,51.4
160,2026H1,OKR,跨部门协作满意度≥4分,40,37.0
160,2026H1,OKR,输出流程优化提案≥1项,10,47.2
160,2026H1,KPI,季度关键任务按期交付,10,32.2
160,2026H1,KPI,完成专业分享≥2次,40,49.1
161,2026H1,KPI,完成关键技术方案设计并通过评审,40,63.0
161,2026H1,OKR,核心模块交付及时率≥95%,60,77.6
162,2026H1,OKR,关键差错率为0,70,81.3
162,2026H1,KPI,跨部门协作满意度≥4分,30,69.4
164,2026H1,KPI,老客户续约率≥85%,50,34.5
164,2026H1,OKR,季度销售目标达成率≥90%,50,47.0
165,2026H1,OKR,关键差错率为0,60,56.9
165,2026H1,KPI,输出流程优化提案≥1项,40,68.2
166,2026H1,OKR,线上故障数同比下降20%,70,37.8
166,2026H1,OKR,核心模块交付及时率≥95%,30,47.8
167,2026H1,OKR,线上故障数同比下降20%,60,100
167,2026H1,KPI,完成关键技术方案设计并通过评审,30,82.5
167,2026H1,KPI,核心模块交付及时率≥95%,10,77.4
168,2026H1,KPI,跨部门协作满意度≥4分,20,55.1
168,2026H1,OKR,季度关键任务按期交付,40,57.3
168,2026H1,KPI,输出流程优化提案≥1项,10,75.2
168,2026H1,KPI,关键差错率为0,30,79.9
169,2026H1,KPI,季度销售目标达成率≥90%,20,70.1
169,2026H1,KPI,老客户续约率≥85%,40,47.9
169,2026H1,KPI,新客户开发≥5家,20,51.5
169,2026H1,KPI,回款及时率≥95%,20,47.0
174,2026H1,OKR,完成专业分享≥2次,30,62.5
174,2026H1,OKR,关键差错率为0,30,78.4
174,2026H1,KPI,跨部门协作满意度≥4分,40,75.4
176,2026H1,OKR,季度销售目标达成率≥90%,30,54.8
176,2026H1,KPI,回款及时率≥95%,40,88.3
176,2026H1,KPI,新客户开发≥5家,30,48.4
177,2026H1,OKR,跨部门协作满意度≥4分,30,95.0
177,2026H1,OKR,关键差错率为0,50,59.3
177,2026H1,KPI,输出流程优化提案≥1项,20,46.9
178,2026H1,KPI,季度销售目标达成率≥90%,50,39.6
178,2026H1,KPI,回款及时率≥95%,10,31.6
178,2026H1,OKR,老客户续约率≥85%,40,27.0
179,2026H1,KPI,关键差错率为0,40,58.9
179,2026H1,KPI,季度关键任务按期交付,30,74.8
179,2026H1,OKR,输出流程优化提案≥1项,30,54.3
181,2026H1,OKR,关键差错率为0,40,75.2
181,2026H1,KPI,完成专业分享≥2次,40,76.6
181,2026H1,OKR,跨部门协作满意度≥4分,20,85.7
183,2026H1,KPI,输出流程优化提案≥1项,20,89.5
183,2026H1,KPI,跨部门协作满意度≥4分,50,75.1
183,2026H1,OKR,关键差错率为0,30,65.7
184,2026H1,OKR,输出流程优化提案≥1项,30,61.3
184,2026H1,KPI,跨部门协作满意度≥4分,10,47.4
184,2026H1,KPI,完成专业分享≥2次,60,53.0
186,2026H1,KPI,回款及时率≥95%,20,78.1
186,2026H1,KPI,新客户开发≥5家,30,71.8
186,2026H1,KPI,老客户续约率≥85%,10,64.2
186,2026H1,KPI,季度销售目标达成率≥90%,40,81.7
188,2026H1,KPI,输出流程优化提案≥1项,20,35.3
188,2026H1,KPI,跨部门协作满意度≥4分,30,48.4
188,2026H1,OKR,关键差错率为0,50,55.2
190,2026H1,OKR,线上故障数同比下降20%,50,72.0
190,2026H1,KPI,完成关键技术方案设计并通过评审,50,68.1
191,2026H1,KPI,季度关键任务按期交付,40,68.1
191,2026H1,KPI,完成专业分享≥2次,20,68.0
191,2026H1,KPI,跨部门协作满意度≥4分,40,82.6
193,2026H1,OKR,关键差错率为0,40,59.4
193,2026H1,OKR,输出流程优化提案≥1项,10,55.1
193,2026H1,OKR,跨部门协作满意度≥4分,30,64.0
193,2026H1,KPI,季度关键任务按期交付,20,42.5
195,2026H1,KPI,新客户开发≥5家,20,72.2
195,2026H1,OKR,老客户续约率≥85%,10,58.8
195,2026H1,KPI,回款及时率≥95%,50,75.2
195,2026H1,KPI,季度销售目标达成率≥90%,20,63.5
197,2026H1,OKR,老客户续约率≥85%,20,78.8
197,2026H1,OKR,季度销售目标达成率≥90%,30,74.3
197,2026H1,OKR,新客户开发≥5家,50,69.3
200,2026H1,KPI,关键差错率为0,20,50.2
200,2026H1,KPI,季度关键任务按期交付,30,27.3
200,2026H1,KPI,完成专业分享≥2次,50,72.3
201,2026H1,KPI,新客户开发≥5家,20,28.0
201,2026H1,KPI,老客户续约率≥85%,30,48.8
201,2026H1,KPI,回款及时率≥95%,20,39.0
201,2026H1,KPI,季度销售目标达成率≥90%,30,55.3
202,2026H1,KPI,完成专业分享≥2次,40,58.1
202,2026H1,KPI,关键差错率为0,10,74.9
202,2026H1,KPI,跨部门协作满意度≥4分,20,68.8
202,2026H1,KPI,季度关键任务按期交付,30,51.8
203,2026H1,KPI,带教1名新成员通过转正,50,38.6
203,2026H1,OKR,完成关键技术方案设计并通过评审,50,42.4
206,2026H1,OKR,线上故障数同比下降20%,60,61.6
206,2026H1,KPI,带教1名新成员通过转正,40,61.5
207,2026H1,KPI,季度关键任务按期交付,30,56.2
207,2026H1,KPI,完成专业分享≥2次,40,70.0
207,2026H1,KPI,输出流程优化提案≥1项,30,67.0
208,2026H1,KPI,季度关键任务按期交付,30,79.1
208,2026H1,KPI,关键差错率为0,40,81.8
208,2026H1,KPI,跨部门协作满意度≥4分,30,100
209,2026H1,KPI,完成关键技术方案设计并通过评审,60,62.1
209,2026H1,OKR,线上故障数同比下降20%,40,69.9
210,2026H1,OKR,完成专业分享≥2次,40,75.7
210,2026H1,KPI,输出流程优化提案≥1项,20,100
210,2026H1,KPI,关键差错率为0,40,89.6
211,2026H1,KPI,关键差错率为0,40,100
211,2026H1,OKR,跨部门协作满意度≥4分,40,97.0
211,2026H1,KPI,季度关键任务按期交付,20,100
213,2026H1,KPI,输出流程优化提案≥1项,30,92.9
213,2026H1,OKR,关键差错率为0,30,62.1
213,2026H1,KPI,完成专业分享≥2次,40,56.4
214,2026H1,OKR,核心模块交付及时率≥95%,10,71.4
214,2026H1,OKR,线上故障数同比下降20%,50,47.7
214,2026H1,OKR,完成关键技术方案设计并通过评审,40,68.2
216,2026H1,KPI,线上故障数同比下降20%,30,77.7
216,2026H1,KPI,带教1名新成员通过转正,40,90.1
216,2026H1,OKR,完成关键技术方案设计并通过评审,30,100
217,2026H1,KPI,完成专业分享≥2次,30,88.7
217,2026H1,KPI,关键差错率为0,70,58.8
218,2026H1,KPI,完成专业分享≥2次,30,52.6
218,2026H1,KPI,关键差错率为0,30,39.8
218,2026H1,OKR,季度关键任务按期交付,10,45.4
218,2026H1,KPI,跨部门协作满意度≥4分,30,43.9
220,2026H1,OKR,季度关键任务按期交付,40,23.4
220,2026H1,OKR,输出流程优化提案≥1项,30,44.8
220,2026H1,KPI,完成专业分享≥2次,30,52.4
221,2026H1,KPI,核心模块交付及时率≥95%,30,81.7
221,2026H1,OKR,带教1名新成员通过转正,30,78.9
221,2026H1,OKR,完成关键技术方案设计并通过评审,10,86.9
221,2026H1,KPI,线上故障数同比下降20%,30,84.1
225,2026H1,KPI,跨部门协作满意度≥4分,10,56.1
225,2026H1,KPI,关键差错率为0,30,85.6
225,2026H1,KPI,完成专业分享≥2次,20,88.2
225,2026H1,KPI,输出流程优化提案≥1项,40,66.7
226,2026H1,KPI,核心模块交付及时率≥95%,50,64.8
226,2026H1,KPI,线上故障数同比下降20%,50,81.4
228,2026H1,KPI,线上故障数同比下降20%,20,60.0
228,2026H1,OKR,带教1名新成员通过转正,20,63.4
228,2026H1,KPI,核心模块交付及时率≥95%,20,57.4
228,2026H1,KPI,完成关键技术方案设计并通过评审,40,69.6
230,2026H1,OKR,完成关键技术方案设计并通过评审,60,30.5
230,2026H1,KPI,核心模块交付及时率≥95%,30,52.4
230,2026H1,OKR,线上故障数同比下降20%,10,40.9
231,2026H1,KPI,跨部门协作满意度≥4分,40,93.3
231,2026H1,KPI,输出流程优化提案≥1项,60,70.9
234,2026H1,KPI,跨部门协作满意度≥4分,40,63.7
234,2026H1,KPI,关键差错率为0,20,63.5
234,2026H1,OKR,输出流程优化提案≥1项,30,60.2
234,2026H1,KPI,季度关键任务按期交付,10,48.0
236,2026H1,KPI,完成关键技术方案设计并通过评审,40,85.0
236,2026H1,KPI,带教1名新成员通过转正,40,90.2
236,2026H1,KPI,线上故障数同比下降20%,20,88.1
237,2026H1,OKR,回款及时率≥95%,20,47.8
237,2026H1,KPI,新客户开发≥5家,30,52.3
237,2026H1,OKR,老客户续约率≥85%,40,41.2
237,2026H1,OKR,季度销售目标达成率≥90%,10,29.7
239,2026H1,KPI,核心模块交付及时率≥95%,20,95.1
239,2026H1,KPI,线上故障数同比下降20%,30,61.7
239,2026H1,KPI,带教1名新成员通过转正,50,70.4
240,2026H1,OKR,季度关键任务按期交付,30,72.5
240,2026H1,KPI,关键差错率为0,40,76.9
240,2026H1,KPI,跨部门协作满意度≥4分,10,76.7
240,2026H1,OKR,完成专业分享≥2次,20,69.8
242,2026H1,KPI,输出流程优化提案≥1项,40,82.6
242,2026H1,KPI,完成专业分享≥2次,30,55.9
242,2026H1,KPI,关键差错率为0,30,83.7
243,2026H1,KPI,输出流程优化提案≥1项,60,54.2
243,2026H1,OKR,关键差错率为0,40,53.1
245,2026H1,KPI,带教1名新成员通过转正,30,82.8
245,2026H1,KPI,核心模块交付及时率≥95%,70,87.6
248,2026H1,KPI,核心模块交付及时率≥95%,20,52.4
248,2026H1,KPI,线上故障数同比下降20%,10,74.5
248,2026H1,KPI,带教1名新成员通过转正,40,86.4
248,2026H1,KPI,完成关键技术方案设计并通过评审,30,70.0
250,2026H1,KPI,输出流程优化提案≥1项,50,49.4
250,2026H1,KPI,跨部门协作满意度≥4分,50,66.5
252,2026H1,KPI,输出流程优化提案≥1项,20,69.7
252,2026H1,KPI,季度关键任务按期交付,20,81.9
252,2026H1,OKR,关键差错率为0,30,80.5
252,2026H1,KPI,完成专业分享≥2次,30,70.2
253,2026H1,KPI,核心模块交付及时率≥95%,70,46.0
253,2026H1,KPI,带教1名新成员通过转正,30,89.0
255,2026H1,KPI,完成关键技术方案设计并通过评审,40,79.7
255,2026H1,OKR,核心模块交付及时率≥95%,60,76.4
256,2026H1,KPI,完成关键技术方案设计并通过评审,20,61.5
256,2026H1,KPI,核心模块交付及时率≥95%,20,53.8
256,2026H1,KPI,线上故障数同比下降20%,20,29.0
256,2026H1,KPI,带教1名新成员通过转正,40,63.3
257,2026H1,OKR,带教1名新成员通过转正,20,56.1
257,2026H1,KPI,核心模块交付及时率≥95%,30,24.5
257,2026H1,KPI,完成关键技术方案设计并通过评审,30,39.8
257,2026H1,KPI,线上故障数同比下降20%,20,23.9
261,2026H1,KPI,关键差错率为0,50,38.2
261,2026H1,KPI,完成专业分享≥2次,50,38.1
262,2026H1,KPI,线上故障数同比下降20%,10,37.5
262,2026H1,OKR,带教1名新成员通过转正,50,31.4
262,2026H1,OKR,完成关键技术方案设计并通过评审,20,30.4
262,2026H1,KPI,核心模块交付及时率≥95%,20,38.2
263,2026H1,KPI,线上故障数同比下降20%,10,50.4
263,2026H1,OKR,完成关键技术方案设计并通过评审,40,45.8
263,2026H1,KPI,带教1名新成员通过转正,40,56.3
263,2026H1,KPI,核心模块交付及时率≥95%,10,48.2
264,2026H1,OKR,季度销售目标达成率≥90%,30,60.1
264,2026H1,OKR,回款及时率≥95%,20,67.9
264,2026H1,OKR,新客户开发≥5家,20,57.0
264,2026H1,OKR,老客户续约率≥85%,30,65.5
265,2026H1,KPI,完成专业分享≥2次,20,67.2
265,2026H1,KPI,季度关键任务按期交付,20,71.3
265,2026H1,KPI,输出流程优化提案≥1项,60,74.1
266,2026H1,KPI,老客户续约率≥85%,30,25.8
266,2026H1,KPI,新客户开发≥5家,30,45.3
266,2026H1,KPI,回款及时率≥95%,40,31.5
267,2026H1,KPI,季度关键任务按期交付,50,70.1
267,2026H1,KPI,跨部门协作满意度≥4分,50,60.9
268,2026H1,KPI,关键差错率为0,40,92.3
268,2026H1,OKR,完成专业分享≥2次,20,64.2
268,2026H1,KPI,输出流程优化提案≥1项,40,74.7
269,2026H1,KPI,季度关键任务按期交付,40,68.9
269,2026H1,OKR,跨部门协作满意度≥4分,40,60.2
269,2026H1,KPI,输出流程优化提案≥1项,20,50.6
271,2026H1,KPI,关键差错率为0,60,41.5
271,2026H1,KPI,完成专业分享≥2次,40,61.8
272,2026H1,KPI,核心模块交付及时率≥95%,70,84.7
272,2026H1,KPI,完成关键技术方案设计并通过评审,10,80.3
272,2026H1,OKR,线上故障数同比下降20%,20,90.7
273,2026H1,KPI,回款及时率≥95%,50,68.5
273,2026H1,KPI,新客户开发≥5家,10,48.1
273,2026H1,KPI,季度销售目标达成率≥90%,40,68.0
275,2026H1,KPI,跨部门协作满意度≥4分,60,61.9
275,2026H1,KPI,季度关键任务按期交付,10,55.3
275,2026H1,KPI,输出流程优化提案≥1项,10,79.5
275,2026H1,KPI,关键差错率为0,20,59.6
278,2026H1,KPI,关键差错率为0,10,47.1
278,2026H1,KPI,跨部门协作满意度≥4分,20,42.2
278,2026H1,KPI,完成专业分享≥2次,30,46.4
278,2026H1,KPI,输出流程优化提案≥1项,40,37.0
279,2026H1,KPI,回款及时率≥95%,50,50.1
279,2026H1,KPI,老客户续约率≥85%,50,60.2
280,2026H1,KPI,季度关键任务按期交付,60,65.3
280,2026H1,KPI,跨部门协作满意度≥4分,40,66.9
281,2026H1,OKR,关键差错率为0,20,66.9
281,2026H1,OKR,完成专业分享≥2次,30,77.5
281,2026H1,OKR,季度关键任务按期交付,20,55.7
281,2026H1,OKR,跨部门协作满意度≥4分,30,69.7
282,2026H1,OKR,完成关键技术方案设计并通过评审,50,59.5
282,2026H1,KPI,带教1名新成员通过转正,50,48.0
283,2026H1,OKR,核心模块交付及时率≥95%,50,82.5
283,2026H1,KPI,线上故障数同比下降20%,50,75.9
284,2026H1,KPI,核心模块交付及时率≥95%,30,58.2
284,2026H1,OKR,线上故障数同比下降20%,30,51.9
284,2026H1,KPI,带教1名新成员通过转正,20,26.8
284,2026H1,KPI,完成关键技术方案设计并通过评审,20,73.9
287,2026H1,KPI,回款及时率≥95%,20,86.7
287,2026H1,KPI,季度销售目标达成率≥90%,50,68.1
287,2026H1,OKR,老客户续约率≥85%,30,89.3
288,2026H1,OKR,回款及时率≥95%,40,64.2
288,2026H1,OKR,新客户开发≥5家,60,68.5
291,2026H1,KPI,带教1名新成员通过转正,50,74.7
291,2026H1,KPI,线上故障数同比下降20%,10,54.9
291,2026H1,KPI,完成关键技术方案设计并通过评审,40,62.8
292,2026H1,KPI,回款及时率≥95%,40,68.2
292,2026H1,OKR,新客户开发≥5家,30,64.5
292,2026H1,KPI,老客户续约率≥85%,10,69.8
292,2026H1,KPI,季度销售目标达成率≥90%,20,80.1
293,2026H1,OKR,核心模块交付及时率≥95%,40,99.2
293,2026H1,KPI,完成关键技术方案设计并通过评审,60,64.6
295,2026H1,OKR,带教1名新成员通过转正,20,77.9
295,2026H1,KPI,线上故障数同比下降20%,10,85.9
295,2026H1,KPI,完成关键技术方案设计并通过评审,40,66.3
295,2026H1,KPI,核心模块交付及时率≥95%,30,77.8
297,2026H1,KPI,季度销售目标达成率≥90%,30,68.4
297,2026H1,KPI,新客户开发≥5家,20,84.2
297,2026H1,OKR,老客户续约率≥85%,30,73.3
297,2026H1,OKR,回款及时率≥95%,20,82.0
298,2026H1,OKR,新客户开发≥5家,40,76.9
298,2026H1,OKR,季度销售目标达成率≥90%,30,82.5
298,2026H1,OKR,回款及时率≥95%,10,67.4
298,2026H1,KPI,老客户续约率≥85%,20,79.7
299,2026H1,KPI,回款及时率≥95%,60,55.9
299,2026H1,KPI,老客户续约率≥85%,40,63.7
302,2026H1,KPI,完成关键技术方案设计并通过评审,70,53.9
302,2026H1,OKR,核心模块交付及时率≥95%,30,51.9
303,2026H1,KPI,关键差错率为0,20,45.9
303,2026H1,KPI,完成专业分享≥2次,20,28.0
303,2026H1,KPI,跨部门协作满意度≥4分,30,38.6
303,2026H1,KPI,输出流程优化提案≥1项,30,15
305,2026H1,KPI,季度关键任务按期交付,20,48.8
305,2026H1,OKR,跨部门协作满意度≥4分,30,51.8
305,2026H1,KPI,输出流程优化提案≥1项,30,43.5
305,2026H1,KPI,完成专业分享≥2次,20,72.6
307,2026H1,KPI,回款及时率≥95%,20,58.3
307,2026H1,KPI,新客户开发≥5家,30,67.4
307,2026H1,KPI,季度销售目标达成率≥90%,20,37.4
307,2026H1,OKR,老客户续约率≥85%,30,89.7
308,2026H1,KPI,回款及时率≥95%,20,70.1
308,2026H1,KPI,季度销售目标达成率≥90%,40,98.9
308,2026H1,KPI,老客户续约率≥85%,30,73.6
308,2026H1,KPI,新客户开发≥5家,10,98.5
309,2026H1,KPI,线上故障数同比下降20%,20,54.6
309,2026H1,KPI,完成关键技术方案设计并通过评审,40,54.7
309,2026H1,KPI,带教1名新成员通过转正,20,68.0
309,2026H1,OKR,核心模块交付及时率≥95%,20,59.5
310,2026H1,KPI,核心模块交付及时率≥95%,20,61.2
310,2026H1,KPI,完成关键技术方案设计并通过评审,10,58.9
310,2026H1,OKR,线上故障数同比下降20%,40,47.8
310,2026H1,KPI,带教1名新成员通过转正,30,36.6
311,2026H1,KPI,带教1名新成员通过转正,30,37.3
311,2026H1,KPI,完成关键技术方案设计并通过评审,30,58.1
311,2026H1,KPI,核心模块交付及时率≥95%,20,44.5
311,2026H1,KPI,线上故障数同比下降20%,20,83.8
312,2026H1,OKR,完成专业分享≥2次,20,64.7
312,2026H1,KPI,关键差错率为0,30,81.9
312,2026H1,OKR,跨部门协作满意度≥4分,20,72.6
312,2026H1,OKR,季度关键任务按期交付,30,61.7
313,2026H1,OKR,季度关键任务按期交付,40,69.0
313,2026H1,KPI,跨部门协作满意度≥4分,60,89.2
315,2026H1,KPI,跨部门协作满意度≥4分,60,60.2
315,2026H1,KPI,完成专业分享≥2次,40,92.7
316,2026H1,OKR,线上故障数同比下降20%,20,68.5
316,2026H1,KPI,完成关键技术方案设计并通过评审,60,52.9
316,2026H1,KPI,带教1名新成员通过转正,20,50.5
317,2026H1,KPI,季度关键任务按期交付,40,84.6
317,2026H1,OKR,跨部门协作满意度≥4分,30,80.0
317,2026H1,KPI,关键差错率为0,30,32.6
319,2026H1,OKR,季度关键任务按期交付,40,75.3
319,2026H1,KPI,关键差错率为0,60,62.2
320,2026H1,OKR,完成专业分享≥2次,50,63.1
320,2026H1,KPI,季度关键任务按期交付,50,59.1
323,2026H1,OKR,季度关键任务按期交付,20,63.8
323,2026H1,KPI,完成专业分享≥2次,30,65.9
323,2026H1,KPI,跨部门协作满意度≥4分,50,47.7
325,2026H1,KPI,回款及时率≥95%,50,81.4
325,2026H1,KPI,新客户开发≥5家,10,72.2
325,2026H1,KPI,季度销售目标达成率≥90%,30,63.6
325,2026H1,OKR,老客户续约率≥85%,10,56.3
327,2026H1,KPI,新客户开发≥5家,20,74.6
327,2026H1,KPI,回款及时率≥95%,30,71.0
327,2026H1,OKR,季度销售目标达成率≥90%,50,60.8
328,2026H1,KPI,完成专业分享≥2次,20,63.9
328,2026H1,KPI,输出流程优化提案≥1项,10,89.1
328,2026H1,KPI,跨部门协作满意度≥4分,50,86.4
328,2026H1,KPI,关键差错率为0,20,82.3
331,2026H1,KPI,输出流程优化提案≥1项,40,38.6
331,2026H1,KPI,跨部门协作满意度≥4分,50,33.6
331,2026H1,KPI,季度关键任务按期交付,10,44.5
333,2026H1,KPI,关键差错率为0,20,64.0
333,2026H1,OKR,季度关键任务按期交付,30,62.3
333,2026H1,KPI,输出流程优化提案≥1项,50,77.7
334,2026H1,KPI,新客户开发≥5家,30,94.8
334,2026H1,KPI,回款及时率≥95%,20,80.6
334,2026H1,KPI,季度销售目标达成率≥90%,50,81.8
335,2026H1,OKR,回款及时率≥95%,40,52.0
335,2026H1,OKR,老客户续约率≥85%,30,20.0
335,2026H1,KPI,季度销售目标达成率≥90%,30,39.6
338,2026H1,KPI,回款及时率≥95%,20,30.8
338,2026H1,KPI,老客户续约率≥85%,40,18.0
338,2026H1,OKR,新客户开发≥5家,40,30.4
339,2026H1,KPI,关键差错率为0,50,35.1
339,2026H1,OKR,跨部门协作满意度≥4分,50,22.6
341,2026H1,OKR,跨部门协作满意度≥4分,40,61.4
341,2026H1,KPI,关键差错率为0,60,50.7
342,2026H1,OKR,输出流程优化提案≥1项,40,52.2
342,2026H1,KPI,季度关键任务按期交付,10,66.4
342,2026H1,KPI,关键差错率为0,20,61.6
342,2026H1,OKR,跨部门协作满意度≥4分,30,60.1
343,2026H1,KPI,季度关键任务按期交付,30,49.4
343,2026H1,KPI,完成专业分享≥2次,70,70.5
345,2026H1,KPI,完成关键技术方案设计并通过评审,20,74.2
345,2026H1,OKR,线上故障数同比下降20%,30,91.6
345,2026H1,KPI,带教1名新成员通过转正,30,56.6
345,2026H1,KPI,核心模块交付及时率≥95%,20,68.7
346,2026H1,OKR,线上故障数同比下降20%,40,42.4
346,2026H1,KPI,完成关键技术方案设计并通过评审,10,28.1
346,2026H1,KPI,核心模块交付及时率≥95%,50,24.8
347,2026H1,OKR,带教1名新成员通过转正,70,76.2
347,2026H1,KPI,核心模块交付及时率≥95%,30,48.1
348,2026H1,KPI,关键差错率为0,40,75.7
348,2026H1,KPI,跨部门协作满意度≥4分,30,70.0
348,2026H1,KPI,输出流程优化提案≥1项,30,46.2
349,2026H1,KPI,季度关键任务按期交付,40,82.7
349,2026H1,KPI,输出流程优化提案≥1项,20,74.1
349,2026H1,KPI,跨部门协作满意度≥4分,30,69.2
349,2026H1,OKR,完成专业分享≥2次,10,67.4
350,2026H1,KPI,关键差错率为0,50,84.3
350,2026H1,KPI,跨部门协作满意度≥4分,50,88.0
351,2026H1,KPI,输出流程优化提案≥1项,40,75.9
351,2026H1,KPI,季度关键任务按期交付,20,73.8
351,2026H1,OKR,跨部门协作满意度≥4分,10,90.3
351,2026H1,KPI,关键差错率为0,30,60.5
353,2026H1,KPI,完成关键技术方案设计并通过评审,50,50.1
353,2026H1,KPI,核心模块交付及时率≥95%,50,37.2
354,2026H1,KPI,线上故障数同比下降20%,60,72.6
354,2026H1,OKR,核心模块交付及时率≥95%,20,69.9
354,2026H1,OKR,完成关键技术方案设计并通过评审,20,50.0
355,2026H1,KPI,完成专业分享≥2次,30,48.2
355,2026H1,KPI,关键差错率为0,30,47.5
355,2026H1,KPI,跨部门协作满意度≥4分,20,71.1
355,2026H1,KPI,输出流程优化提案≥1项,20,35.1
356,2026H1,KPI,线上故障数同比下降20%,50,100
356,2026H1,KPI,带教1名新成员通过转正,50,37.3
357,2026H1,OKR,完成关键技术方案设计并通过评审,30,70.0
357,2026H1,KPI,带教1名新成员通过转正,40,77.3
357,2026H1,OKR,核心模块交付及时率≥95%,30,80.2
358,2026H1,KPI,完成关键技术方案设计并通过评审,20,97.8
358,2026H1,KPI,带教1名新成员通过转正,30,95.4
358,2026H1,KPI,线上故障数同比下降20%,10,91.7
358,2026H1,OKR,核心模块交付及时率≥95%,40,100
359,2026H1,KPI,回款及时率≥95%,10,76.8
359,2026H1,KPI,新客户开发≥5家,20,86.2
359,2026H1,KPI,老客户续约率≥85%,40,86.5
359,2026H1,KPI,季度销售目标达成率≥90%,30,100
360,2026H1,KPI,季度关键任务按期交付,20,84.0
360,2026H1,KPI,输出流程优化提案≥1项,30,76.3
360,2026H1,KPI,完成专业分享≥2次,20,57.2
360,2026H1,KPI,关键差错率为0,30,66.0
362,2026H1,KPI,输出流程优化提案≥1项,70,65.4
362,2026H1,OKR,跨部门协作满意度≥4分,30,71.7
363,2026H1,KPI,线上故障数同比下降20%,50,59.8
363,2026H1,OKR,完成关键技术方案设计并通过评审,50,48.6
365,2026H1,KPI,带教1名新成员通过转正,40,47.2
365,2026H1,KPI,核心模块交付及时率≥95%,60,22.9
366,2026H1,OKR,线上故障数同比下降20%,50,70.9
366,2026H1,OKR,核心模块交付及时率≥95%,30,86.8
366,2026H1,KPI,带教1名新成员通过转正,20,56.2
367,2026H1,OKR,核心模块交付及时率≥95%,50,37.4
367,2026H1,OKR,线上故障数同比下降20%,20,54.0
367,2026H1,KPI,完成关键技术方案设计并通过评审,30,58.8
368,2026H1,OKR,完成专业分享≥2次,40,62.2
368,2026H1,OKR,跨部门协作满意度≥4分,40,63.8
368,2026H1,OKR,输出流程优化提案≥1项,20,71.6
370,2026H1,KPI,输出流程优化提案≥1项,20,100
370,2026H1,KPI,完成专业分享≥2次,30,69.3
370,2026H1,KPI,跨部门协作满意度≥4分,50,91.9
373,2026H1,KPI,带教1名新成员通过转正,40,76.1
373,2026H1,KPI,完成关键技术方案设计并通过评审,60,84.1
374,2026H1,OKR,带教1名新成员通过转正,50,50.7
374,2026H1,KPI,线上故障数同比下降20%,50,67.9
377,2026H1,KPI,核心模块交付及时率≥95%,70,59.3
377,2026H1,OKR,带教1名新成员通过转正,30,66.5
378,2026H1,KPI,核心模块交付及时率≥95%,20,82.2
378,2026H1,OKR,线上故障数同比下降20%,50,86.3
378,2026H1,KPI,带教1名新成员通过转正,30,60.6
379,2026H1,OKR,线上故障数同比下降20%,40,59.3
379,2026H1,KPI,完成关键技术方案设计并通过评审,30,55.0
379,2026H1,OKR,核心模块交付及时率≥95%,30,51.3
381,2026H1,KPI,核心模块交付及时率≥95%,20,71.0
381,2026H1,KPI,完成关键技术方案设计并通过评审,30,43.2
381,2026H1,KPI,带教1名新成员通过转正,20,61.3
381,2026H1,KPI,线上故障数同比下降20%,30,77.4
384,2026H1,KPI,老客户续约率≥85%,20,90.5
384,2026H1,OKR,季度销售目标达成率≥90%,30,77.5
384,2026H1,KPI,回款及时率≥95%,40,74.4
384,2026H1,KPI,新客户开发≥5家,10,72.4
389,2026H1,KPI,输出流程优化提案≥1项,40,70.3
389,2026H1,OKR,季度关键任务按期交付,40,61.1
389,2026H1,OKR,跨部门协作满意度≥4分,20,79.5
394,2026H1,KPI,回款及时率≥95%,20,66.2
394,2026H1,KPI,新客户开发≥5家,30,69.3
394,2026H1,OKR,老客户续约率≥85%,20,79.3
394,2026H1,KPI,季度销售目标达成率≥90%,30,57.8
395,2026H1,OKR,回款及时率≥95%,50,55.7
395,2026H1,OKR,季度销售目标达成率≥90%,50,66.9
398,2026H1,KPI,输出流程优化提案≥1项,40,40.0
398,2026H1,KPI,完成专业分享≥2次,30,17.1
398,2026H1,KPI,跨部门协作满意度≥4分,30,51.0
400,2026H1,KPI,核心模块交付及时率≥95%,30,62.7
400,2026H1,KPI,线上故障数同比下降20%,70,57.4
401,2026H1,KPI,核心模块交付及时率≥95%,40,83.5
401,2026H1,OKR,完成关键技术方案设计并通过评审,50,70.1
401,2026H1,KPI,带教1名新成员通过转正,10,64.0
403,2026H1,OKR,带教1名新成员通过转正,30,62.3
403,2026H1,KPI,线上故障数同比下降20%,20,50.0
403,2026H1,KPI,完成关键技术方案设计并通过评审,50,56.3
406,2026H1,KPI,老客户续约率≥85%,50,79.1
406,2026H1,OKR,回款及时率≥95%,30,47.5
406,2026H1,KPI,季度销售目标达成率≥90%,20,68.9
407,2026H1,OKR,新客户开发≥5家,30,73.8
407,2026H1,OKR,回款及时率≥95%,50,73.2
407,2026H1,KPI,季度销售目标达成率≥90%,20,79.9
411,2026H1,KPI,带教1名新成员通过转正,20,44.8
411,2026H1,KPI,线上故障数同比下降20%,20,54.8
411,2026H1,KPI,完成关键技术方案设计并通过评审,40,34.7
411,2026H1,KPI,核心模块交付及时率≥95%,20,58.0
412,2026H1,KPI,线上故障数同比下降20%,40,76.2
412,2026H1,KPI,带教1名新成员通过转正,60,66.2
413,2026H1,KPI,完成关键技术方案设计并通过评审,20,78.4
413,2026H1,KPI,线上故障数同比下降20%,40,100
413,2026H1,KPI,核心模块交付及时率≥95%,20,90.6
413,2026H1,KPI,带教1名新成员通过转正,20,98.9
414,2026H1,KPI,完成关键技术方案设计并通过评审,30,50.3
414,2026H1,KPI,核心模块交付及时率≥95%,10,42.1
414,2026H1,KPI,线上故障数同比下降20%,60,45.7
415,2026H1,OKR,回款及时率≥95%,20,60.5
415,2026H1,OKR,老客户续约率≥85%,30,55.0
415,2026H1,KPI,季度销售目标达成率≥90%,20,54.3
415,2026H1,KPI,新客户开发≥5家,30,55.8
417,2026H1,OKR,回款及时率≥95%,10,56.5
417,2026H1,OKR,新客户开发≥5家,30,73.7
417,2026H1,KPI,季度销售目标达成率≥90%,30,80.9
417,2026H1,KPI,老客户续约率≥85%,30,61.0
419,2026H1,KPI,线上故障数同比下降20%,40,72.5
419,2026H1,OKR,核心模块交付及时率≥95%,10,66.7
419,2026H1,KPI,完成关键技术方案设计并通过评审,20,77.6
419,2026H1,KPI,带教1名新成员通过转正,30,69.7
420,2026H1,KPI,季度关键任务按期交付,20,79.4
420,2026H1,KPI,完成专业分享≥2次,80,62.1
422,2026H1,KPI,线上故障数同比下降20%,40,46.1
422,2026H1,KPI,核心模块交付及时率≥95%,60,49.6
423,2026H1,OKR,核心模块交付及时率≥95%,30,67.0
423,2026H1,KPI,完成关键技术方案设计并通过评审,30,40.9
423,2026H1,OKR,线上故障数同比下降20%,40,75.9
426,2026H1,KPI,核心模块交付及时率≥95%,60,57.8
426,2026H1,KPI,完成关键技术方案设计并通过评审,40,58.7
429,2026H1,KPI,老客户续约率≥85%,30,71.7
429,2026H1,KPI,回款及时率≥95%,20,66.7
429,2026H1,OKR,季度销售目标达成率≥90%,50,61.3
430,2026H1,OKR,完成关键技术方案设计并通过评审,40,74.5
430,2026H1,KPI,核心模块交付及时率≥95%,20,60.3
430,2026H1,KPI,带教1名新成员通过转正,40,69.4
431,2026H1,KPI,输出流程优化提案≥1项,30,91.1
431,2026H1,OKR,季度关键任务按期交付,30,69.2
431,2026H1,KPI,完成专业分享≥2次,40,64.8
432,2026H1,KPI,完成关键技术方案设计并通过评审,40,59.1
432,2026H1,KPI,线上故障数同比下降20%,60,78.9
433,2026H1,KPI,线上故障数同比下降20%,60,76.4
433,2026H1,KPI,核心模块交付及时率≥95%,10,80.4
433,2026H1,KPI,完成关键技术方案设计并通过评审,20,85.7
433,2026H1,OKR,带教1名新成员通过转正,10,77.5
434,2026H1,KPI,线上故障数同比下降20%,60,85.7
434,2026H1,OKR,带教1名新成员通过转正,40,54.2
435,2026H1,KPI,带教1名新成员通过转正,40,57.7
435,2026H1,OKR,线上故障数同比下降20%,10,81.2
435,2026H1,KPI,完成关键技术方案设计并通过评审,30,65.5
435,2026H1,OKR,核心模块交付及时率≥95%,20,78.7
437,2026H1,KPI,老客户续约率≥85%,70,78.1
437,2026H1,KPI,新客户开发≥5家,30,72.4
443,2026H1,KPI,跨部门协作满意度≥4分,30,65.5
443,2026H1,KPI,关键差错率为0,40,67.8
443,2026H1,KPI,完成专业分享≥2次,30,80.5
445,2026H1,KPI,季度销售目标达成率≥90%,50,51.7
445,2026H1,OKR,回款及时率≥95%,50,64.7
447,2026H1,KPI,完成关键技术方案设计并通过评审,20,50.7
447,2026H1,KPI,线上故障数同比下降20%,20,67.4
447,2026H1,KPI,核心模块交付及时率≥95%,40,46.2
447,2026H1,OKR,带教1名新成员通过转正,20,65.7
448,2026H1,OKR,完成专业分享≥2次,50,65.0
448,2026H1,OKR,跨部门协作满意度≥4分,50,69.9
449,2026H1,KPI,输出流程优化提案≥1项,40,75.0
449,2026H1,OKR,关键差错率为0,40,50.9
449,2026H1,KPI,完成专业分享≥2次,20,48.0
450,2026H1,OKR,季度关键任务按期交付,40,48.8
450,2026H1,KPI,输出流程优化提案≥1项,20,67.2
450,2026H1,KPI,关键差错率为0,20,65.3
450,2026H1,KPI,跨部门协作满意度≥4分,20,63.0
453,2026H1,KPI,完成关键技术方案设计并通过评审,30,63.9
453,2026H1,KPI,线上故障数同比下降20%,40,41.9
453,2026H1,OKR,核心模块交付及时率≥95%,30,49.8
456,2026H1,KPI,跨部门协作满意度≥4分,30,80.8
456,2026H1,OKR,完成专业分享≥2次,20,98.2
456,2026H1,OKR,季度关键任务按期交付,50,84.7
457,2026H1,OKR,跨部门协作满意度≥4分,30,55.7
457,2026H1,KPI,季度关键任务按期交付,70,51.8
458,2026H1,KPI,季度关键任务按期交付,30,79.9
458,2026H1,KPI,输出流程优化提案≥1项,30,53.1
458,2026H1,KPI,跨部门协作满意度≥4分,40,76.3
459,2026H1,KPI,带教1名新成员通过转正,30,68.1
459,2026H1,KPI,线上故障数同比下降20%,70,54.2
460,2026H1,OKR,完成关键技术方案设计并通过评审,10,61.9
460,2026H1,OKR,核心模块交付及时率≥95%,40,76.1
460,2026H1,KPI,线上故障数同比下降20%,50,71.0
461,2026H1,OKR,带教1名新成员通过转正,30,19.0
461,2026H1,KPI,完成关键技术方案设计并通过评审,20,52.7
461,2026H1,KPI,核心模块交付及时率≥95%,20,26.9
461,2026H1,OKR,线上故障数同比下降20%,30,19.1
462,2026H1,OKR,核心模块交付及时率≥95%,60,86.0
462,2026H1,KPI,完成关键技术方案设计并通过评审,40,72.4
464,2026H1,KPI,完成关键技术方案设计并通过评审,40,76.6
464,2026H1,KPI,带教1名新成员通过转正,20,89.1
464,2026H1,OKR,线上故障数同比下降20%,40,87.5
466,2026H1,OKR,关键差错率为0,60,70.8
466,2026H1,KPI,跨部门协作满意度≥4分,40,83.0
469,2026H1,KPI,季度关键任务按期交付,30,67.4
469,2026H1,KPI,输出流程优化提案≥1项,40,66.2
469,2026H1,OKR,关键差错率为0,20,78.8
469,2026H1,KPI,跨部门协作满意度≥4分,10,52.2
470,2026H1,OKR,回款及时率≥95%,40,56.8
470,2026H1,KPI,老客户续约率≥85%,30,65.1
470,2026H1,KPI,季度销售目标达成率≥90%,20,59.4
470,2026H1,OKR,新客户开发≥5家,10,72.7
471,2026H1,KPI,带教1名新成员通过转正,30,51.9
471,2026H1,OKR,核心模块交付及时率≥95%,20,40.2
471,2026H1,KPI,完成关键技术方案设计并通过评审,20,70.6
471,2026H1,OKR,线上故障数同比下降20%,30,41.3
472,2026H1,KPI,回款及时率≥95%,30,77.0
472,2026H1,KPI,季度销售目标达成率≥90%,40,90.6
472,2026H1,KPI,新客户开发≥5家,30,92.4
473,2026H1,KPI,完成关键技术方案设计并通过评审,30,91.3
473,2026H1,KPI,带教1名新成员通过转正,70,83.7
474,2026H1,OKR,老客户续约率≥85%,20,78.1
474,2026H1,KPI,季度销售目标达成率≥90%,40,72.7
474,2026H1,OKR,新客户开发≥5家,40,80.1
476,2026H1,KPI,关键差错率为0,10,63.2
476,2026H1,KPI,输出流程优化提案≥1项,20,74.0
476,2026H1,KPI,完成专业分享≥2次,20,90.4
476,2026H1,KPI,跨部门协作满意度≥4分,50,59.7
477,2026H1,KPI,带教1名新成员通过转正,20,51.6
477,2026H1,OKR,核心模块交付及时率≥95%,20,79.4
477,2026H1,KPI,完成关键技术方案设计并通过评审,60,52.0
479,2026H1,KPI,跨部门协作满意度≥4分,60,54.7
479,2026H1,OKR,完成专业分享≥2次,40,63.0
481,2026H1,KPI,线上故障数同比下降20%,20,51.4
481,2026H1,OKR,完成关键技术方案设计并通过评审,30,50.4
481,2026H1,KPI,带教1名新成员通过转正,10,41.6
481,2026H1,KPI,核心模块交付及时率≥95%,40,51.1
483,2026H1,KPI,输出流程优化提案≥1项,10,72.5
483,2026H1,OKR,季度关键任务按期交付,40,41.0
483,2026H1,KPI,关键差错率为0,50,85.5
486,2026H1,OKR,带教1名新成员通过转正,30,92.0
486,2026H1,KPI,完成关键技术方案设计并通过评审,30,86.7
486,2026H1,KPI,线上故障数同比下降20%,20,72.5
486,2026H1,KPI,核心模块交付及时率≥95%,20,63.7
487,2026H1,KPI,线上故障数同比下降20%,30,60.7
487,2026H1,OKR,核心模块交付及时率≥95%,30,76.5
487,2026H1,OKR,完成关键技术方案设计并通过评审,30,49.9
487,2026H1,KPI,带教1名新成员通过转正,10,72.6
489,2026H1,KPI,跨部门协作满意度≥4分,40,86.7
489,2026H1,KPI,完成专业分享≥2次,60,82.8
490,2026H1,KPI,跨部门协作满意度≥4分,30,51.9
490,2026H1,KPI,输出流程优化提案≥1项,70,64.3
491,2026H1,KPI,关键差错率为0,50,48.5
491,2026H1,OKR,输出流程优化提案≥1项,30,45.9
491,2026H1,KPI,跨部门协作满意度≥4分,20,61.5
492,2026H1,KPI,完成关键技术方案设计并通过评审,40,77.8
492,2026H1,KPI,核心模块交付及时率≥95%,30,53.2
492,2026H1,KPI,线上故障数同比下降20%,30,83.1
493,2026H1,KPI,关键差错率为0,70,81.9
493,2026H1,OKR,季度关键任务按期交付,30,64.4
494,2026H1,KPI,线上故障数同比下降20%,40,78.8
494,2026H1,OKR,带教1名新成员通过转正,20,97.9
494,2026H1,KPI,完成关键技术方案设计并通过评审,20,91.7
494,2026H1,KPI,核心模块交付及时率≥95%,20,76.7
496,2026H1,KPI,跨部门协作满意度≥4分,30,59.0
496,2026H1,KPI,季度关键任务按期交付,70,82.9
497,2026H1,KPI,老客户续约率≥85%,50,77.5
497,2026H1,KPI,季度销售目标达成率≥90%,30,69.2
497,2026H1,KPI,回款及时率≥95%,20,57.7
498,2026H1,KPI,跨部门协作满意度≥4分,40,55.0
498,2026H1,KPI,输出流程优化提案≥1项,30,88.4
498,2026H1,OKR,完成专业分享≥2次,30,55.6
499,2026H1,OKR,新客户开发≥5家,30,66.5
499,2026H1,OKR,回款及时率≥95%,20,57.2
499,2026H1,KPI,季度销售目标达成率≥90%,30,73.1
499,2026H1,KPI,老客户续约率≥85%,20,44.2
502,2026H1,KPI,完成关键技术方案设计并通过评审,20,73.9
502,2026H1,KPI,线上故障数同比下降20%,20,100
502,2026H1,KPI,核心模块交付及时率≥95%,40,100
502,2026H1,KPI,带教1名新成员通过转正,20,99.1
503,2026H1,KPI,输出流程优化提案≥1项,30,96.1
503,2026H1,OKR,跨部门协作满意度≥4分,20,84.1
503,2026H1,KPI,季度关键任务按期交付,20,76.7
503,2026H1,KPI,关键差错率为0,30,98.3
504,2026H1,KPI,输出流程优化提案≥1项,30,93.4
504,2026H1,KPI,完成专业分享≥2次,50,81.1
504,2026H1,KPI,关键差错率为0,20,81.4
507,2026H1,OKR,跨部门协作满意度≥4分,20,38.6
507,2026H1,OKR,输出流程优化提案≥1项,20,26.4
507,2026H1,KPI,季度关键任务按期交付,50,32.9
507,2026H1,OKR,关键差错率为0,10,51.9
508,2026H1,KPI,关键差错率为0,20,77.8
508,2026H1,KPI,季度关键任务按期交付,40,74.9
508,2026H1,KPI,完成专业分享≥2次,30,62.6
508,2026H1,KPI,输出流程优化提案≥1项,10,89.7
509,2026H1,KPI,老客户续约率≥85%,10,79.3
509,2026H1,KPI,季度销售目标达成率≥90%,40,54.8
509,2026H1,KPI,回款及时率≥95%,20,82.5
509,2026H1,OKR,新客户开发≥5家,30,64.8
510,2026H1,KPI,老客户续约率≥85%,40,61.4
510,2026H1,OKR,新客户开发≥5家,10,82.4
510,2026H1,KPI,季度销售目标达成率≥90%,10,81.0
510,2026H1,OKR,回款及时率≥95%,40,79.0
512,2026H1,KPI,核心模块交付及时率≥95%,10,89.0
512,2026H1,KPI,完成关键技术方案设计并通过评审,40,39.2
512,2026H1,OKR,线上故障数同比下降20%,50,54.4
513,2026H1,KPI,线上故障数同比下降20%,20,28.7
513,2026H1,KPI,核心模块交付及时率≥95%,30,21.2
513,2026H1,KPI,带教1名新成员通过转正,20,31.6
513,2026H1,KPI,完成关键技术方案设计并通过评审,30,15
514,2026H1,OKR,季度销售目标达成率≥90%,30,78.5
514,2026H1,KPI,回款及时率≥95%,50,79.8
514,2026H1,KPI,新客户开发≥5家,20,85.5
515,2026H1,OKR,完成关键技术方案设计并通过评审,50,38.0
515,2026H1,OKR,线上故障数同比下降20%,50,40.0
516,2026H1,KPI,完成关键技术方案设计并通过评审,10,43.0
516,2026H1,KPI,核心模块交付及时率≥95%,30,58.5
516,2026H1,KPI,带教1名新成员通过转正,30,46.2
516,2026H1,OKR,线上故障数同比下降20%,30,54.8
517,2026H1,KPI,季度关键任务按期交付,70,75.5
517,2026H1,KPI,关键差错率为0,30,45.2
519,2026H1,KPI,季度关键任务按期交付,50,73.8
519,2026H1,OKR,跨部门协作满意度≥4分,50,29.6
522,2026H1,KPI,老客户续约率≥85%,40,71.1
522,2026H1,KPI,回款及时率≥95%,60,91.2
526,2026H1,KPI,完成专业分享≥2次,30,43.9
526,2026H1,KPI,关键差错率为0,40,44.6
526,2026H1,KPI,跨部门协作满意度≥4分,30,59.3
527,2026H1,KPI,输出流程优化提案≥1项,50,94.1
527,2026H1,KPI,完成专业分享≥2次,50,74.4
528,2026H1,KPI,季度关键任务按期交付,40,91.7
528,2026H1,KPI,跨部门协作满意度≥4分,60,84.3
529,2026H1,OKR,季度关键任务按期交付,50,72.5
529,2026H1,OKR,关键差错率为0,20,61.8
529,2026H1,KPI,完成专业分享≥2次,30,58.4
532,2026H1,KPI,完成关键技术方案设计并通过评审,20,49.0
532,2026H1,KPI,核心模块交付及时率≥95%,20,53.9
532,2026H1,KPI,带教1名新成员通过转正,30,46.0
532,2026H1,OKR,线上故障数同比下降20%,30,62.3
533,2026H1,OKR,输出流程优化提案≥1项,50,54.8
533,2026H1,KPI,季度关键任务按期交付,50,69.9
535,2026H1,KPI,带教1名新成员通过转正,40,61.1
535,2026H1,KPI,完成关键技术方案设计并通过评审,60,83.1
536,2026H1,KPI,季度关键任务按期交付,10,79.5
536,2026H1,KPI,关键差错率为0,10,80.6
536,2026H1,OKR,跨部门协作满意度≥4分,40,80.3
536,2026H1,OKR,输出流程优化提案≥1项,40,89.4
537,2026H1,KPI,关键差错率为0,50,62.4
537,2026H1,KPI,跨部门协作满意度≥4分,50,72.9
538,2026H1,OKR,线上故障数同比下降20%,20,100
538,2026H1,KPI,带教1名新成员通过转正,10,83.5
538,2026H1,OKR,核心模块交付及时率≥95%,30,99.5
538,2026H1,KPI,完成关键技术方案设计并通过评审,40,100
541,2026H1,KPI,带教1名新成员通过转正,40,88.7
541,2026H1,KPI,线上故障数同比下降20%,20,87.4
541,2026H1,KPI,核心模块交付及时率≥95%,20,77.9
541,2026H1,KPI,完成关键技术方案设计并通过评审,20,68.4
542,2026H1,OKR,核心模块交付及时率≥95%,10,65.3
542,2026H1,KPI,带教1名新成员通过转正,40,64.5
542,2026H1,KPI,完成关键技术方案设计并通过评审,50,63.9
543,2026H1,KPI,核心模块交付及时率≥95%,60,57.9
543,2026H1,KPI,线上故障数同比下降20%,40,55.6
544,2026H1,KPI,线上故障数同比下降20%,30,26.8
544,2026H1,KPI,核心模块交付及时率≥95%,30,20.7
544,2026H1,KPI,完成关键技术方案设计并通过评审,20,29.3
544,2026H1,KPI,带教1名新成员通过转正,20,17.1
546,2026H1,OKR,季度销售目标达成率≥90%,50,84.3
546,2026H1,KPI,老客户续约率≥85%,20,88.0
546,2026H1,KPI,新客户开发≥5家,30,85.0
547,2026H1,KPI,带教1名新成员通过转正,30,57.6
547,2026H1,KPI,核心模块交付及时率≥95%,20,37.6
547,2026H1,OKR,完成关键技术方案设计并通过评审,20,80.5
547,2026H1,KPI,线上故障数同比下降20%,30,60.0
548,2026H1,OKR,带教1名新成员通过转正,10,72.7
548,2026H1,KPI,完成关键技术方案设计并通过评审,20,50.3
548,2026H1,KPI,核心模块交付及时率≥95%,30,68.0
548,2026H1,OKR,线上故障数同比下降20%,40,62.5
549,2026H1,KPI,核心模块交付及时率≥95%,30,51.6
549,2026H1,KPI,带教1名新成员通过转正,20,53.6
549,2026H1,KPI,线上故障数同比下降20%,20,63.4
549,2026H1,KPI,完成关键技术方案设计并通过评审,30,67.1
550,2026H1,KPI,回款及时率≥95%,40,47.4
550,2026H1,OKR,季度销售目标达成率≥90%,60,64.4
551,2026H1,KPI,关键差错率为0,30,95.1
551,2026H1,KPI,输出流程优化提案≥1项,70,83.6
552,2026H1,KPI,完成专业分享≥2次,30,55.3
552,2026H1,KPI,跨部门协作满意度≥4分,30,63.4
552,2026H1,KPI,关键差错率为0,40,80.8
553,2026H1,KPI,线上故障数同比下降20%,40,79.9
553,2026H1,OKR,核心模块交付及时率≥95%,40,74.5
553,2026H1,KPI,完成关键技术方案设计并通过评审,20,34.7
554,2026H1,KPI,新客户开发≥5家,50,96.9
554,2026H1,OKR,老客户续约率≥85%,50,76.3
556,2026H1,KPI,季度销售目标达成率≥90%,40,94.9
556,2026H1,OKR,老客户续约率≥85%,60,90.9
557,2026H1,KPI,输出流程优化提案≥1项,50,73.7
557,2026H1,OKR,完成专业分享≥2次,50,88.8
558,2026H1,KPI,老客户续约率≥85%,30,75.0
558,2026H1,KPI,回款及时率≥95%,50,46.6
558,2026H1,OKR,季度销售目标达成率≥90%,20,72.6
559,2026H1,KPI,老客户续约率≥85%,40,43.8
559,2026H1,KPI,季度销售目标达成率≥90%,30,60.3
559,2026H1,OKR,回款及时率≥95%,30,63.3
560,2026H1,KPI,完成关键技术方案设计并通过评审,40,59.5
560,2026H1,KPI,线上故障数同比下降20%,60,92.7
561,2026H1,KPI,线上故障数同比下降20%,40,82.0
561,2026H1,OKR,带教1名新成员通过转正,20,58.4
561,2026H1,OKR,完成关键技术方案设计并通过评审,40,72.1
562,2026H1,KPI,线上故障数同比下降20%,30,78.4
562,2026H1,KPI,完成关键技术方案设计并通过评审,40,71.8
562,2026H1,KPI,带教1名新成员通过转正,30,80.8
563,2026H1,KPI,带教1名新成员通过转正,30,58.8
563,2026H1,OKR,线上故障数同比下降20%,40,65.6
563,2026H1,KPI,核心模块交付及时率≥95%,30,57.0
565,2026H1,KPI,核心模块交付及时率≥95%,50,66.5
565,2026H1,KPI,线上故障数同比下降20%,50,48.5
566,2026H1,KPI,完成关键技术方案设计并通过评审,30,55.0
566,2026H1,KPI,带教1名新成员通过转正,30,41.0
566,2026H1,KPI,核心模块交付及时率≥95%,40,19.2
567,2026H1,KPI,关键差错率为0,60,61.5
567,2026H1,KPI,输出流程优化提案≥1项,10,82.9
567,2026H1,KPI,完成专业分享≥2次,30,45.7
569,2026H1,KPI,跨部门协作满意度≥4分,50,65.1
569,2026H1,KPI,季度关键任务按期交付,10,56.5
569,2026H1,KPI,输出流程优化提案≥1项,40,63.4
573,2026H1,OKR,线上故障数同比下降20%,30,48.6
573,2026H1,KPI,核心模块交付及时率≥95%,30,56.9
573,2026H1,KPI,带教1名新成员通过转正,10,64.0
573,2026H1,KPI,完成关键技术方案设计并通过评审,30,31.8
574,2026H1,OKR,核心模块交付及时率≥95%,30,78.2
574,2026H1,OKR,线上故障数同比下降20%,30,69.9
574,2026H1,KPI,带教1名新成员通过转正,30,64.8
574,2026H1,OKR,完成关键技术方案设计并通过评审,10,61.5
575,2026H1,KPI,完成关键技术方案设计并通过评审,40,48.1
575,2026H1,KPI,带教1名新成员通过转正,40,42.9
575,2026H1,KPI,核心模块交付及时率≥95%,20,62.8
576,2026H1,OKR,线上故障数同比下降20%,10,69.5
576,2026H1,KPI,带教1名新成员通过转正,20,61.8
576,2026H1,KPI,核心模块交付及时率≥95%,70,39.8
578,2026H1,KPI,带教1名新成员通过转正,10,69.6
578,2026H1,OKR,完成关键技术方案设计并通过评审,40,58.5
578,2026H1,OKR,线上故障数同比下降20%,30,55.0
578,2026H1,KPI,核心模块交付及时率≥95%,20,69.2
580,2026H1,OKR,完成专业分享≥2次,20,72.1
580,2026H1,KPI,输出流程优化提案≥1项,30,64.0
580,2026H1,KPI,关键差错率为0,30,78.4
580,2026H1,KPI,季度关键任务按期交付,20,73.5
581,2026H1,KPI,跨部门协作满意度≥4分,20,91.4
581,2026H1,OKR,季度关键任务按期交付,40,46.7
581,2026H1,KPI,关键差错率为0,20,68.0
581,2026H1,KPI,输出流程优化提案≥1项,20,56.3
582,2026H1,OKR,完成专业分享≥2次,30,67.8
582,2026H1,OKR,输出流程优化提案≥1项,40,69.6
582,2026H1,OKR,跨部门协作满意度≥4分,30,54.3
583,2026H1,KPI,季度关键任务按期交付,40,54.1
583,2026H1,KPI,输出流程优化提案≥1项,20,70.2
583,2026H1,KPI,跨部门协作满意度≥4分,20,55.1
583,2026H1,KPI,完成专业分享≥2次,20,54.0
584,2026H1,KPI,完成关键技术方案设计并通过评审,30,34.2
584,2026H1,KPI,带教1名新成员通过转正,40,47.8
584,2026H1,KPI,核心模块交付及时率≥95%,10,28.5
584,2026H1,OKR,线上故障数同比下降20%,20,60.2
585,2026H1,KPI,核心模块交付及时率≥95%,30,50.6
585,2026H1,KPI,带教1名新成员通过转正,30,76.5
585,2026H1,KPI,线上故障数同比下降20%,40,40.2
586,2026H1,KPI,输出流程优化提案≥1项,10,35.6
586,2026H1,KPI,跨部门协作满意度≥4分,20,31.1
586,2026H1,KPI,关键差错率为0,50,21.1
586,2026H1,OKR,季度关键任务按期交付,20,35.1
590,2026H1,KPI,关键差错率为0,70,85.3
590,2026H1,KPI,季度关键任务按期交付,30,55.6
591,2026H1,KPI,完成专业分享≥2次,40,98.6
591,2026H1,OKR,跨部门协作满意度≥4分,60,86.9
592,2026H1,KPI,完成关键技术方案设计并通过评审,60,52.5
592,2026H1,OKR,带教1名新成员通过转正,40,67.4
593,2026H1,KPI,输出流程优化提案≥1项,30,54.4
593,2026H1,KPI,完成专业分享≥2次,70,67.0
595,2026H1,KPI,线上故障数同比下降20%,70,41.3
595,2026H1,KPI,核心模块交付及时率≥95%,30,84.4
596,2026H1,KPI,核心模块交付及时率≥95%,50,75.9
596,2026H1,KPI,完成关键技术方案设计并通过评审,20,61.1
596,2026H1,KPI,线上故障数同比下降20%,10,57.5
596,2026H1,KPI,带教1名新成员通过转正,20,70.2
597,2026H1,OKR,完成关键技术方案设计并通过评审,30,100
597,2026H1,KPI,线上故障数同比下降20%,20,100
597,2026H1,OKR,核心模块交付及时率≥95%,50,73.4
598,2026H1,OKR,完成关键技术方案设计并通过评审,50,52.0
598,2026H1,OKR,带教1名新成员通过转正,40,78.3
598,2026H1,KPI,核心模块交付及时率≥95%,10,62.1
599,2026H1,KPI,核心模块交付及时率≥95%,30,68.7
599,2026H1,KPI,完成关键技术方案设计并通过评审,10,66.3
599,2026H1,KPI,带教1名新成员通过转正,40,64.0
599,2026H1,KPI,线上故障数同比下降20%,20,70.0
600,2026H1,KPI,核心模块交付及时率≥95%,40,80.5
600,2026H1,KPI,带教1名新成员通过转正,60,95.4
601,2026H1,KPI,线上故障数同比下降20%,40,71.4
601,2026H1,OKR,完成关键技术方案设计并通过评审,30,69.0
601,2026H1,KPI,核心模块交付及时率≥95%,20,62.3
601,2026H1,OKR,带教1名新成员通过转正,10,68.6
602,2026H1,OKR,核心模块交付及时率≥95%,40,77.9
602,2026H1,KPI,完成关键技术方案设计并通过评审,60,71.8
603,2026H1,KPI,完成关键技术方案设计并通过评审,40,51.2
603,2026H1,OKR,线上故障数同比下降20%,60,59.3
604,2026H1,KPI,核心模块交付及时率≥95%,30,82.9
604,2026H1,KPI,线上故障数同比下降20%,20,100
604,2026H1,KPI,完成关键技术方案设计并通过评审,20,100
604,2026H1,KPI,带教1名新成员通过转正,30,96.5
605,2026H1,KPI,跨部门协作满意度≥4分,20,51.1
605,2026H1,KPI,完成专业分享≥2次,50,53.5
605,2026H1,KPI,季度关键任务按期交付,30,67.6
606,2026H1,KPI,回款及时率≥95%,30,70.1
606,2026H1,OKR,季度销售目标达成率≥90%,70,85.5
607,2026H1,KPI,完成专业分享≥2次,20,66.4
607,2026H1,KPI,季度关键任务按期交付,30,62.1
607,2026H1,KPI,关键差错率为0,20,49.8
607,2026H1,KPI,输出流程优化提案≥1项,30,65.7
608,2026H1,OKR,输出流程优化提案≥1项,50,76.9
608,2026H1,KPI,关键差错率为0,50,68.4
609,2026H1,KPI,核心模块交付及时率≥95%,60,93.3
609,2026H1,KPI,线上故障数同比下降20%,40,95.0
610,2026H1,KPI,线上故障数同比下降20%,30,75.5
610,2026H1,KPI,完成关键技术方案设计并通过评审,10,87.6
610,2026H1,KPI,核心模块交付及时率≥95%,20,67.9
610,2026H1,KPI,带教1名新成员通过转正,40,80.0
611,2026H1,OKR,线上故障数同比下降20%,40,61.0
611,2026H1,KPI,完成关键技术方案设计并通过评审,30,63.9
611,2026H1,KPI,带教1名新成员通过转正,30,64.3
614,2026H1,KPI,季度关键任务按期交付,70,88.1
614,2026H1,KPI,完成专业分享≥2次,30,82.3
617,2026H1,KPI,回款及时率≥95%,30,52.2
617,2026H1,KPI,老客户续约率≥85%,70,73.6
619,2026H1,KPI,完成关键技术方案设计并通过评审,10,58.4
619,2026H1,OKR,带教1名新成员通过转正,30,54.3
619,2026H1,OKR,线上故障数同比下降20%,60,79.1
620,2026H1,OKR,核心模块交付及时率≥95%,50,85.4
620,2026H1,KPI,线上故障数同比下降20%,50,62.9
621,2026H1,KPI,输出流程优化提案≥1项,20,63.3
621,2026H1,KPI,跨部门协作满意度≥4分,20,66.9
621,2026H1,KPI,关键差错率为0,30,39.0
621,2026H1,OKR,完成专业分享≥2次,30,61.6
622,2026H1,KPI,带教1名新成员通过转正,40,75.8
622,2026H1,KPI,完成关键技术方案设计并通过评审,30,88.7
622,2026H1,OKR,核心模块交付及时率≥95%,30,80.0
623,2026H1,KPI,带教1名新成员通过转正,40,48.3
623,2026H1,OKR,线上故障数同比下降20%,60,43.2
624,2026H1,KPI,完成关键技术方案设计并通过评审,40,85.6
624,2026H1,KPI,带教1名新成员通过转正,20,93.8
624,2026H1,KPI,核心模块交付及时率≥95%,40,73.7
625,2026H1,KPI,带教1名新成员通过转正,40,74.2
625,2026H1,KPI,核心模块交付及时率≥95%,30,68.4
625,2026H1,KPI,线上故障数同比下降20%,30,76.3
626,2026H1,KPI,跨部门协作满意度≥4分,30,83.2
626,2026H1,KPI,完成专业分享≥2次,30,70.9
626,2026H1,KPI,季度关键任务按期交付,40,80.5
627,2026H1,KPI,季度关键任务按期交付,40,100
627,2026H1,OKR,输出流程优化提案≥1项,40,87.7
627,2026H1,KPI,完成专业分享≥2次,20,90.3
628,2026H1,OKR,季度关键任务按期交付,30,99.1
628,2026H1,KPI,输出流程优化提案≥1项,20,83.9
628,2026H1,OKR,跨部门协作满意度≥4分,20,80.4
628,2026H1,KPI,完成专业分享≥2次,30,65.9
630,2026H1,KPI,回款及时率≥95%,30,95.4
630,2026H1,KPI,老客户续约率≥85%,40,91.4
630,2026H1,KPI,新客户开发≥5家,30,86.2
631,2026H1,KPI,完成关键技术方案设计并通过评审,20,49.5
631,2026H1,KPI,核心模块交付及时率≥95%,20,54.4
631,2026H1,KPI,带教1名新成员通过转正,60,85.0
632,2026H1,KPI,带教1名新成员通过转正,40,63.4
632,2026H1,KPI,线上故障数同比下降20%,60,36.1
633,2026H1,KPI,输出流程优化提案≥1项,50,89.8
633,2026H1,OKR,季度关键任务按期交付,40,74.6
633,2026H1,KPI,完成专业分享≥2次,10,86.7
634,2026H1,OKR,带教1名新成员通过转正,40,73.9
634,2026H1,KPI,线上故障数同比下降20%,30,80.4
634,2026H1,OKR,完成关键技术方案设计并通过评审,10,73.6
634,2026H1,OKR,核心模块交付及时率≥95%,20,59.2
635,2026H1,KPI,完成专业分享≥2次,30,35.0
635,2026H1,KPI,关键差错率为0,40,67.5
635,2026H1,KPI,输出流程优化提案≥1项,30,53.0
636,2026H1,KPI,完成关键技术方案设计并通过评审,10,32.6
636,2026H1,OKR,线上故障数同比下降20%,50,43.8
636,2026H1,KPI,带教1名新成员通过转正,20,32.6
636,2026H1,KPI,核心模块交付及时率≥95%,20,46.4
637,2026H1,KPI,线上故障数同比下降20%,40,69.1
637,2026H1,KPI,带教1名新成员通过转正,30,48.9
637,2026H1,KPI,核心模块交付及时率≥95%,30,92.1
638,2026H1,KPI,核心模块交付及时率≥95%,40,81.1
638,2026H1,KPI,带教1名新成员通过转正,60,38.2
639,2026H1,KPI,跨部门协作满意度≥4分,70,74.2
639,2026H1,OKR,完成专业分享≥2次,30,54.1
640,2026H1,KPI,线上故障数同比下降20%,20,64.8
640,2026H1,KPI,完成关键技术方案设计并通过评审,30,50.0
640,2026H1,OKR,核心模块交付及时率≥95%,10,79.9
640,2026H1,KPI,带教1名新成员通过转正,40,89.7
641,2026H1,KPI,完成关键技术方案设计并通过评审,50,84.9
641,2026H1,KPI,线上故障数同比下降20%,30,79.4
641,2026H1,KPI,核心模块交付及时率≥95%,20,70.4
642,2026H1,KPI,核心模块交付及时率≥95%,20,72.5
642,2026H1,KPI,线上故障数同比下降20%,40,62.1
642,2026H1,OKR,带教1名新成员通过转正,20,68.4
642,2026H1,KPI,完成关键技术方案设计并通过评审,20,66.2
643,2026H1,OKR,输出流程优化提案≥1项,70,46.9
643,2026H1,KPI,跨部门协作满意度≥4分,30,70.8
646,2026H1,KPI,关键差错率为0,50,73.0
646,2026H1,KPI,季度关键任务按期交付,50,93.2
647,2026H1,KPI,关键差错率为0,30,77.0
647,2026H1,OKR,完成专业分享≥2次,10,69.0
647,2026H1,OKR,季度关键任务按期交付,20,62.0
647,2026H1,KPI,跨部门协作满意度≥4分,40,77.7
648,2026H1,KPI,完成专业分享≥2次,20,69.5
648,2026H1,KPI,关键差错率为0,30,65.8
648,2026H1,KPI,输出流程优化提案≥1项,50,81.7
649,2026H1,KPI,核心模块交付及时率≥95%,60,95.9
649,2026H1,KPI,完成关键技术方案设计并通过评审,40,71.8
650,2026H1,OKR,核心模块交付及时率≥95%,70,40.0
650,2026H1,KPI,线上故障数同比下降20%,30,56.4
651,2026H1,KPI,核心模块交付及时率≥95%,30,70.4
651,2026H1,KPI,完成关键技术方案设计并通过评审,40,61.9
651,2026H1,KPI,带教1名新成员通过转正,30,81.8
653,2026H1,KPI,完成专业分享≥2次,20,77.7
653,2026H1,KPI,跨部门协作满意度≥4分,30,69.0
653,2026H1,KPI,季度关键任务按期交付,30,84.1
653,2026H1,KPI,关键差错率为0,20,73.6
654,2026H1,KPI,核心模块交付及时率≥95%,10,63.9
654,2026H1,KPI,带教1名新成员通过转正,40,55.0
654,2026H1,OKR,线上故障数同比下降20%,20,67.9
654,2026H1,KPI,完成关键技术方案设计并通过评审,30,67.8
655,2026H1,KPI,完成关键技术方案设计并通过评审,50,50.9
655,2026H1,KPI,带教1名新成员通过转正,30,40.1
655,2026H1,KPI,核心模块交付及时率≥95%,20,50.3
656,2026H1,KPI,核心模块交付及时率≥95%,30,51.1
656,2026H1,OKR,完成关键技术方案设计并通过评审,30,49.1
656,2026H1,KPI,线上故障数同比下降20%,40,57.8
657,2026H1,OKR,带教1名新成员通过转正,50,65.5
657,2026H1,KPI,核心模块交付及时率≥95%,20,52.9
657,2026H1,KPI,完成关键技术方案设计并通过评审,30,86.9
658,2026H1,KPI,回款及时率≥95%,50,30.2
658,2026H1,KPI,老客户续约率≥85%,50,33.3
660,2026H1,KPI,回款及时率≥95%,40,46.2
660,2026H1,OKR,季度销售目标达成率≥90%,30,65.5
660,2026H1,KPI,新客户开发≥5家,20,21.6
660,2026H1,KPI,老客户续约率≥85%,10,44.6
661,2026H1,KPI,输出流程优化提案≥1项,30,71.3
661,2026H1,KPI,季度关键任务按期交付,70,79.1
662,2026H1,OKR,输出流程优化提案≥1项,70,67.4
662,2026H1,OKR,关键差错率为0,30,60.6
663,2026H1,KPI,核心模块交付及时率≥95%,30,72.8
663,2026H1,OKR,带教1名新成员通过转正,20,59.0
663,2026H1,KPI,线上故障数同比下降20%,40,56.4
663,2026H1,KPI,完成关键技术方案设计并通过评审,10,57.6
664,2026H1,KPI,核心模块交付及时率≥95%,20,44.7
664,2026H1,OKR,线上故障数同比下降20%,10,36.8
664,2026H1,KPI,带教1名新成员通过转正,40,53.0
664,2026H1,KPI,完成关键技术方案设计并通过评审,30,44.5
665,2026H1,OKR,核心模块交付及时率≥95%,30,50.4
665,2026H1,KPI,带教1名新成员通过转正,50,51.7
665,2026H1,OKR,线上故障数同比下降20%,20,50.1
666,2026H1,KPI,季度关键任务按期交付,40,85.1
666,2026H1,OKR,关键差错率为0,20,60.5
666,2026H1,KPI,输出流程优化提案≥1项,30,64.3
666,2026H1,KPI,完成专业分享≥2次,10,71.7
667,2026H1,OKR,跨部门协作满意度≥4分,30,61.5
667,2026H1,OKR,关键差错率为0,30,53.6
667,2026H1,OKR,季度关键任务按期交付,40,54.8
668,2026H1,KPI,完成专业分享≥2次,40,63.7
668,2026H1,KPI,输出流程优化提案≥1项,60,68.4
669,2026H1,KPI,季度关键任务按期交付,40,69.4
669,2026H1,OKR,完成专业分享≥2次,30,93.4
669,2026H1,OKR,跨部门协作满意度≥4分,30,94.5
670,2026H1,KPI,线上故障数同比下降20%,50,72.4
670,2026H1,KPI,完成关键技术方案设计并通过评审,50,49.0
671,2026H1,OKR,带教1名新成员通过转正,40,49.4
671,2026H1,KPI,线上故障数同比下降20%,10,43.4
671,2026H1,KPI,核心模块交付及时率≥95%,20,57.1
671,2026H1,KPI,完成关键技术方案设计并通过评审,30,47.1
672,2026H1,KPI,带教1名新成员通过转正,30,81.0
672,2026H1,KPI,线上故障数同比下降20%,50,70.5
672,2026H1,KPI,核心模块交付及时率≥95%,20,95.1
673,2026H1,KPI,线上故障数同比下降20%,20,68.0
673,2026H1,KPI,带教1名新成员通过转正,20,55.2
673,2026H1,KPI,完成关键技术方案设计并通过评审,60,30.5
674,2026H1,KPI,完成关键技术方案设计并通过评审,10,72.9
674,2026H1,KPI,带教1名新成员通过转正,30,65.0
674,2026H1,KPI,核心模块交付及时率≥95%,30,78.1
674,2026H1,KPI,线上故障数同比下降20%,30,61.5
675,2026H1,KPI,带教1名新成员通过转正,40,47.2
675,2026H1,OKR,核心模块交付及时率≥95%,60,63.2
677,2026H1,KPI,完成专业分享≥2次,60,83.5
677,2026H1,KPI,输出流程优化提案≥1项,40,77.1
679,2026H1,OKR,新客户开发≥5家,30,35.4
679,2026H1,KPI,老客户续约率≥85%,70,81.3
680,2026H1,OKR,跨部门协作满意度≥4分,40,55.4
680,2026H1,OKR,完成专业分享≥2次,30,67.6
680,2026H1,OKR,输出流程优化提案≥1项,20,49.6
680,2026H1,OKR,季度关键任务按期交付,10,73.0
681,2026H1,KPI,回款及时率≥95%,20,57.9
681,2026H1,KPI,新客户开发≥5家,60,45.6
681,2026H1,KPI,老客户续约率≥85%,10,35.1
681,2026H1,KPI,季度销售目标达成率≥90%,10,27.7
682,2026H1,KPI,新客户开发≥5家,50,86.8
682,2026H1,KPI,季度销售目标达成率≥90%,50,88.3
683,2026H1,OKR,输出流程优化提案≥1项,20,55.9
683,2026H1,OKR,关键差错率为0,50,74.8
683,2026H1,KPI,完成专业分享≥2次,30,45.0
684,2026H1,KPI,季度关键任务按期交付,30,57.9
684,2026H1,KPI,完成专业分享≥2次,10,51.1
684,2026H1,KPI,关键差错率为0,40,74.6
684,2026H1,KPI,跨部门协作满意度≥4分,20,61.7
685,2026H1,KPI,季度关键任务按期交付,20,77.6
685,2026H1,KPI,完成专业分享≥2次,50,85.9
685,2026H1,OKR,跨部门协作满意度≥4分,20,75.5
685,2026H1,KPI,关键差错率为0,10,56.9
686,2026H1,OKR,输出流程优化提案≥1项,40,74.9
686,2026H1,KPI,季度关键任务按期交付,30,55.6
686,2026H1,KPI,跨部门协作满意度≥4分,30,65.3
687,2026H1,KPI,关键差错率为0,20,52.4
687,2026H1,KPI,输出流程优化提案≥1项,40,55.6
687,2026H1,KPI,季度关键任务按期交付,20,54.3
687,2026H1,KPI,跨部门协作满意度≥4分,20,56.6
688,2026H1,OKR,带教1名新成员通过转正,70,51.7
688,2026H1,KPI,线上故障数同比下降20%,30,40.7
689,2026H1,KPI,完成专业分享≥2次,60,75.5
689,2026H1,KPI,跨部门协作满意度≥4分,40,74.4
690,2026H1,KPI,跨部门协作满意度≥4分,30,85.5
690,2026H1,KPI,季度关键任务按期交付,30,56.9
690,2026H1,OKR,关键差错率为0,40,75.8
691,2026H1,KPI,跨部门协作满意度≥4分,50,62.4
691,2026H1,KPI,季度关键任务按期交付,20,41.0
691,2026H1,OKR,关键差错率为0,30,36.9
692,2026H1,OKR,跨部门协作满意度≥4分,40,54.3
692,2026H1,KPI,完成专业分享≥2次,60,74.8
693,2026H1,OKR,关键差错率为0,50,71.8
693,2026H1,KPI,跨部门协作满意度≥4分,50,59.3
694,2026H1,OKR,季度销售目标达成率≥90%,70,62.0
694,2026H1,KPI,新客户开发≥5家,30,61.7
695,2026H1,KPI,季度销售目标达成率≥90%,20,68.8
695,2026H1,KPI,新客户开发≥5家,40,87.1
695,2026H1,OKR,回款及时率≥95%,30,72.9
695,2026H1,OKR,老客户续约率≥85%,10,63.8
696,2026H1,KPI,回款及时率≥95%,50,91.4
696,2026H1,KPI,新客户开发≥5家,50,70.9
697,2026H1,KPI,完成关键技术方案设计并通过评审,10,69.0
697,2026H1,OKR,带教1名新成员通过转正,30,64.1
697,2026H1,KPI,线上故障数同比下降20%,30,75.1
697,2026H1,OKR,核心模块交付及时率≥95%,30,69.4
698,2026H1,OKR,带教1名新成员通过转正,60,48.7
698,2026H1,KPI,核心模块交付及时率≥95%,40,59.9
699,2026H1,OKR,核心模块交付及时率≥95%,30,89.0
699,2026H1,OKR,完成关键技术方案设计并通过评审,30,90.6
699,2026H1,OKR,线上故障数同比下降20%,10,59.7
699,2026H1,OKR,带教1名新成员通过转正,30,73.4
700,2026H1,KPI,线上故障数同比下降20%,20,86.3
700,2026H1,KPI,完成关键技术方案设计并通过评审,30,100
700,2026H1,KPI,带教1名新成员通过转正,30,80.2
700,2026H1,KPI,核心模块交付及时率≥95%,20,100
701,2026H1,OKR,带教1名新成员通过转正,60,75.2
701,2026H1,OKR,完成关键技术方案设计并通过评审,40,100
702,2026H1,KPI,季度关键任务按期交付,30,69.3
702,2026H1,KPI,跨部门协作满意度≥4分,30,73.5
702,2026H1,KPI,输出流程优化提案≥1项,20,79.0
702,2026H1,KPI,完成专业分享≥2次,20,84.0
703,2026H1,KPI,输出流程优化提案≥1项,50,72.6
703,2026H1,KPI,季度关键任务按期交付,50,78.8
704,2026H1,KPI,跨部门协作满意度≥4分,20,69.5
704,2026H1,KPI,关键差错率为0,80,68.7
705,2026H1,KPI,跨部门协作满意度≥4分,10,89.6
705,2026H1,KPI,输出流程优化提案≥1项,50,87.2
705,2026H1,KPI,关键差错率为0,20,86.0
705,2026H1,KPI,季度关键任务按期交付,20,76.3
706,2026H1,OKR,季度关键任务按期交付,20,58.8
706,2026H1,KPI,完成专业分享≥2次,40,44.0
706,2026H1,KPI,跨部门协作满意度≥4分,40,57.9
707,2026H1,KPI,关键差错率为0,70,45.4
707,2026H1,KPI,季度关键任务按期交付,30,79.3
708,2026H1,KPI,关键差错率为0,30,76.0
708,2026H1,OKR,输出流程优化提案≥1项,30,82.6
708,2026H1,KPI,完成专业分享≥2次,30,73.5
708,2026H1,OKR,跨部门协作满意度≥4分,10,87.2
709,2026H1,KPI,季度关键任务按期交付,50,47.3
709,2026H1,OKR,关键差错率为0,50,41.3
710,2026H1,OKR,季度关键任务按期交付,30,84.5
710,2026H1,KPI,输出流程优化提案≥1项,70,60.4
711,2026H1,KPI,完成关键技术方案设计并通过评审,40,70.4
711,2026H1,KPI,核心模块交付及时率≥95%,60,95.3
712,2026H1,KPI,带教1名新成员通过转正,40,65.3
712,2026H1,OKR,线上故障数同比下降20%,50,34.6
712,2026H1,KPI,完成关键技术方案设计并通过评审,10,69.4
713,2026H1,OKR,完成专业分享≥2次,30,87.8
713,2026H1,KPI,跨部门协作满意度≥4分,50,80.1
713,2026H1,OKR,输出流程优化提案≥1项,20,80.2
714,2026H1,KPI,完成专业分享≥2次,40,73.2
714,2026H1,KPI,季度关键任务按期交付,60,72.9
715,2026H1,KPI,关键差错率为0,30,80.5
715,2026H1,KPI,季度关键任务按期交付,30,86.1
715,2026H1,OKR,输出流程优化提案≥1项,20,94.0
715,2026H1,KPI,完成专业分享≥2次,20,87.1
716,2026H1,KPI,完成关键技术方案设计并通过评审,40,52.3
716,2026H1,KPI,核心模块交付及时率≥95%,30,60.4
716,2026H1,OKR,线上故障数同比下降20%,30,66.0
717,2026H1,KPI,带教1名新成员通过转正,40,86.1
717,2026H1,OKR,线上故障数同比下降20%,30,73.4
717,2026H1,KPI,完成关键技术方案设计并通过评审,20,86.5
717,2026H1,OKR,核心模块交付及时率≥95%,10,78.4
718,2026H1,KPI,线上故障数同比下降20%,50,68.2
718,2026H1,OKR,完成关键技术方案设计并通过评审,50,65.5
719,2026H1,OKR,核心模块交付及时率≥95%,60,39.8
719,2026H1,KPI,带教1名新成员通过转正,40,43.6
720,2026H1,OKR,核心模块交付及时率≥95%,20,65.2
720,2026H1,KPI,完成关键技术方案设计并通过评审,30,57.4
720,2026H1,OKR,线上故障数同比下降20%,30,75.9
720,2026H1,KPI,带教1名新成员通过转正,20,83.5
721,2026H1,KPI,季度关键任务按期交付,30,50.9
721,2026H1,OKR,跨部门协作满意度≥4分,40,57.6
721,2026H1,KPI,关键差错率为0,30,62.5
722,2026H1,KPI,完成关键技术方案设计并通过评审,20,79.5
722,2026H1,KPI,带教1名新成员通过转正,30,87.1
722,2026H1,KPI,线上故障数同比下降20%,10,90.9
722,2026H1,KPI,核心模块交付及时率≥95%,40,90.1
723,2026H1,KPI,完成关键技术方案设计并通过评审,10,62.3
723,2026H1,KPI,带教1名新成员通过转正,30,52.9
723,2026H1,KPI,线上故障数同比下降20%,60,62.5
724,2026H1,OKR,核心模块交付及时率≥95%,50,57.7
724,2026H1,KPI,线上故障数同比下降20%,50,58.8
725,2026H1,OKR,线上故障数同比下降20%,40,75.4
725,2026H1,KPI,核心模块交付及时率≥95%,60,51.2
726,2026H1,KPI,跨部门协作满意度≥4分,50,64.0
726,2026H1,KPI,季度关键任务按期交付,50,44.3
727,2026H1,OKR,完成专业分享≥2次,30,35.4
727,2026H1,KPI,关键差错率为0,70,59.6
728,2026H1,KPI,完成专业分享≥2次,70,60.8
728,2026H1,KPI,关键差错率为0,30,52.1
729,2026H1,KPI,季度关键任务按期交付,30,72.5
729,2026H1,KPI,跨部门协作满意度≥4分,50,70.6
729,2026H1,KPI,输出流程优化提案≥1项,20,70.5
730,2026H1,OKR,老客户续约率≥85%,20,50.7
730,2026H1,KPI,回款及时率≥95%,30,59.5
730,2026H1,KPI,季度销售目标达成率≥90%,30,38.5
730,2026H1,KPI,新客户开发≥5家,20,42.1
731,2026H1,OKR,回款及时率≥95%,40,57.1
731,2026H1,OKR,季度销售目标达成率≥90%,60,59.1
732,2026H1,OKR,季度销售目标达成率≥90%,30,96.6
732,2026H1,KPI,老客户续约率≥85%,40,70.5
732,2026H1,OKR,回款及时率≥95%,30,62.0
733,2026H1,KPI,输出流程优化提案≥1项,10,72.7
733,2026H1,KPI,关键差错率为0,30,80.1
733,2026H1,KPI,跨部门协作满意度≥4分,60,44.4
734,2026H1,KPI,完成专业分享≥2次,20,84.8
734,2026H1,KPI,关键差错率为0,50,92.7
734,2026H1,KPI,季度关键任务按期交付,30,79.6
735,2026H1,KPI,跨部门协作满意度≥4分,50,79.8
735,2026H1,KPI,完成专业分享≥2次,20,71.0
735,2026H1,OKR,关键差错率为0,10,85.4
735,2026H1,KPI,季度关键任务按期交付,20,53.1
736,2026H1,OKR,完成专业分享≥2次,60,61.7
736,2026H1,KPI,输出流程优化提案≥1项,30,83.9
736,2026H1,KPI,季度关键任务按期交付,10,69.3
738,2026H1,KPI,关键差错率为0,70,57.6
738,2026H1,KPI,季度关键任务按期交付,30,49.0
739,2026H1,KPI,关键差错率为0,30,68.9
739,2026H1,OKR,输出流程优化提案≥1项,20,79.5
739,2026H1,OKR,季度关键任务按期交付,20,62.9
739,2026H1,KPI,跨部门协作满意度≥4分,30,65.1
740,2026H1,KPI,季度关键任务按期交付,60,71.5
740,2026H1,OKR,完成专业分享≥2次,40,49.0
741,2026H1,OKR,线上故障数同比下降20%,40,91.8
741,2026H1,KPI,带教1名新成员通过转正,60,93.9
742,2026H1,KPI,带教1名新成员通过转正,10,83.8
742,2026H1,KPI,完成关键技术方案设计并通过评审,20,88.7
742,2026H1,KPI,线上故障数同比下降20%,40,59.3
742,2026H1,KPI,核心模块交付及时率≥95%,30,57.2
743,2026H1,KPI,带教1名新成员通过转正,10,63.7
743,2026H1,KPI,完成关键技术方案设计并通过评审,50,64.9
743,2026H1,KPI,线上故障数同比下降20%,40,34.3
744,2026H1,KPI,回款及时率≥95%,50,77.7
744,2026H1,OKR,新客户开发≥5家,20,72.7
744,2026H1,KPI,季度销售目标达成率≥90%,20,64.3
744,2026H1,KPI,老客户续约率≥85%,10,79.0
745,2026H1,KPI,老客户续约率≥85%,60,86.8
745,2026H1,KPI,回款及时率≥95%,40,78.3
746,2026H1,OKR,季度销售目标达成率≥90%,30,78.6
746,2026H1,OKR,老客户续约率≥85%,70,73.1
750,2026H1,KPI,跨部门协作满意度≥4分,50,92.0
750,2026H1,KPI,关键差错率为0,50,68.7
