emp_id,balance_type,as_of_quarter,entitled,used,remaining,expired
1,年假,2025Q1,11.0,0,11,0.0
1,调休,2025Q1,1.2,0,1.2,0.0
1,年假,2025Q2,11.0,0,11,0.0
1,调休,2025Q2,1.2,0,1.2,0.0
1,年假,2025Q3,11.0,0,11,0.0
1,调休,2025Q3,1.2,0,1.2,0.0
1,年假,2026Q1,11.0,2.0,9.0,9.0
1,调休,2026Q1,1.2,0,1.2,0.0
1,年假,2026Q2,11.0,2.0,9.0,0.0
1,调休,2026Q2,1.2,0,1.2,0.0
1,年假,2026Q3,11.0,2.0,9.0,0.0
1,调休,2026Q3,1.2,0,1.2,0.0
2,年假,2025Q1,10.0,0,10,0.0
2,调休,2025Q1,1.0,0,1.0,0.0
2,年假,2025Q2,10.0,0,10,0.0
2,调休,2025Q2,1.0,0,1.0,0.0
2,年假,2025Q3,10.0,0,10,0.0
2,调休,2025Q3,1.0,0,1.0,0.0
2,年假,2026Q1,10.0,0,10,10
2,调休,2026Q1,1.0,0,1.0,0.0
2,年假,2026Q2,10.0,0,10,0.0
2,调休,2026Q2,1.0,0,1.0,0.0
2,年假,2026Q3,10.0,0,10,0.0
2,调休,2026Q3,1.0,0,1.0,0.0
3,年假,2025Q1,11.0,0,11,0.0
3,调休,2025Q1,1.9,1.0,0.9,0.0
3,年假,2025Q2,11.0,0,11,0.0
3,调休,2025Q2,1.9,1.0,0.9,0.0
3,年假,2025Q3,11.0,1.0,10.0,0.0
3,调休,2025Q3,1.9,1.0,0.9,0.0
3,年假,2026Q1,11.0,0,11,11
3,调休,2026Q1,1.9,0,1.9,0.0
3,年假,2026Q2,11.0,0,11,0.0
3,调休,2026Q2,1.9,0,1.9,0.0
4,年假,2025Q1,10.0,0,10,0.0
4,调休,2025Q1,1.0,0,1.0,0.0
4,年假,2025Q2,10.0,0,10,0.0
4,调休,2025Q2,1.0,0,1.0,0.0
4,年假,2025Q3,10.0,0,10,0.0
4,调休,2025Q3,1.0,0,1.0,0.0
4,年假,2026Q1,10.0,0,10,10
4,调休,2026Q1,1.0,0,1.0,0.0
4,年假,2026Q2,10.0,2.0,8.0,0.0
4,调休,2026Q2,1.0,0,1.0,0.0
4,年假,2026Q3,10.0,3.0,7.0,0.0
4,调休,2026Q3,1.0,0,1.0,0.0
5,年假,2025Q1,11.0,0,11,0.0
5,调休,2025Q1,4.4,0,4.4,0.0
5,年假,2025Q2,11.0,0,11,0.0
5,调休,2025Q2,4.4,0,4.4,0.0
5,年假,2025Q3,11.0,0,11,0.0
5,调休,2025Q3,4.4,0,4.4,0.0
5,年假,2026Q1,11.0,0,11,11
5,调休,2026Q1,4.4,0,4.4,0.0
5,年假,2026Q2,11.0,0,11,0.0
5,调休,2026Q2,4.4,0,4.4,0.0
5,年假,2026Q3,11.0,0,11,0.0
5,调休,2026Q3,4.4,0,4.4,0.0
6,年假,2025Q1,10.0,0,10,0.0
6,调休,2025Q1,0.0,0,0.0,0.0
6,年假,2025Q2,10.0,0,10,0.0
6,调休,2025Q2,0.0,0,0.0,0.0
6,年假,2025Q3,10.0,0,10,0.0
6,调休,2025Q3,0.0,0,0.0,0.0
6,年假,2026Q1,10.0,0,10,10
6,调休,2026Q1,0.0,0,0.0,0.0
6,年假,2026Q2,10.0,0,10,0.0
6,调休,2026Q2,0.0,0,0.0,0.0
6,年假,2026Q3,10.0,0,10,0.0
6,调休,2026Q3,0.0,0,0.0,0.0
7,年假,2025Q1,10.0,0,10,0.0
7,调休,2025Q1,0.0,0,0.0,0.0
7,年假,2025Q2,10.0,0,10,0.0
7,调休,2025Q2,0.0,0,0.0,0.0
7,年假,2025Q3,10.0,0,10,0.0
7,调休,2025Q3,0.0,0,0.0,0.0
7,年假,2026Q1,10.0,0,10,10
7,调休,2026Q1,0.0,0,0.0,0.0
7,年假,2026Q2,10.0,0,10,0.0
7,调休,2026Q2,0.0,0,0.0,0.0
7,年假,2026Q3,10.0,0,10,0.0
7,调休,2026Q3,0.0,0,0.0,0.0
9,年假,2025Q1,11.0,0,11,0.0
9,调休,2025Q1,0.5,0,0.5,0.0
9,年假,2025Q2,11.0,0,11,0.0
9,调休,2025Q2,0.5,0,0.5,0.0
9,年假,2025Q3,11.0,0,11,0.0
9,调休,2025Q3,0.5,0.5,0.0,0.0
9,年假,2026Q1,11.0,0,11,11
9,调休,2026Q1,0.5,0,0.5,0.0
9,年假,2026Q2,11.0,0,11,0.0
9,调休,2026Q2,0.5,0,0.5,0.0
9,年假,2026Q3,11.0,0,11,0.0
9,调休,2026Q3,0.5,0,0.5,0.0
10,年假,2025Q1,10.0,1.0,9.0,0.0
10,调休,2025Q1,0.0,0,0.0,0.0
10,年假,2025Q2,10.0,1.0,9.0,0.0
10,调休,2025Q2,0.0,0,0.0,0.0
10,年假,2025Q3,10.0,1.0,9.0,0.0
10,调休,2025Q3,0.0,0,0.0,0.0
10,年假,2026Q1,10.0,0,10,10
10,调休,2026Q1,0.0,2.0,0.0,0.0
10,年假,2026Q2,10.0,0,10,0.0
10,调休,2026Q2,0.0,2.0,0.0,0.0
10,年假,2026Q3,10.0,2.0,8.0,0.0
10,调休,2026Q3,0.0,2.0,0.0,0.0
11,年假,2025Q1,9.0,0.5,8.5,0.0
11,调休,2025Q1,2.6,0,2.6,0.0
11,年假,2025Q2,9.0,2.5,6.5,0.0
11,调休,2025Q2,2.6,0,2.6,0.0
11,年假,2025Q3,9.0,2.5,6.5,0.0
11,调休,2025Q3,2.6,0,2.6,0.0
11,年假,2026Q1,9.0,0,9,9
11,调休,2026Q1,2.6,0,2.6,0.0
11,年假,2026Q2,9.0,0,9,0.0
11,调休,2026Q2,2.6,0,2.6,0.0
11,年假,2026Q3,9.0,1.0,8.0,0.0
11,调休,2026Q3,2.6,0,2.6,0.0
12,年假,2025Q1,10.0,0,10,0.0
12,调休,2025Q1,1.6,0,1.6,0.0
12,年假,2025Q2,10.0,0,10,0.0
12,调休,2025Q2,1.6,0,1.6,0.0
12,年假,2025Q3,10.0,0,10,0.0
12,调休,2025Q3,1.6,0,1.6,0.0
12,年假,2026Q1,10.0,0,10,10
12,调休,2026Q1,1.6,0,1.6,0.0
12,年假,2026Q2,10.0,0,10,0.0
12,调休,2026Q2,1.6,0,1.6,0.0
12,年假,2026Q3,10.0,0,10,0.0
12,调休,2026Q3,1.6,0,1.6,0.0
15,年假,2025Q1,10.0,0,10,0.0
15,调休,2025Q1,2.2,0,2.2,0.0
15,年假,2025Q2,10.0,0,10,0.0
15,调休,2025Q2,2.2,0,2.2,0.0
15,年假,2025Q3,10.0,0,10,0.0
15,调休,2025Q3,2.2,0,2.2,0.0
15,年假,2026Q1,10.0,0,10,10
15,调休,2026Q1,2.2,0,2.2,0.0
15,年假,2026Q2,10.0,0,10,0.0
15,调休,2026Q2,2.2,0,2.2,0.0
15,年假,2026Q3,10.0,0,10,0.0
15,调休,2026Q3,2.2,0,2.2,0.0
16,年假,2025Q1,9.0,0,9,0.0
16,调休,2025Q1,2.6,0,2.6,0.0
16,年假,2025Q2,9.0,0,9,0.0
16,调休,2025Q2,2.6,0,2.6,0.0
16,年假,2025Q3,9.0,0,9,0.0
16,调休,2025Q3,2.6,0,2.6,0.0
16,年假,2026Q1,9.0,0,9,9
16,调休,2026Q1,2.6,0,2.6,0.0
16,年假,2026Q2,9.0,0,9,0.0
16,调休,2026Q2,2.6,0,2.6,0.0
16,年假,2026Q3,9.0,0,9,0.0
16,调休,2026Q3,2.6,0,2.6,0.0
17,年假,2025Q1,8.0,0,8,0.0
17,调休,2025Q1,1.5,0,1.5,0.0
17,年假,2025Q2,8.0,0,8,0.0
17,调休,2025Q2,1.5,0,1.5,0.0
17,年假,2025Q3,8.0,0,8,0.0
17,调休,2025Q3,1.5,0,1.5,0.0
17,年假,2026Q1,8.0,0,8,8
17,调休,2026Q1,1.5,0,1.5,0.0
17,年假,2026Q2,8.0,0,8,0.0
17,调休,2026Q2,1.5,0,1.5,0.0
17,年假,2026Q3,8.0,0,8,0.0
17,调休,2026Q3,1.5,0,1.5,0.0
19,年假,2025Q1,10.0,0,10,0.0
19,调休,2025Q1,0.8,0,0.8,0.0
19,年假,2025Q2,10.0,0,10,0.0
19,调休,2025Q2,0.8,0,0.8,0.0
19,年假,2025Q3,10.0,0,10,0.0
19,调休,2025Q3,0.8,0,0.8,0.0
19,年假,2026Q1,10.0,0,10,10
19,调休,2026Q1,0.8,0,0.8,0.0
19,年假,2026Q2,10.0,0,10,0.0
19,调休,2026Q2,0.8,0,0.8,0.0
19,年假,2026Q3,10.0,0,10,0.0
19,调休,2026Q3,0.8,0,0.8,0.0
21,年假,2025Q1,9.0,0,9,0.0
21,调休,2025Q1,1.8,0,1.8,0.0
21,年假,2025Q2,9.0,0,9,0.0
21,调休,2025Q2,1.8,0,1.8,0.0
21,年假,2025Q3,9.0,0,9,0.0
21,调休,2025Q3,1.8,0,1.8,0.0
21,年假,2026Q1,9.0,0,9,9
21,调休,2026Q1,1.8,0,1.8,0.0
21,年假,2026Q2,9.0,0,9,0.0
21,调休,2026Q2,1.8,0,1.8,0.0
21,年假,2026Q3,9.0,0,9,0.0
21,调休,2026Q3,1.8,0,1.8,0.0
23,年假,2025Q1,8.0,0,8,0.0
23,调休,2025Q1,2.2,0,2.2,0.0
23,年假,2025Q2,8.0,0,8,0.0
23,调休,2025Q2,2.2,0,2.2,0.0
23,年假,2025Q3,8.0,0,8,0.0
23,调休,2025Q3,2.2,0,2.2,0.0
23,年假,2026Q1,8.0,0,8,8
23,调休,2026Q1,2.2,0,2.2,0.0
23,年假,2026Q2,8.0,0,8,0.0
23,调休,2026Q2,2.2,0,2.2,0.0
23,年假,2026Q3,8.0,0,8,0.0
23,调休,2026Q3,2.2,0,2.2,0.0
24,年假,2025Q1,10.0,0,10,0.0
24,调休,2025Q1,1.0,0,1.0,0.0
24,年假,2025Q2,10.0,0,10,0.0
24,调休,2025Q2,1.0,0,1.0,0.0
24,年假,2025Q3,10.0,0,10,0.0
24,调休,2025Q3,1.0,0,1.0,0.0
27,年假,2025Q1,9.0,3.0,6.0,0.0
27,调休,2025Q1,1.0,0,1.0,0.0
27,年假,2025Q2,9.0,3.0,6.0,0.0
27,调休,2025Q2,1.0,0,1.0,0.0
27,年假,2025Q3,9.0,3.0,6.0,0.0
27,调休,2025Q3,1.0,0,1.0,0.0
27,年假,2026Q1,9.0,0,9,9
27,调休,2026Q1,1.0,0,1.0,0.0
27,年假,2026Q2,9.0,0,9,0.0
27,调休,2026Q2,1.0,0,1.0,0.0
27,年假,2026Q3,9.0,0,9,0.0
27,调休,2026Q3,1.0,0,1.0,0.0
28,年假,2025Q1,8.0,2.0,6.0,0.0
28,调休,2025Q1,2.8,0,2.8,0.0
28,年假,2025Q2,8.0,2.0,6.0,0.0
28,调休,2025Q2,2.8,0.5,2.2,0.0
28,年假,2025Q3,8.0,2.0,6.0,0.0
28,调休,2025Q3,2.8,0.5,2.2,0.0
28,年假,2026Q1,8.0,5.0,3.0,3.0
28,调休,2026Q1,2.8,0,2.8,0.0
28,年假,2026Q2,8.0,8.0,0.0,0.0
28,调休,2026Q2,2.8,0,2.8,0.0
28,年假,2026Q3,8.0,10.0,0.0,0.0
28,调休,2026Q3,2.8,0,2.8,0.0
29,年假,2025Q1,10.0,0,10,0.0
29,调休,2025Q1,2.1,0,2.1,0.0
29,年假,2025Q2,10.0,0,10,0.0
29,调休,2025Q2,2.1,0,2.1,0.0
29,年假,2025Q3,10.0,0,10,0.0
29,调休,2025Q3,2.1,0,2.1,0.0
31,年假,2025Q1,10.0,0,10,0.0
31,调休,2025Q1,0.0,0,0.0,0.0
31,年假,2025Q2,10.0,2.0,8.0,0.0
31,调休,2025Q2,0.0,0,0.0,0.0
31,年假,2025Q3,10.0,2.0,8.0,0.0
31,调休,2025Q3,0.0,0,0.0,0.0
31,年假,2026Q1,10.0,0,10,10
31,调休,2026Q1,0.0,0,0.0,0.0
31,年假,2026Q2,10.0,0,10,0.0
31,调休,2026Q2,0.0,2.0,0.0,0.0
31,年假,2026Q3,10.0,0,10,0.0
31,调休,2026Q3,0.0,2.0,0.0,0.0
34,年假,2025Q1,9.0,0,9,0.0
34,调休,2025Q1,0.0,0,0.0,0.0
35,年假,2025Q1,9.0,0,9,0.0
35,调休,2025Q1,0.0,0,0.0,0.0
35,年假,2025Q2,9.0,0,9,0.0
35,调休,2025Q2,0.0,0,0.0,0.0
35,年假,2025Q3,9.0,2.0,7.0,0.0
35,调休,2025Q3,0.0,0,0.0,0.0
35,年假,2026Q1,9.0,0,9,9
35,调休,2026Q1,0.0,0,0.0,0.0
35,年假,2026Q2,9.0,0,9,0.0
35,调休,2026Q2,0.0,0,0.0,0.0
35,年假,2026Q3,9.0,0,9,0.0
35,调休,2026Q3,0.0,0,0.0,0.0
36,年假,2025Q1,10.0,0,10,0.0
36,调休,2025Q1,2.2,0,2.2,0.0
36,年假,2025Q2,10.0,0,10,0.0
36,调休,2025Q2,2.2,0,2.2,0.0
36,年假,2025Q3,10.0,0,10,0.0
36,调休,2025Q3,2.2,0,2.2,0.0
36,年假,2026Q1,10.0,0,10,10
36,调休,2026Q1,2.2,0,2.2,0.0
36,年假,2026Q2,10.0,0,10,0.0
36,调休,2026Q2,2.2,0,2.2,0.0
36,年假,2026Q3,10.0,0,10,0.0
36,调休,2026Q3,2.2,0,2.2,0.0
38,年假,2025Q1,9.0,0,9,0.0
38,调休,2025Q1,2.8,1.0,1.8,0.0
38,年假,2025Q2,9.0,0,9,0.0
38,调休,2025Q2,2.8,1.0,1.8,0.0
38,年假,2025Q3,9.0,0,9,0.0
38,调休,2025Q3,2.8,1.0,1.8,0.0
38,年假,2026Q1,9.0,0,9,9
38,调休,2026Q1,2.8,0,2.8,0.0
38,年假,2026Q2,9.0,0,9,0.0
38,调休,2026Q2,2.8,0,2.8,0.0
38,年假,2026Q3,9.0,0,9,0.0
38,调休,2026Q3,2.8,0,2.8,0.0
40,年假,2025Q1,10.0,0,10,0.0
40,调休,2025Q1,0.0,0,0.0,0.0
40,年假,2025Q2,10.0,0,10,0.0
40,调休,2025Q2,0.0,0,0.0,0.0
40,年假,2025Q3,10.0,0,10,0.0
40,调休,2025Q3,0.0,0,0.0,0.0
40,年假,2026Q1,10.0,0,10,10
40,调休,2026Q1,0.0,0,0.0,0.0
41,年假,2025Q1,10.0,0,10,0.0
41,调休,2025Q1,1.4,0,1.4,0.0
41,年假,2025Q2,10.0,0,10,0.0
41,调休,2025Q2,1.4,0,1.4,0.0
41,年假,2025Q3,10.0,1.0,9.0,0.0
41,调休,2025Q3,1.4,0,1.4,0.0
41,年假,2026Q1,10.0,0,10,10
41,调休,2026Q1,1.4,0,1.4,0.0
41,年假,2026Q2,10.0,1.0,9.0,0.0
41,调休,2026Q2,1.4,0,1.4,0.0
41,年假,2026Q3,10.0,1.0,9.0,0.0
41,调休,2026Q3,1.4,0,1.4,0.0
42,年假,2025Q1,10.0,1.0,9.0,0.0
42,调休,2025Q1,1.9,0.5,1.4,0.0
42,年假,2025Q2,10.0,1.0,9.0,0.0
42,调休,2025Q2,1.9,0.5,1.4,0.0
42,年假,2025Q3,10.0,1.0,9.0,0.0
42,调休,2025Q3,1.9,0.5,1.4,0.0
42,年假,2026Q1,10.0,0,10,10
42,调休,2026Q1,1.9,0,1.9,0.0
42,年假,2026Q2,10.0,0.5,9.5,0.0
42,调休,2026Q2,1.9,0,1.9,0.0
42,年假,2026Q3,10.0,0.5,9.5,0.0
42,调休,2026Q3,1.9,0,1.9,0.0
44,年假,2025Q1,10.0,1.0,9.0,0.0
44,调休,2025Q1,1.0,0,1.0,0.0
44,年假,2025Q2,10.0,1.0,9.0,0.0
44,调休,2025Q2,1.0,0,1.0,0.0
44,年假,2025Q3,10.0,1.0,9.0,0.0
44,调休,2025Q3,1.0,0,1.0,0.0
44,年假,2026Q1,10.0,0,10,10
44,调休,2026Q1,1.0,0,1.0,0.0
44,年假,2026Q2,10.0,0,10,0.0
44,调休,2026Q2,1.0,0,1.0,0.0
44,年假,2026Q3,10.0,1.0,9.0,0.0
44,调休,2026Q3,1.0,0,1.0,0.0
46,年假,2025Q1,10.0,0,10,0.0
46,调休,2025Q1,0.0,0,0.0,0.0
46,年假,2025Q2,10.0,0,10,0.0
46,调休,2025Q2,0.0,0,0.0,0.0
46,年假,2025Q3,10.0,0,10,0.0
46,调休,2025Q3,0.0,0,0.0,0.0
46,年假,2026Q1,10.0,0,10,10
46,调休,2026Q1,0.0,0,0.0,0.0
46,年假,2026Q2,10.0,0,10,0.0
46,调休,2026Q2,0.0,0,0.0,0.0
47,年假,2025Q1,9.0,0,9,0.0
47,调休,2025Q1,1.9,1.0,0.9,0.0
47,年假,2025Q2,9.0,0,9,0.0
47,调休,2025Q2,1.9,2.0,0.0,0.0
47,年假,2025Q3,9.0,0,9,0.0
47,调休,2025Q3,1.9,2.0,0.0,0.0
47,年假,2026Q1,9.0,0,9,9
47,调休,2026Q1,1.9,0,1.9,0.0
47,年假,2026Q2,9.0,0,9,0.0
47,调休,2026Q2,1.9,0,1.9,0.0
47,年假,2026Q3,9.0,0,9,0.0
47,调休,2026Q3,1.9,0,1.9,0.0
48,年假,2025Q1,9.0,0,9,0.0
48,调休,2025Q1,0.4,0,0.4,0.0
48,年假,2025Q2,9.0,3.0,6.0,0.0
48,调休,2025Q2,0.4,0,0.4,0.0
48,年假,2025Q3,9.0,3.0,6.0,0.0
48,调休,2025Q3,0.4,0,0.4,0.0
49,年假,2025Q1,8.0,0,8,0.0
49,调休,2025Q1,1.2,0,1.2,0.0
49,年假,2025Q2,8.0,0,8,0.0
49,调休,2025Q2,1.2,2.0,0.0,0.0
49,年假,2025Q3,8.0,0,8,0.0
49,调休,2025Q3,1.2,2.0,0.0,0.0
49,年假,2026Q1,8.0,0,8,8
49,调休,2026Q1,1.2,0,1.2,0.0
49,年假,2026Q2,8.0,0,8,0.0
49,调休,2026Q2,1.2,0,1.2,0.0
49,年假,2026Q3,8.0,0,8,0.0
49,调休,2026Q3,1.2,0,1.2,0.0
50,年假,2025Q1,9.0,0,9,0.0
50,调休,2025Q1,1.1,0,1.1,0.0
50,年假,2025Q2,9.0,0.5,8.5,0.0
50,调休,2025Q2,1.1,0,1.1,0.0
50,年假,2025Q3,9.0,0.5,8.5,0.0
50,调休,2025Q3,1.1,0,1.1,0.0
53,年假,2025Q1,11.0,0,11,0.0
53,调休,2025Q1,2.1,0,2.1,0.0
53,年假,2025Q2,11.0,3.0,8.0,0.0
53,调休,2025Q2,2.1,0,2.1,0.0
53,年假,2025Q3,11.0,3.0,8.0,0.0
53,调休,2025Q3,2.1,0,2.1,0.0
53,年假,2026Q1,11.0,0,11,11
53,调休,2026Q1,2.1,0,2.1,0.0
53,年假,2026Q2,11.0,2.0,9.0,0.0
53,调休,2026Q2,2.1,1.0,1.1,0.0
53,年假,2026Q3,11.0,2.0,9.0,0.0
53,调休,2026Q3,2.1,1.0,1.1,0.0
54,年假,2025Q1,10.0,5.0,5.0,0.0
54,调休,2025Q1,1.6,0,1.6,0.0
54,年假,2025Q2,10.0,5.0,5.0,0.0
54,调休,2025Q2,1.6,0,1.6,0.0
54,年假,2025Q3,10.0,10.0,0.0,0.0
54,调休,2025Q3,1.6,0,1.6,0.0
54,年假,2026Q1,10.0,0,10,10
54,调休,2026Q1,1.6,0,1.6,0.0
54,年假,2026Q2,10.0,0,10,0.0
54,调休,2026Q2,1.6,0,1.6,0.0
54,年假,2026Q3,10.0,0,10,0.0
54,调休,2026Q3,1.6,0,1.6,0.0
56,年假,2025Q1,9.0,0,9,0.0
56,调休,2025Q1,1.2,0,1.2,0.0
57,年假,2025Q1,8.0,0,8,0.0
57,调休,2025Q1,2.2,0,2.2,0.0
57,年假,2025Q2,8.0,0,8,0.0
57,调休,2025Q2,2.2,0,2.2,0.0
57,年假,2025Q3,8.0,0,8,0.0
57,调休,2025Q3,2.2,0,2.2,0.0
57,年假,2026Q1,8.0,1.0,7.0,7.0
57,调休,2026Q1,2.2,0,2.2,0.0
57,年假,2026Q2,8.0,1.0,7.0,0.0
57,调休,2026Q2,2.2,0,2.2,0.0
57,年假,2026Q3,8.0,1.0,7.0,0.0
57,调休,2026Q3,2.2,0,2.2,0.0
58,年假,2025Q1,9.0,0,9,0.0
58,调休,2025Q1,1.4,0,1.4,0.0
58,年假,2025Q2,9.0,0,9,0.0
58,调休,2025Q2,1.4,0,1.4,0.0
58,年假,2025Q3,9.0,2.0,7.0,0.0
58,调休,2025Q3,1.4,0,1.4,0.0
58,年假,2026Q1,9.0,0,9,9
58,调休,2026Q1,1.4,0,1.4,0.0
58,年假,2026Q2,9.0,0,9,0.0
58,调休,2026Q2,1.4,0,1.4,0.0
58,年假,2026Q3,9.0,0,9,0.0
58,调休,2026Q3,1.4,0,1.4,0.0
59,年假,2025Q1,9.0,0,9,0.0
59,调休,2025Q1,0.2,0,0.2,0.0
59,年假,2025Q2,9.0,5.0,4.0,0.0
59,调休,2025Q2,0.2,0,0.2,0.0
59,年假,2025Q3,9.0,5.0,4.0,0.0
59,调休,2025Q3,0.2,0,0.2,0.0
59,年假,2026Q1,9.0,0,9,9
59,调休,2026Q1,0.2,0,0.2,0.0
59,年假,2026Q2,9.0,3.0,6.0,0.0
59,调休,2026Q2,0.2,0,0.2,0.0
59,年假,2026Q3,9.0,3.0,6.0,0.0
59,调休,2026Q3,0.2,0,0.2,0.0
63,年假,2025Q1,9.0,0,9,0.0
63,调休,2025Q1,1.0,0,1.0,0.0
63,年假,2025Q2,9.0,0,9,0.0
63,调休,2025Q2,1.0,0,1.0,0.0
63,年假,2025Q3,9.0,0,9,0.0
63,调休,2025Q3,1.0,0,1.0,0.0
63,年假,2026Q1,9.0,0,9,9
63,调休,2026Q1,1.0,0,1.0,0.0
63,年假,2026Q2,9.0,0,9,0.0
63,调休,2026Q2,1.0,0,1.0,0.0
63,年假,2026Q3,9.0,0,9,0.0
63,调休,2026Q3,1.0,0,1.0,0.0
64,年假,2025Q1,10.0,0,10,0.0
64,调休,2025Q1,2.8,2.0,0.8,0.0
64,年假,2025Q2,10.0,0,10,0.0
64,调休,2025Q2,2.8,2.0,0.8,0.0
64,年假,2025Q3,10.0,0,10,0.0
64,调休,2025Q3,2.8,2.0,0.8,0.0
64,年假,2026Q1,10.0,0,10,10
64,调休,2026Q1,2.8,0,2.8,0.0
64,年假,2026Q2,10.0,0,10,0.0
64,调休,2026Q2,2.8,0,2.8,0.0
64,年假,2026Q3,10.0,0,10,0.0
64,调休,2026Q3,2.8,0,2.8,0.0
65,年假,2025Q1,10.0,0,10,0.0
65,调休,2025Q1,0.0,0,0.0,0.0
65,年假,2025Q2,10.0,0,10,0.0
65,调休,2025Q2,0.0,0,0.0,0.0
65,年假,2025Q3,10.0,0,10,0.0
65,调休,2025Q3,0.0,1.0,0.0,0.0
65,年假,2026Q1,10.0,0,10,10
65,调休,2026Q1,0.0,0,0.0,0.0
65,年假,2026Q2,10.0,0,10,0.0
65,调休,2026Q2,0.0,0,0.0,0.0
65,年假,2026Q3,10.0,0,10,0.0
65,调休,2026Q3,0.0,0,0.0,0.0
66,年假,2025Q1,10.0,0,10,0.0
66,调休,2025Q1,0.9,0,0.9,0.0
66,年假,2025Q2,10.0,0,10,0.0
66,调休,2025Q2,0.9,0,0.9,0.0
66,年假,2025Q3,10.0,0,10,0.0
66,调休,2025Q3,0.9,0,0.9,0.0
66,年假,2026Q1,10.0,1.0,9.0,9.0
66,调休,2026Q1,0.9,0,0.9,0.0
66,年假,2026Q2,10.0,1.0,9.0,0.0
66,调休,2026Q2,0.9,0,0.9,0.0
66,年假,2026Q3,10.0,1.0,9.0,0.0
66,调休,2026Q3,0.9,0,0.9,0.0
67,年假,2025Q1,10.0,0.5,9.5,0.0
67,调休,2025Q1,1.8,0,1.8,0.0
67,年假,2025Q2,10.0,0.5,9.5,0.0
67,调休,2025Q2,1.8,0,1.8,0.0
67,年假,2025Q3,10.0,5.5,4.5,0.0
67,调休,2025Q3,1.8,0,1.8,0.0
67,年假,2026Q1,10.0,0,10,10
67,调休,2026Q1,1.8,0,1.8,0.0
67,年假,2026Q2,10.0,0,10,0.0
67,调休,2026Q2,1.8,1.0,0.8,0.0
67,年假,2026Q3,10.0,0,10,0.0
67,调休,2026Q3,1.8,1.0,0.8,0.0
70,年假,2025Q1,10.0,0,10,0.0
70,调休,2025Q1,0.5,0,0.5,0.0
70,年假,2025Q2,10.0,0,10,0.0
70,调休,2025Q2,0.5,0,0.5,0.0
70,年假,2025Q3,10.0,0,10,0.0
70,调休,2025Q3,0.5,0,0.5,0.0
70,年假,2026Q1,10.0,0,10,10
70,调休,2026Q1,0.5,0,0.5,0.0
70,年假,2026Q2,10.0,0,10,0.0
70,调休,2026Q2,0.5,0,0.5,0.0
70,年假,2026Q3,10.0,0,10,0.0
70,调休,2026Q3,0.5,0,0.5,0.0
73,年假,2025Q1,10.0,0,10,0.0
73,调休,2025Q1,1.2,0,1.2,0.0
73,年假,2025Q2,10.0,0,10,0.0
73,调休,2025Q2,1.2,0,1.2,0.0
73,年假,2025Q3,10.0,0.5,9.5,0.0
73,调休,2025Q3,1.2,0,1.2,0.0
73,年假,2026Q1,10.0,0,10,10
73,调休,2026Q1,1.2,0,1.2,0.0
73,年假,2026Q2,10.0,0,10,0.0
73,调休,2026Q2,1.2,0,1.2,0.0
73,年假,2026Q3,10.0,0,10,0.0
73,调休,2026Q3,1.2,0,1.2,0.0
74,年假,2025Q1,10.0,0,10,0.0
74,调休,2025Q1,2.2,2.0,0.2,0.0
74,年假,2025Q2,10.0,1.0,9.0,0.0
74,调休,2025Q2,2.2,2.0,0.2,0.0
74,年假,2025Q3,10.0,1.0,9.0,0.0
74,调休,2025Q3,2.2,2.0,0.2,0.0
74,年假,2026Q1,10.0,0,10,10
74,调休,2026Q1,2.2,0,2.2,0.0
74,年假,2026Q2,10.0,0,10,0.0
74,调休,2026Q2,2.2,0,2.2,0.0
74,年假,2026Q3,10.0,0,10,0.0
74,调休,2026Q3,2.2,0,2.2,0.0
75,年假,2025Q1,10.0,0,10,0.0
75,调休,2025Q1,1.4,0,1.4,0.0
75,年假,2025Q2,10.0,1.0,9.0,0.0
75,调休,2025Q2,1.4,0,1.4,0.0
75,年假,2025Q3,10.0,1.0,9.0,0.0
75,调休,2025Q3,1.4,0,1.4,0.0
75,年假,2026Q1,10.0,0,10,10
75,调休,2026Q1,1.4,0,1.4,0.0
75,年假,2026Q2,10.0,0,10,0.0
75,调休,2026Q2,1.4,0,1.4,0.0
75,年假,2026Q3,10.0,0,10,0.0
75,调休,2026Q3,1.4,0,1.4,0.0
76,年假,2025Q1,9.0,0,9,0.0
76,调休,2025Q1,0.5,0,0.5,0.0
76,年假,2025Q2,9.0,0,9,0.0
76,调休,2025Q2,0.5,0,0.5,0.0
76,年假,2025Q3,9.0,0,9,0.0
76,调休,2025Q3,0.5,0,0.5,0.0
76,年假,2026Q1,9.0,0,9,9
76,调休,2026Q1,0.5,0,0.5,0.0
76,年假,2026Q2,9.0,0,9,0.0
76,调休,2026Q2,0.5,0,0.5,0.0
76,年假,2026Q3,9.0,1.0,8.0,0.0
76,调休,2026Q3,0.5,0,0.5,0.0
79,年假,2025Q1,9.0,0,9,0.0
79,调休,2025Q1,0.0,0,0.0,0.0
79,年假,2025Q2,9.0,0,9,0.0
79,调休,2025Q2,0.0,0,0.0,0.0
79,年假,2025Q3,9.0,0,9,0.0
79,调休,2025Q3,0.0,0,0.0,0.0
79,年假,2026Q1,9.0,0,9,9
79,调休,2026Q1,0.0,0,0.0,0.0
79,年假,2026Q2,9.0,0,9,0.0
79,调休,2026Q2,0.0,0,0.0,0.0
79,年假,2026Q3,9.0,0,9,0.0
79,调休,2026Q3,0.0,0,0.0,0.0
80,年假,2025Q1,11.0,0,11,0.0
80,调休,2025Q1,0.2,0,0.2,0.0
80,年假,2025Q2,11.0,0,11,0.0
80,调休,2025Q2,0.2,0,0.2,0.0
80,年假,2025Q3,11.0,3.0,8.0,0.0
80,调休,2025Q3,0.2,0,0.2,0.0
80,年假,2026Q1,11.0,0,11,11
80,调休,2026Q1,0.2,0,0.2,0.0
80,年假,2026Q2,11.0,0,11,0.0
80,调休,2026Q2,0.2,0,0.2,0.0
80,年假,2026Q3,11.0,0,11,0.0
80,调休,2026Q3,0.2,0,0.2,0.0
82,年假,2025Q1,8.0,0,8,0.0
82,调休,2025Q1,0.0,0,0.0,0.0
85,年假,2025Q1,8.0,0,8,0.0
85,调休,2025Q1,2.4,0,2.4,0.0
85,年假,2025Q2,8.0,0,8,0.0
85,调休,2025Q2,2.4,0,2.4,0.0
85,年假,2025Q3,8.0,0,8,0.0
85,调休,2025Q3,2.4,1.0,1.4,0.0
85,年假,2026Q1,8.0,0,8,8
85,调休,2026Q1,2.4,0,2.4,0.0
85,年假,2026Q2,8.0,0,8,0.0
85,调休,2026Q2,2.4,0,2.4,0.0
85,年假,2026Q3,8.0,0,8,0.0
85,调休,2026Q3,2.4,0,2.4,0.0
86,年假,2025Q1,9.0,0,9,0.0
86,调休,2025Q1,1.4,0,1.4,0.0
86,年假,2025Q2,9.0,0,9,0.0
86,调休,2025Q2,1.4,0,1.4,0.0
86,年假,2025Q3,9.0,0,9,0.0
86,调休,2025Q3,1.4,0,1.4,0.0
86,年假,2026Q1,9.0,0,9,9
86,调休,2026Q1,1.4,0,1.4,0.0
86,年假,2026Q2,9.0,0,9,0.0
86,调休,2026Q2,1.4,0,1.4,0.0
86,年假,2026Q3,9.0,0,9,0.0
86,调休,2026Q3,1.4,0,1.4,0.0
87,年假,2025Q1,10.0,0,10,0.0
87,调休,2025Q1,2.0,0,2.0,0.0
87,年假,2025Q2,10.0,0,10,0.0
87,调休,2025Q2,2.0,0,2.0,0.0
87,年假,2025Q3,10.0,0,10,0.0
87,调休,2025Q3,2.0,0,2.0,0.0
87,年假,2026Q1,10.0,0,10,10
87,调休,2026Q1,2.0,0,2.0,0.0
87,年假,2026Q2,10.0,1.5,8.5,0.0
87,调休,2026Q2,2.0,0,2.0,0.0
87,年假,2026Q3,10.0,1.5,8.5,0.0
87,调休,2026Q3,2.0,0,2.0,0.0
88,年假,2025Q1,8.0,0,8,0.0
88,调休,2025Q1,0.0,0,0.0,0.0
88,年假,2025Q2,8.0,0,8,0.0
88,调休,2025Q2,0.0,0,0.0,0.0
91,年假,2025Q1,9.0,1.0,8.0,0.0
91,调休,2025Q1,3.1,0,3.1,0.0
91,年假,2025Q2,9.0,1.0,8.0,0.0
91,调休,2025Q2,3.1,0,3.1,0.0
91,年假,2025Q3,9.0,2.0,7.0,0.0
91,调休,2025Q3,3.1,0,3.1,0.0
91,年假,2026Q1,9.0,0,9,9
91,调休,2026Q1,3.1,0,3.1,0.0
91,年假,2026Q2,9.0,0,9,0.0
91,调休,2026Q2,3.1,0,3.1,0.0
91,年假,2026Q3,9.0,0,9,0.0
91,调休,2026Q3,3.1,0,3.1,0.0
92,年假,2025Q1,9.0,0,9,0.0
92,调休,2025Q1,3.8,0,3.8,0.0
92,年假,2025Q2,9.0,0,9,0.0
92,调休,2025Q2,3.8,0,3.8,0.0
92,年假,2025Q3,9.0,0,9,0.0
92,调休,2025Q3,3.8,0,3.8,0.0
92,年假,2026Q1,9.0,0,9,9
92,调休,2026Q1,3.8,0,3.8,0.0
92,年假,2026Q2,9.0,2.0,7.0,0.0
92,调休,2026Q2,3.8,0,3.8,0.0
92,年假,2026Q3,9.0,7.0,2.0,0.0
92,调休,2026Q3,3.8,0,3.8,0.0
93,年假,2025Q1,9.0,0,9,0.0
93,调休,2025Q1,1.9,0,1.9,0.0
93,年假,2025Q2,9.0,0,9,0.0
93,调休,2025Q2,1.9,0,1.9,0.0
93,年假,2025Q3,9.0,0,9,0.0
93,调休,2025Q3,1.9,0,1.9,0.0
93,年假,2026Q1,9.0,0,9,9
93,调休,2026Q1,1.9,0,1.9,0.0
93,年假,2026Q2,9.0,0,9,0.0
93,调休,2026Q2,1.9,0,1.9,0.0
93,年假,2026Q3,9.0,0,9,0.0
93,调休,2026Q3,1.9,0,1.9,0.0
97,年假,2025Q1,9.0,0,9,0.0
97,调休,2025Q1,1.9,0,1.9,0.0
97,年假,2025Q2,9.0,0,9,0.0
97,调休,2025Q2,1.9,0,1.9,0.0
97,年假,2025Q3,9.0,0,9,0.0
97,调休,2025Q3,1.9,0,1.9,0.0
97,年假,2026Q1,9.0,0,9,9
97,调休,2026Q1,1.9,0,1.9,0.0
97,年假,2026Q2,9.0,0,9,0.0
97,调休,2026Q2,1.9,0,1.9,0.0
97,年假,2026Q3,9.0,1.0,8.0,0.0
97,调休,2026Q3,1.9,0,1.9,0.0
98,年假,2025Q1,10.0,0,10,0.0
98,调休,2025Q1,3.1,0,3.1,0.0
98,年假,2025Q2,10.0,2.0,8.0,0.0
98,调休,2025Q2,3.1,0,3.1,0.0
98,年假,2025Q3,10.0,2.0,8.0,0.0
98,调休,2025Q3,3.1,0,3.1,0.0
98,年假,2026Q1,10.0,0,10,10
98,调休,2026Q1,3.1,0,3.1,0.0
98,年假,2026Q2,10.0,0,10,0.0
98,调休,2026Q2,3.1,0,3.1,0.0
98,年假,2026Q3,10.0,0,10,0.0
98,调休,2026Q3,3.1,0,3.1,0.0
99,年假,2025Q1,10.0,0,10,0.0
99,调休,2025Q1,0.0,0,0.0,0.0
99,年假,2025Q2,10.0,0,10,0.0
99,调休,2025Q2,0.0,0,0.0,0.0
99,年假,2025Q3,10.0,0,10,0.0
99,调休,2025Q3,0.0,0,0.0,0.0
99,年假,2026Q1,10.0,2.0,8.0,8.0
99,调休,2026Q1,0.0,0,0.0,0.0
99,年假,2026Q2,10.0,2.0,8.0,0.0
99,调休,2026Q2,0.0,0,0.0,0.0
99,年假,2026Q3,10.0,2.0,8.0,0.0
99,调休,2026Q3,0.0,0,0.0,0.0
100,年假,2025Q1,10.0,0,10,0.0
100,调休,2025Q1,0.5,0,0.5,0.0
100,年假,2025Q2,10.0,0,10,0.0
100,调休,2025Q2,0.5,0,0.5,0.0
100,年假,2025Q3,10.0,0,10,0.0
100,调休,2025Q3,0.5,1.0,0.0,0.0
100,年假,2026Q1,10.0,0,10,10
100,调休,2026Q1,0.5,0,0.5,0.0
100,年假,2026Q2,10.0,0,10,0.0
100,调休,2026Q2,0.5,0,0.5,0.0
100,年假,2026Q3,10.0,0,10,0.0
100,调休,2026Q3,0.5,0,0.5,0.0
101,年假,2025Q1,10.0,0,10,0.0
101,调休,2025Q1,2.2,0,2.2,0.0
101,年假,2025Q2,10.0,0,10,0.0
101,调休,2025Q2,2.2,0,2.2,0.0
101,年假,2025Q3,10.0,0,10,0.0
101,调休,2025Q3,2.2,0,2.2,0.0
101,年假,2026Q1,10.0,0,10,10
101,调休,2026Q1,2.2,0,2.2,0.0
101,年假,2026Q2,10.0,0,10,0.0
101,调休,2026Q2,2.2,0,2.2,0.0
101,年假,2026Q3,10.0,0,10,0.0
101,调休,2026Q3,2.2,0,2.2,0.0
102,年假,2025Q1,9.0,0,9,0.0
102,调休,2025Q1,1.8,0,1.8,0.0
102,年假,2025Q2,9.0,0,9,0.0
102,调休,2025Q2,1.8,0,1.8,0.0
102,年假,2025Q3,9.0,0,9,0.0
102,调休,2025Q3,1.8,0,1.8,0.0
102,年假,2026Q1,9.0,0,9,9
102,调休,2026Q1,1.8,0,1.8,0.0
102,年假,2026Q2,9.0,0,9,0.0
102,调休,2026Q2,1.8,0,1.8,0.0
102,年假,2026Q3,9.0,0,9,0.0
102,调休,2026Q3,1.8,0,1.8,0.0
103,年假,2025Q1,9.0,0,9,0.0
103,调休,2025Q1,3.0,0,3.0,0.0
103,年假,2025Q2,9.0,0,9,0.0
103,调休,2025Q2,3.0,0,3.0,0.0
103,年假,2025Q3,9.0,5.0,4.0,0.0
103,调休,2025Q3,3.0,0,3.0,0.0
103,年假,2026Q1,9.0,0,9,9
103,调休,2026Q1,3.0,0,3.0,0.0
103,年假,2026Q2,9.0,0,9,0.0
103,调休,2026Q2,3.0,0,3.0,0.0
103,年假,2026Q3,9.0,0,9,0.0
103,调休,2026Q3,3.0,0,3.0,0.0
104,年假,2025Q1,10.0,0,10,0.0
104,调休,2025Q1,4.8,0,4.8,0.0
104,年假,2025Q2,10.0,0,10,0.0
104,调休,2025Q2,4.8,0,4.8,0.0
104,年假,2025Q3,10.0,0,10,0.0
104,调休,2025Q3,4.8,0,4.8,0.0
104,年假,2026Q1,10.0,0,10,10
104,调休,2026Q1,4.8,0,4.8,0.0
104,年假,2026Q2,10.0,0,10,0.0
104,调休,2026Q2,4.8,0,4.8,0.0
104,年假,2026Q3,10.0,0,10,0.0
104,调休,2026Q3,4.8,0,4.8,0.0
105,年假,2025Q1,8.0,0,8,0.0
105,调休,2025Q1,0.8,0,0.8,0.0
105,年假,2025Q2,8.0,0,8,0.0
105,调休,2025Q2,0.8,0,0.8,0.0
105,年假,2025Q3,8.0,0,8,0.0
105,调休,2025Q3,0.8,0,0.8,0.0
105,年假,2026Q1,8.0,1.0,7.0,7.0
105,调休,2026Q1,0.8,0,0.8,0.0
105,年假,2026Q2,8.0,1.0,7.0,0.0
105,调休,2026Q2,0.8,0,0.8,0.0
105,年假,2026Q3,8.0,1.0,7.0,0.0
105,调休,2026Q3,0.8,0,0.8,0.0
108,年假,2025Q1,9.0,0,9,0.0
108,调休,2025Q1,1.1,0,1.1,0.0
108,年假,2025Q2,9.0,0,9,0.0
108,调休,2025Q2,1.1,1.0,0.1,0.0
108,年假,2025Q3,9.0,2.0,7.0,0.0
108,调休,2025Q3,1.1,1.0,0.1,0.0
108,年假,2026Q1,9.0,0,9,9
108,调休,2026Q1,1.1,1.0,0.1,0.0
108,年假,2026Q2,9.0,0,9,0.0
108,调休,2026Q2,1.1,1.0,0.1,0.0
108,年假,2026Q3,9.0,0,9,0.0
108,调休,2026Q3,1.1,1.0,0.1,0.0
109,年假,2025Q1,8.0,0,8,0.0
109,调休,2025Q1,1.0,0,1.0,0.0
109,年假,2025Q2,8.0,0,8,0.0
109,调休,2025Q2,1.0,0,1.0,0.0
109,年假,2025Q3,8.0,0,8,0.0
109,调休,2025Q3,1.0,0,1.0,0.0
109,年假,2026Q1,8.0,0,8,8
109,调休,2026Q1,1.0,0,1.0,0.0
109,年假,2026Q2,8.0,0,8,0.0
109,调休,2026Q2,1.0,1.0,0.0,0.0
109,年假,2026Q3,8.0,0,8,0.0
109,调休,2026Q3,1.0,1.0,0.0,0.0
110,年假,2025Q1,9.0,0,9,0.0
110,调休,2025Q1,2.4,0,2.4,0.0
110,年假,2025Q2,9.0,0,9,0.0
110,调休,2025Q2,2.4,0,2.4,0.0
110,年假,2025Q3,9.0,0,9,0.0
110,调休,2025Q3,2.4,0,2.4,0.0
110,年假,2026Q1,9.0,3.0,6.0,6.0
110,调休,2026Q1,2.4,0,2.4,0.0
110,年假,2026Q2,9.0,3.0,6.0,0.0
110,调休,2026Q2,2.4,0,2.4,0.0
110,年假,2026Q3,9.0,3.0,6.0,0.0
110,调休,2026Q3,2.4,0,2.4,0.0
111,年假,2025Q1,10.0,0,10,0.0
111,调休,2025Q1,1.2,0,1.2,0.0
111,年假,2025Q2,10.0,5.0,5.0,0.0
111,调休,2025Q2,1.2,0,1.2,0.0
111,年假,2025Q3,10.0,5.5,4.5,0.0
111,调休,2025Q3,1.2,0,1.2,0.0
112,年假,2025Q1,9.0,0,9,0.0
112,调休,2025Q1,0.5,0,0.5,0.0
112,年假,2025Q2,9.0,0,9,0.0
112,调休,2025Q2,0.5,0,0.5,0.0
112,年假,2025Q3,9.0,0,9,0.0
112,调休,2025Q3,0.5,0,0.5,0.0
112,年假,2026Q1,9.0,0,9,9
112,调休,2026Q1,0.5,0,0.5,0.0
112,年假,2026Q2,9.0,0,9,0.0
112,调休,2026Q2,0.5,0,0.5,0.0
112,年假,2026Q3,9.0,0,9,0.0
112,调休,2026Q3,0.5,0,0.5,0.0
113,年假,2025Q1,10.0,0,10,0.0
113,调休,2025Q1,0.8,0,0.8,0.0
113,年假,2025Q2,10.0,0,10,0.0
113,调休,2025Q2,0.8,0,0.8,0.0
113,年假,2025Q3,10.0,1.0,9.0,0.0
113,调休,2025Q3,0.8,0,0.8,0.0
113,年假,2026Q1,10.0,0,10,10
113,调休,2026Q1,0.8,0,0.8,0.0
113,年假,2026Q2,10.0,0.5,9.5,0.0
113,调休,2026Q2,0.8,0,0.8,0.0
113,年假,2026Q3,10.0,0.5,9.5,0.0
113,调休,2026Q3,0.8,0,0.8,0.0
114,年假,2025Q1,9.0,0,9,0.0
114,调休,2025Q1,0.8,0,0.8,0.0
114,年假,2025Q2,9.0,0,9,0.0
114,调休,2025Q2,0.8,0,0.8,0.0
114,年假,2025Q3,9.0,0,9,0.0
114,调休,2025Q3,0.8,0,0.8,0.0
114,年假,2026Q1,9.0,0,9,9
114,调休,2026Q1,0.8,0,0.8,0.0
114,年假,2026Q2,9.0,0,9,0.0
114,调休,2026Q2,0.8,0,0.8,0.0
114,年假,2026Q3,9.0,0,9,0.0
114,调休,2026Q3,0.8,0,0.8,0.0
115,年假,2025Q1,8.0,2.0,6.0,0.0
115,调休,2025Q1,1.0,0,1.0,0.0
117,年假,2025Q1,8.0,0,8,0.0
117,调休,2025Q1,4.2,0,4.2,0.0
117,年假,2025Q2,8.0,0,8,0.0
117,调休,2025Q2,4.2,0,4.2,0.0
117,年假,2025Q3,8.0,0,8,0.0
117,调休,2025Q3,4.2,0,4.2,0.0
117,年假,2026Q1,8.0,0,8,8
117,调休,2026Q1,4.2,0,4.2,0.0
117,年假,2026Q2,8.0,0,8,0.0
117,调休,2026Q2,4.2,0,4.2,0.0
117,年假,2026Q3,8.0,0,8,0.0
117,调休,2026Q3,4.2,0,4.2,0.0
120,年假,2025Q1,10.0,0,10,0.0
120,调休,2025Q1,2.0,0,2.0,0.0
120,年假,2025Q2,10.0,1.0,9.0,0.0
120,调休,2025Q2,2.0,0,2.0,0.0
120,年假,2025Q3,10.0,1.0,9.0,0.0
120,调休,2025Q3,2.0,0,2.0,0.0
120,年假,2026Q1,10.0,0,10,10
120,调休,2026Q1,2.0,0,2.0,0.0
120,年假,2026Q2,10.0,0.5,9.5,0.0
120,调休,2026Q2,2.0,0,2.0,0.0
120,年假,2026Q3,10.0,0.5,9.5,0.0
120,调休,2026Q3,2.0,0,2.0,0.0
121,年假,2025Q1,10.0,0,10,0.0
121,调休,2025Q1,1.9,1.0,0.9,0.0
121,年假,2025Q2,10.0,3.0,7.0,0.0
121,调休,2025Q2,1.9,1.0,0.9,0.0
121,年假,2025Q3,10.0,3.0,7.0,0.0
121,调休,2025Q3,1.9,1.0,0.9,0.0
121,年假,2026Q1,10.0,0,10,10
121,调休,2026Q1,1.9,0,1.9,0.0
121,年假,2026Q2,10.0,0,10,0.0
121,调休,2026Q2,1.9,0,1.9,0.0
121,年假,2026Q3,10.0,0,10,0.0
121,调休,2026Q3,1.9,0,1.9,0.0
122,年假,2025Q1,9.0,0,9,0.0
122,调休,2025Q1,2.2,0,2.2,0.0
122,年假,2025Q2,9.0,2.0,7.0,0.0
122,调休,2025Q2,2.2,0,2.2,0.0
122,年假,2025Q3,9.0,2.0,7.0,0.0
122,调休,2025Q3,2.2,0,2.2,0.0
122,年假,2026Q1,9.0,0,9,9
122,调休,2026Q1,2.2,0,2.2,0.0
122,年假,2026Q2,9.0,0,9,0.0
122,调休,2026Q2,2.2,0,2.2,0.0
122,年假,2026Q3,9.0,0,9,0.0
122,调休,2026Q3,2.2,0,2.2,0.0
123,年假,2025Q1,10.0,0,10,0.0
123,调休,2025Q1,0.4,0,0.4,0.0
123,年假,2025Q2,10.0,0,10,0.0
123,调休,2025Q2,0.4,0,0.4,0.0
123,年假,2025Q3,10.0,0,10,0.0
123,调休,2025Q3,0.4,0,0.4,0.0
123,年假,2026Q1,10.0,0,10,10
123,调休,2026Q1,0.4,0,0.4,0.0
123,年假,2026Q2,10.0,1.0,9.0,0.0
123,调休,2026Q2,0.4,0,0.4,0.0
123,年假,2026Q3,10.0,1.0,9.0,0.0
123,调休,2026Q3,0.4,0,0.4,0.0
124,年假,2025Q1,10.0,0,10,0.0
124,调休,2025Q1,1.0,0,1.0,0.0
124,年假,2025Q2,10.0,0,10,0.0
124,调休,2025Q2,1.0,0,1.0,0.0
124,年假,2025Q3,10.0,0,10,0.0
124,调休,2025Q3,1.0,0,1.0,0.0
124,年假,2026Q1,10.0,0,10,10
124,调休,2026Q1,1.0,0,1.0,0.0
124,年假,2026Q2,10.0,0,10,0.0
124,调休,2026Q2,1.0,0,1.0,0.0
124,年假,2026Q3,10.0,3.0,7.0,0.0
124,调休,2026Q3,1.0,0,1.0,0.0
128,年假,2025Q1,11.0,0,11,0.0
128,调休,2025Q1,1.8,0,1.8,0.0
128,年假,2025Q2,11.0,0,11,0.0
128,调休,2025Q2,1.8,2.0,0.0,0.0
128,年假,2025Q3,11.0,0,11,0.0
128,调休,2025Q3,1.8,2.0,0.0,0.0
128,年假,2026Q1,11.0,0,11,11
128,调休,2026Q1,1.8,0,1.8,0.0
128,年假,2026Q2,11.0,0,11,0.0
128,调休,2026Q2,1.8,1.0,0.8,0.0
128,年假,2026Q3,11.0,0,11,0.0
128,调休,2026Q3,1.8,1.0,0.8,0.0
129,年假,2025Q1,11.0,0,11,0.0
129,调休,2025Q1,1.8,2.0,0.0,0.0
129,年假,2025Q2,11.0,0,11,0.0
129,调休,2025Q2,1.8,2.0,0.0,0.0
129,年假,2025Q3,11.0,0,11,0.0
129,调休,2025Q3,1.8,2.0,0.0,0.0
129,年假,2026Q1,11.0,3.0,8.0,8.0
129,调休,2026Q1,1.8,0,1.8,0.0
129,年假,2026Q2,11.0,3.0,8.0,0.0
129,调休,2026Q2,1.8,0,1.8,0.0
129,年假,2026Q3,11.0,3.0,8.0,0.0
129,调休,2026Q3,1.8,0,1.8,0.0
132,年假,2025Q1,10.0,0,10,0.0
132,调休,2025Q1,2.8,0,2.8,0.0
132,年假,2025Q2,10.0,0,10,0.0
132,调休,2025Q2,2.8,0,2.8,0.0
132,年假,2025Q3,10.0,0,10,0.0
132,调休,2025Q3,2.8,0,2.8,0.0
132,年假,2026Q1,10.0,0,10,10
132,调休,2026Q1,2.8,0,2.8,0.0
132,年假,2026Q2,10.0,0,10,0.0
132,调休,2026Q2,2.8,0,2.8,0.0
132,年假,2026Q3,10.0,0,10,0.0
132,调休,2026Q3,2.8,0,2.8,0.0
133,年假,2025Q1,11.0,0,11,0.0
133,调休,2025Q1,1.0,0,1.0,0.0
133,年假,2025Q2,11.0,0,11,0.0
133,调休,2025Q2,1.0,0,1.0,0.0
133,年假,2025Q3,11.0,0,11,0.0
133,调休,2025Q3,1.0,0,1.0,0.0
133,年假,2026Q1,11.0,0,11,11
133,调休,2026Q1,1.0,0,1.0,0.0
133,年假,2026Q2,11.0,0,11,0.0
133,调休,2026Q2,1.0,0,1.0,0.0
133,年假,2026Q3,11.0,0,11,0.0
133,调休,2026Q3,1.0,0,1.0,0.0
134,年假,2025Q1,10.0,0,10,0.0
134,调休,2025Q1,2.5,0,2.5,0.0
134,年假,2025Q2,10.0,0,10,0.0
134,调休,2025Q2,2.5,0,2.5,0.0
134,年假,2025Q3,10.0,0,10,0.0
134,调休,2025Q3,2.5,0,2.5,0.0
134,年假,2026Q1,10.0,0,10,10
134,调休,2026Q1,2.5,0,2.5,0.0
134,年假,2026Q2,10.0,0,10,0.0
134,调休,2026Q2,2.5,0,2.5,0.0
134,年假,2026Q3,10.0,0,10,0.0
134,调休,2026Q3,2.5,0,2.5,0.0
135,年假,2025Q1,11.0,0,11,0.0
135,调休,2025Q1,1.2,0,1.2,0.0
135,年假,2025Q2,11.0,0,11,0.0
135,调休,2025Q2,1.2,1.0,0.2,0.0
135,年假,2025Q3,11.0,0,11,0.0
135,调休,2025Q3,1.2,1.0,0.2,0.0
135,年假,2026Q1,11.0,0,11,11
135,调休,2026Q1,1.2,0,1.2,0.0
135,年假,2026Q2,11.0,0,11,0.0
135,调休,2026Q2,1.2,0,1.2,0.0
135,年假,2026Q3,11.0,0,11,0.0
135,调休,2026Q3,1.2,0,1.2,0.0
137,年假,2025Q1,9.0,0,9,0.0
137,调休,2025Q1,2.6,0,2.6,0.0
137,年假,2025Q2,9.0,0,9,0.0
137,调休,2025Q2,2.6,0,2.6,0.0
137,年假,2025Q3,9.0,0,9,0.0
137,调休,2025Q3,2.6,0,2.6,0.0
137,年假,2026Q1,9.0,0,9,9
137,调休,2026Q1,2.6,0,2.6,0.0
137,年假,2026Q2,9.0,0,9,0.0
137,调休,2026Q2,2.6,0,2.6,0.0
137,年假,2026Q3,9.0,0,9,0.0
137,调休,2026Q3,2.6,0,2.6,0.0
138,年假,2025Q1,9.0,0,9,0.0
138,调休,2025Q1,1.5,0,1.5,0.0
138,年假,2025Q2,9.0,0,9,0.0
138,调休,2025Q2,1.5,0,1.5,0.0
138,年假,2025Q3,9.0,0,9,0.0
138,调休,2025Q3,1.5,0,1.5,0.0
138,年假,2026Q1,9.0,0,9,9
138,调休,2026Q1,1.5,0,1.5,0.0
138,年假,2026Q2,9.0,0,9,0.0
138,调休,2026Q2,1.5,0,1.5,0.0
138,年假,2026Q3,9.0,0,9,0.0
138,调休,2026Q3,1.5,0,1.5,0.0
139,年假,2025Q1,10.0,0,10,0.0
139,调休,2025Q1,1.5,0,1.5,0.0
139,年假,2025Q2,10.0,0,10,0.0
139,调休,2025Q2,1.5,0,1.5,0.0
139,年假,2025Q3,10.0,1.0,9.0,0.0
139,调休,2025Q3,1.5,0,1.5,0.0
139,年假,2026Q1,10.0,5.0,5.0,5.0
139,调休,2026Q1,1.5,0,1.5,0.0
139,年假,2026Q2,10.0,5.0,5.0,0.0
139,调休,2026Q2,1.5,0,1.5,0.0
139,年假,2026Q3,10.0,5.0,5.0,0.0
139,调休,2026Q3,1.5,0,1.5,0.0
142,年假,2025Q1,8.0,0,8,0.0
142,调休,2025Q1,3.6,0,3.6,0.0
142,年假,2025Q2,8.0,0,8,0.0
142,调休,2025Q2,3.6,0,3.6,0.0
142,年假,2025Q3,8.0,0,8,0.0
142,调休,2025Q3,3.6,0,3.6,0.0
142,年假,2026Q1,8.0,0,8,8
142,调休,2026Q1,3.6,0,3.6,0.0
142,年假,2026Q2,8.0,0,8,0.0
142,调休,2026Q2,3.6,0,3.6,0.0
142,年假,2026Q3,8.0,0,8,0.0
142,调休,2026Q3,3.6,0,3.6,0.0
143,年假,2025Q1,8.0,0,8,0.0
143,调休,2025Q1,0.0,0,0.0,0.0
143,年假,2025Q2,8.0,0,8,0.0
143,调休,2025Q2,0.0,0,0.0,0.0
143,年假,2025Q3,8.0,0,8,0.0
143,调休,2025Q3,0.0,0,0.0,0.0
143,年假,2026Q1,8.0,0,8,8
143,调休,2026Q1,0.0,0,0.0,0.0
143,年假,2026Q2,8.0,0,8,0.0
143,调休,2026Q2,0.0,0,0.0,0.0
143,年假,2026Q3,8.0,0,8,0.0
143,调休,2026Q3,0.0,0,0.0,0.0
144,年假,2025Q1,9.0,0,9,0.0
144,调休,2025Q1,0.8,0,0.8,0.0
144,年假,2025Q2,9.0,0,9,0.0
144,调休,2025Q2,0.8,0,0.8,0.0
144,年假,2025Q3,9.0,0,9,0.0
144,调休,2025Q3,0.8,0,0.8,0.0
144,年假,2026Q1,9.0,0,9,9
144,调休,2026Q1,0.8,0,0.8,0.0
144,年假,2026Q2,9.0,0,9,0.0
144,调休,2026Q2,0.8,0,0.8,0.0
144,年假,2026Q3,9.0,0,9,0.0
144,调休,2026Q3,0.8,0,0.8,0.0
146,年假,2025Q1,9.0,0,9,0.0
146,调休,2025Q1,1.6,0,1.6,0.0
146,年假,2025Q2,9.0,0,9,0.0
146,调休,2025Q2,1.6,0,1.6,0.0
146,年假,2025Q3,9.0,0,9,0.0
146,调休,2025Q3,1.6,0,1.6,0.0
146,年假,2026Q1,9.0,0,9,9
146,调休,2026Q1,1.6,0,1.6,0.0
146,年假,2026Q2,9.0,0,9,0.0
146,调休,2026Q2,1.6,0,1.6,0.0
146,年假,2026Q3,9.0,0,9,0.0
146,调休,2026Q3,1.6,0,1.6,0.0
147,年假,2025Q1,10.0,0,10,0.0
147,调休,2025Q1,2.1,0,2.1,0.0
147,年假,2025Q2,10.0,0,10,0.0
147,调休,2025Q2,2.1,0,2.1,0.0
147,年假,2025Q3,10.0,0,10,0.0
147,调休,2025Q3,2.1,0,2.1,0.0
147,年假,2026Q1,10.0,0,10,10
147,调休,2026Q1,2.1,0,2.1,0.0
147,年假,2026Q2,10.0,1.5,8.5,0.0
147,调休,2026Q2,2.1,2.0,0.1,0.0
147,年假,2026Q3,10.0,1.5,8.5,0.0
147,调休,2026Q3,2.1,2.0,0.1,0.0
149,年假,2025Q1,11.0,0,11,0.0
149,调休,2025Q1,1.8,0,1.8,0.0
149,年假,2025Q2,11.0,0,11,0.0
149,调休,2025Q2,1.8,0,1.8,0.0
149,年假,2025Q3,11.0,0,11,0.0
149,调休,2025Q3,1.8,0,1.8,0.0
149,年假,2026Q1,11.0,0,11,11
149,调休,2026Q1,1.8,0,1.8,0.0
149,年假,2026Q2,11.0,0,11,0.0
149,调休,2026Q2,1.8,0,1.8,0.0
149,年假,2026Q3,11.0,0,11,0.0
149,调休,2026Q3,1.8,0,1.8,0.0
150,年假,2025Q1,11.0,0,11,0.0
150,调休,2025Q1,2.5,0,2.5,0.0
150,年假,2025Q2,11.0,0,11,0.0
150,调休,2025Q2,2.5,0,2.5,0.0
150,年假,2025Q3,11.0,0,11,0.0
150,调休,2025Q3,2.5,0,2.5,0.0
150,年假,2026Q1,11.0,0,11,11
150,调休,2026Q1,2.5,0,2.5,0.0
150,年假,2026Q2,11.0,0,11,0.0
150,调休,2026Q2,2.5,0,2.5,0.0
150,年假,2026Q3,11.0,0,11,0.0
150,调休,2026Q3,2.5,0,2.5,0.0
151,年假,2025Q1,10.0,0,10,0.0
151,调休,2025Q1,2.5,0,2.5,0.0
151,年假,2025Q2,10.0,0,10,0.0
151,调休,2025Q2,2.5,0,2.5,0.0
151,年假,2025Q3,10.0,0,10,0.0
151,调休,2025Q3,2.5,0,2.5,0.0
151,年假,2026Q1,10.0,0,10,10
151,调休,2026Q1,2.5,0,2.5,0.0
151,年假,2026Q2,10.0,0,10,0.0
151,调休,2026Q2,2.5,0,2.5,0.0
151,年假,2026Q3,10.0,0,10,0.0
151,调休,2026Q3,2.5,0,2.5,0.0
154,年假,2025Q1,9.0,0,9,0.0
154,调休,2025Q1,0.0,0,0.0,0.0
154,年假,2025Q2,9.0,0,9,0.0
154,调休,2025Q2,0.0,0,0.0,0.0
156,年假,2025Q1,8.0,1.5,6.5,0.0
156,调休,2025Q1,6.9,0,6.9,0.0
156,年假,2025Q2,8.0,1.5,6.5,0.0
156,调休,2025Q2,6.9,0,6.9,0.0
156,年假,2025Q3,8.0,1.5,6.5,0.0
156,调休,2025Q3,6.9,0,6.9,0.0
156,年假,2026Q1,8.0,0,8,8
156,调休,2026Q1,6.9,0.5,6.4,0.0
156,年假,2026Q2,8.0,0,8,0.0
156,调休,2026Q2,6.9,0.5,6.4,0.0
156,年假,2026Q3,8.0,0,8,0.0
156,调休,2026Q3,6.9,0.5,6.4,0.0
157,年假,2025Q1,8.0,0,8,0.0
157,调休,2025Q1,0.8,0,0.8,0.0
157,年假,2025Q2,8.0,0,8,0.0
157,调休,2025Q2,0.8,0,0.8,0.0
157,年假,2025Q3,8.0,0,8,0.0
157,调休,2025Q3,0.8,0,0.8,0.0
157,年假,2026Q1,8.0,0,8,8
157,调休,2026Q1,0.8,0,0.8,0.0
157,年假,2026Q2,8.0,0,8,0.0
157,调休,2026Q2,0.8,0,0.8,0.0
157,年假,2026Q3,8.0,0,8,0.0
157,调休,2026Q3,0.8,0,0.8,0.0
158,年假,2025Q1,8.0,0,8,0.0
158,调休,2025Q1,0.9,1.0,0.0,0.0
158,年假,2025Q2,8.0,0,8,0.0
158,调休,2025Q2,0.9,1.0,0.0,0.0
158,年假,2025Q3,8.0,0,8,0.0
158,调休,2025Q3,0.9,4.0,0.0,0.0
160,年假,2025Q1,9.0,0,9,0.0
160,调休,2025Q1,0.6,0,0.6,0.0
160,年假,2025Q2,9.0,0,9,0.0
160,调休,2025Q2,0.6,0,0.6,0.0
160,年假,2025Q3,9.0,0,9,0.0
160,调休,2025Q3,0.6,1.0,0.0,0.0
160,年假,2026Q1,9.0,0,9,9
160,调休,2026Q1,0.6,0,0.6,0.0
160,年假,2026Q2,9.0,0,9,0.0
160,调休,2026Q2,0.6,0,0.6,0.0
160,年假,2026Q3,9.0,0,9,0.0
160,调休,2026Q3,0.6,0,0.6,0.0
161,年假,2025Q1,11.0,5.0,6.0,0.0
161,调休,2025Q1,1.0,0,1.0,0.0
161,年假,2025Q2,11.0,5.0,6.0,0.0
161,调休,2025Q2,1.0,2.0,0.0,0.0
161,年假,2025Q3,11.0,5.0,6.0,0.0
161,调休,2025Q3,1.0,2.5,0.0,0.0
161,年假,2026Q1,11.0,0,11,11
161,调休,2026Q1,1.0,0,1.0,0.0
161,年假,2026Q2,11.0,0,11,0.0
161,调休,2026Q2,1.0,0,1.0,0.0
161,年假,2026Q3,11.0,0.5,10.5,0.0
161,调休,2026Q3,1.0,0,1.0,0.0
162,年假,2025Q1,8.0,0,8,0.0
162,调休,2025Q1,2.1,0,2.1,0.0
162,年假,2025Q2,8.0,0,8,0.0
162,调休,2025Q2,2.1,0,2.1,0.0
162,年假,2025Q3,8.0,0,8,0.0
162,调休,2025Q3,2.1,0,2.1,0.0
162,年假,2026Q1,8.0,0,8,8
162,调休,2026Q1,2.1,0,2.1,0.0
162,年假,2026Q2,8.0,0,8,0.0
162,调休,2026Q2,2.1,0,2.1,0.0
162,年假,2026Q3,8.0,0,8,0.0
162,调休,2026Q3,2.1,0,2.1,0.0
164,年假,2025Q1,10.0,0,10,0.0
164,调休,2025Q1,0.0,0,0.0,0.0
164,年假,2025Q2,10.0,0,10,0.0
164,调休,2025Q2,0.0,0,0.0,0.0
164,年假,2025Q3,10.0,0,10,0.0
164,调休,2025Q3,0.0,1.0,0.0,0.0
164,年假,2026Q1,10.0,0,10,10
164,调休,2026Q1,0.0,0,0.0,0.0
164,年假,2026Q2,10.0,1.0,9.0,0.0
164,调休,2026Q2,0.0,0,0.0,0.0
164,年假,2026Q3,10.0,1.0,9.0,0.0
164,调休,2026Q3,0.0,0,0.0,0.0
165,年假,2025Q1,9.0,0,9,0.0
165,调休,2025Q1,2.0,0,2.0,0.0
165,年假,2025Q2,9.0,0,9,0.0
165,调休,2025Q2,2.0,0,2.0,0.0
165,年假,2025Q3,9.0,0,9,0.0
165,调休,2025Q3,2.0,0,2.0,0.0
165,年假,2026Q1,9.0,0,9,9
165,调休,2026Q1,2.0,0,2.0,0.0
165,年假,2026Q2,9.0,0,9,0.0
165,调休,2026Q2,2.0,0,2.0,0.0
165,年假,2026Q3,9.0,0,9,0.0
165,调休,2026Q3,2.0,0,2.0,0.0
166,年假,2025Q1,10.0,0,10,0.0
166,调休,2025Q1,3.6,0,3.6,0.0
166,年假,2025Q2,10.0,0.5,9.5,0.0
166,调休,2025Q2,3.6,0,3.6,0.0
166,年假,2025Q3,10.0,0.5,9.5,0.0
166,调休,2025Q3,3.6,0,3.6,0.0
166,年假,2026Q1,10.0,0,10,10
166,调休,2026Q1,3.6,0,3.6,0.0
166,年假,2026Q2,10.0,0,10,0.0
166,调休,2026Q2,3.6,0,3.6,0.0
166,年假,2026Q3,10.0,0,10,0.0
166,调休,2026Q3,3.6,0,3.6,0.0
167,年假,2025Q1,10.0,1.0,9.0,0.0
167,调休,2025Q1,3.4,2.5,0.9,0.0
167,年假,2025Q2,10.0,1.0,9.0,0.0
167,调休,2025Q2,3.4,2.5,0.9,0.0
167,年假,2025Q3,10.0,1.0,9.0,0.0
167,调休,2025Q3,3.4,2.5,0.9,0.0
167,年假,2026Q1,10.0,0,10,10
167,调休,2026Q1,3.4,0,3.4,0.0
167,年假,2026Q2,10.0,0,10,0.0
167,调休,2026Q2,3.4,0,3.4,0.0
167,年假,2026Q3,10.0,0,10,0.0
167,调休,2026Q3,3.4,0,3.4,0.0
168,年假,2025Q1,10.0,0,10,0.0
168,调休,2025Q1,0.2,0,0.2,0.0
168,年假,2025Q2,10.0,0,10,0.0
168,调休,2025Q2,0.2,0,0.2,0.0
168,年假,2025Q3,10.0,0,10,0.0
168,调休,2025Q3,0.2,0,0.2,0.0
168,年假,2026Q1,10.0,0,10,10
168,调休,2026Q1,0.2,0,0.2,0.0
168,年假,2026Q2,10.0,0,10,0.0
168,调休,2026Q2,0.2,0,0.2,0.0
168,年假,2026Q3,10.0,0,10,0.0
168,调休,2026Q3,0.2,0,0.2,0.0
169,年假,2025Q1,10.0,0,10,0.0
169,调休,2025Q1,0.0,0,0.0,0.0
169,年假,2025Q2,10.0,0,10,0.0
169,调休,2025Q2,0.0,0,0.0,0.0
169,年假,2025Q3,10.0,0,10,0.0
169,调休,2025Q3,0.0,0,0.0,0.0
169,年假,2026Q1,10.0,0,10,10
169,调休,2026Q1,0.0,0,0.0,0.0
169,年假,2026Q2,10.0,0,10,0.0
169,调休,2026Q2,0.0,0,0.0,0.0
169,年假,2026Q3,10.0,0,10,0.0
169,调休,2026Q3,0.0,0,0.0,0.0
171,年假,2025Q1,9.0,0,9,0.0
171,调休,2025Q1,1.4,0,1.4,0.0
171,年假,2025Q2,9.0,0,9,0.0
171,调休,2025Q2,1.4,0,1.4,0.0
171,年假,2025Q3,9.0,0,9,0.0
171,调休,2025Q3,1.4,0,1.4,0.0
174,年假,2025Q1,8.0,0,8,0.0
174,调休,2025Q1,2.5,0,2.5,0.0
174,年假,2025Q2,8.0,0,8,0.0
174,调休,2025Q2,2.5,0,2.5,0.0
174,年假,2025Q3,8.0,0,8,0.0
174,调休,2025Q3,2.5,0,2.5,0.0
174,年假,2026Q1,8.0,0,8,8
174,调休,2026Q1,2.5,0,2.5,0.0
174,年假,2026Q2,8.0,0,8,0.0
174,调休,2026Q2,2.5,1.0,1.5,0.0
174,年假,2026Q3,8.0,0.5,7.5,0.0
174,调休,2026Q3,2.5,1.0,1.5,0.0
176,年假,2025Q1,9.0,0,9,0.0
176,调休,2025Q1,2.1,0,2.1,0.0
176,年假,2025Q2,9.0,0,9,0.0
176,调休,2025Q2,2.1,0,2.1,0.0
176,年假,2025Q3,9.0,0,9,0.0
176,调休,2025Q3,2.1,0,2.1,0.0
176,年假,2026Q1,9.0,0.5,8.5,8.5
176,调休,2026Q1,2.1,0,2.1,0.0
176,年假,2026Q2,9.0,0.5,8.5,0.0
176,调休,2026Q2,2.1,0,2.1,0.0
176,年假,2026Q3,9.0,0.5,8.5,0.0
176,调休,2026Q3,2.1,0,2.1,0.0
177,年假,2025Q1,9.0,0,9,0.0
177,调休,2025Q1,1.1,0,1.1,0.0
177,年假,2025Q2,9.0,0,9,0.0
177,调休,2025Q2,1.1,0,1.1,0.0
177,年假,2025Q3,9.0,0,9,0.0
177,调休,2025Q3,1.1,1.0,0.1,0.0
177,年假,2026Q1,9.0,0,9,9
177,调休,2026Q1,1.1,0,1.1,0.0
177,年假,2026Q2,9.0,0,9,0.0
177,调休,2026Q2,1.1,0,1.1,0.0
177,年假,2026Q3,9.0,0,9,0.0
177,调休,2026Q3,1.1,0,1.1,0.0
178,年假,2025Q1,8.0,0,8,0.0
178,调休,2025Q1,1.2,0,1.2,0.0
178,年假,2025Q2,8.0,4.0,4.0,0.0
178,调休,2025Q2,1.2,0,1.2,0.0
178,年假,2025Q3,8.0,4.0,4.0,0.0
178,调休,2025Q3,1.2,0,1.2,0.0
178,年假,2026Q1,8.0,0,8,8
178,调休,2026Q1,1.2,0,1.2,0.0
178,年假,2026Q2,8.0,5.0,3.0,0.0
178,调休,2026Q2,1.2,1.0,0.2,0.0
178,年假,2026Q3,8.0,5.0,3.0,0.0
178,调休,2026Q3,1.2,1.0,0.2,0.0
179,年假,2025Q1,9.0,0,9,0.0
179,调休,2025Q1,1.5,0,1.5,0.0
179,年假,2025Q2,9.0,0,9,0.0
179,调休,2025Q2,1.5,0,1.5,0.0
179,年假,2025Q3,9.0,0,9,0.0
179,调休,2025Q3,1.5,0,1.5,0.0
179,年假,2026Q1,9.0,0.5,8.5,8.5
179,调休,2026Q1,1.5,0,1.5,0.0
179,年假,2026Q2,9.0,2.5,6.5,0.0
179,调休,2026Q2,1.5,0,1.5,0.0
179,年假,2026Q3,9.0,4.5,4.5,0.0
179,调休,2026Q3,1.5,0,1.5,0.0
180,年假,2025Q1,8.0,0,8,0.0
180,调休,2025Q1,0.5,0,0.5,0.0
180,年假,2025Q2,8.0,0,8,0.0
180,调休,2025Q2,0.5,0,0.5,0.0
180,年假,2025Q3,8.0,0,8,0.0
180,调休,2025Q3,0.5,0,0.5,0.0
181,年假,2025Q1,9.0,0,9,0.0
181,调休,2025Q1,0.8,0,0.8,0.0
181,年假,2025Q2,9.0,0.5,8.5,0.0
181,调休,2025Q2,0.8,0,0.8,0.0
181,年假,2025Q3,9.0,0.5,8.5,0.0
181,调休,2025Q3,0.8,0,0.8,0.0
181,年假,2026Q1,9.0,0,9,9
181,调休,2026Q1,0.8,0,0.8,0.0
181,年假,2026Q2,9.0,0,9,0.0
181,调休,2026Q2,0.8,0,0.8,0.0
181,年假,2026Q3,9.0,0,9,0.0
181,调休,2026Q3,0.8,0,0.8,0.0
182,年假,2025Q1,8.0,0,8,0.0
182,调休,2025Q1,0.0,1.0,0.0,0.0
183,年假,2025Q1,9.0,0,9,0.0
183,调休,2025Q1,3.2,0,3.2,0.0
183,年假,2025Q2,9.0,0,9,0.0
183,调休,2025Q2,3.2,0,3.2,0.0
183,年假,2025Q3,9.0,0,9,0.0
183,调休,2025Q3,3.2,0,3.2,0.0
183,年假,2026Q1,9.0,0,9,9
183,调休,2026Q1,3.2,0,3.2,0.0
183,年假,2026Q2,9.0,0,9,0.0
183,调休,2026Q2,3.2,0,3.2,0.0
183,年假,2026Q3,9.0,0,9,0.0
183,调休,2026Q3,3.2,0,3.2,0.0
184,年假,2025Q1,9.0,0,9,0.0
184,调休,2025Q1,2.8,0,2.8,0.0
184,年假,2025Q2,9.0,0,9,0.0
184,调休,2025Q2,2.8,0,2.8,0.0
184,年假,2025Q3,9.0,0,9,0.0
184,调休,2025Q3,2.8,0,2.8,0.0
184,年假,2026Q1,9.0,0,9,9
184,调休,2026Q1,2.8,0,2.8,0.0
184,年假,2026Q2,9.0,0,9,0.0
184,调休,2026Q2,2.8,0,2.8,0.0
184,年假,2026Q3,9.0,0,9,0.0
184,调休,2026Q3,2.8,0,2.8,0.0
186,年假,2025Q1,11.0,0,11,0.0
186,调休,2025Q1,0.5,0,0.5,0.0
186,年假,2025Q2,11.0,0,11,0.0
186,调休,2025Q2,0.5,0,0.5,0.0
186,年假,2025Q3,11.0,0,11,0.0
186,调休,2025Q3,0.5,0,0.5,0.0
186,年假,2026Q1,11.0,0,11,11
186,调休,2026Q1,0.5,0,0.5,0.0
186,年假,2026Q2,11.0,0,11,0.0
186,调休,2026Q2,0.5,1.0,0.0,0.0
186,年假,2026Q3,11.0,0,11,0.0
186,调休,2026Q3,0.5,1.0,0.0,0.0
188,年假,2025Q1,9.0,0,9,0.0
188,调休,2025Q1,4.0,0,4.0,0.0
188,年假,2025Q2,9.0,0,9,0.0
188,调休,2025Q2,4.0,0,4.0,0.0
188,年假,2025Q3,9.0,0,9,0.0
188,调休,2025Q3,4.0,0,4.0,0.0
188,年假,2026Q1,9.0,0,9,9
188,调休,2026Q1,4.0,0,4.0,0.0
188,年假,2026Q2,9.0,0,9,0.0
188,调休,2026Q2,4.0,0,4.0,0.0
188,年假,2026Q3,9.0,0,9,0.0
188,调休,2026Q3,4.0,0,4.0,0.0
190,年假,2025Q1,10.0,0,10,0.0
190,调休,2025Q1,2.1,0,2.1,0.0
190,年假,2025Q2,10.0,0,10,0.0
190,调休,2025Q2,2.1,0,2.1,0.0
190,年假,2025Q3,10.0,0,10,0.0
190,调休,2025Q3,2.1,0,2.1,0.0
190,年假,2026Q1,10.0,0.5,9.5,9.5
190,调休,2026Q1,2.1,0,2.1,0.0
190,年假,2026Q2,10.0,0.5,9.5,0.0
190,调休,2026Q2,2.1,0,2.1,0.0
190,年假,2026Q3,10.0,3.5,6.5,0.0
190,调休,2026Q3,2.1,0,2.1,0.0
191,年假,2025Q1,9.0,0,9,0.0
191,调休,2025Q1,2.2,0,2.2,0.0
191,年假,2025Q2,9.0,0,9,0.0
191,调休,2025Q2,2.2,0,2.2,0.0
191,年假,2025Q3,9.0,0,9,0.0
191,调休,2025Q3,2.2,0,2.2,0.0
191,年假,2026Q1,9.0,2.0,7.0,7.0
191,调休,2026Q1,2.2,0,2.2,0.0
191,年假,2026Q2,9.0,2.0,7.0,0.0
191,调休,2026Q2,2.2,0,2.2,0.0
191,年假,2026Q3,9.0,2.0,7.0,0.0
191,调休,2026Q3,2.2,0,2.2,0.0
193,年假,2025Q1,10.0,0,10,0.0
193,调休,2025Q1,0.6,0,0.6,0.0
193,年假,2025Q2,10.0,0,10,0.0
193,调休,2025Q2,0.6,0,0.6,0.0
193,年假,2025Q3,10.0,0,10,0.0
193,调休,2025Q3,0.6,0,0.6,0.0
193,年假,2026Q1,10.0,0,10,10
193,调休,2026Q1,0.6,0,0.6,0.0
193,年假,2026Q2,10.0,0,10,0.0
193,调休,2026Q2,0.6,0,0.6,0.0
193,年假,2026Q3,10.0,0,10,0.0
193,调休,2026Q3,0.6,0,0.6,0.0
195,年假,2025Q1,8.0,0,8,0.0
195,调休,2025Q1,0.5,0,0.5,0.0
195,年假,2025Q2,8.0,0,8,0.0
195,调休,2025Q2,0.5,0,0.5,0.0
195,年假,2025Q3,8.0,0,8,0.0
195,调休,2025Q3,0.5,0,0.5,0.0
195,年假,2026Q1,8.0,0,8,8
195,调休,2026Q1,0.5,1.0,0.0,0.0
195,年假,2026Q2,8.0,1.0,7.0,0.0
195,调休,2026Q2,0.5,1.0,0.0,0.0
195,年假,2026Q3,8.0,1.0,7.0,0.0
195,调休,2026Q3,0.5,1.0,0.0,0.0
197,年假,2025Q1,8.0,0.5,7.5,0.0
197,调休,2025Q1,1.5,0,1.5,0.0
197,年假,2025Q2,8.0,1.5,6.5,0.0
197,调休,2025Q2,1.5,0,1.5,0.0
197,年假,2025Q3,8.0,1.5,6.5,0.0
197,调休,2025Q3,1.5,0,1.5,0.0
197,年假,2026Q1,8.0,0.5,7.5,7.5
197,调休,2026Q1,1.5,0,1.5,0.0
197,年假,2026Q2,8.0,0.5,7.5,0.0
197,调休,2026Q2,1.5,0,1.5,0.0
197,年假,2026Q3,8.0,0.5,7.5,0.0
197,调休,2026Q3,1.5,0,1.5,0.0
200,年假,2025Q1,9.0,1.0,8.0,0.0
200,调休,2025Q1,0.8,0,0.8,0.0
200,年假,2025Q2,9.0,2.0,7.0,0.0
200,调休,2025Q2,0.8,0,0.8,0.0
200,年假,2025Q3,9.0,3.0,6.0,0.0
200,调休,2025Q3,0.8,0,0.8,0.0
200,年假,2026Q1,9.0,0,9,9
200,调休,2026Q1,0.8,0,0.8,0.0
200,年假,2026Q2,9.0,0,9,0.0
200,调休,2026Q2,0.8,0,0.8,0.0
200,年假,2026Q3,9.0,0,9,0.0
200,调休,2026Q3,0.8,2.0,0.0,0.0
201,年假,2025Q1,11.0,0,11,0.0
201,调休,2025Q1,1.4,0,1.4,0.0
201,年假,2025Q2,11.0,0,11,0.0
201,调休,2025Q2,1.4,0,1.4,0.0
201,年假,2025Q3,11.0,0,11,0.0
201,调休,2025Q3,1.4,0,1.4,0.0
201,年假,2026Q1,11.0,0,11,11
201,调休,2026Q1,1.4,0,1.4,0.0
201,年假,2026Q2,11.0,0,11,0.0
201,调休,2026Q2,1.4,0,1.4,0.0
201,年假,2026Q3,11.0,0,11,0.0
201,调休,2026Q3,1.4,0,1.4,0.0
202,年假,2025Q1,10.0,0,10,0.0
202,调休,2025Q1,0.8,0,0.8,0.0
202,年假,2025Q2,10.0,8.0,2.0,0.0
202,调休,2025Q2,0.8,0,0.8,0.0
202,年假,2025Q3,10.0,8.0,2.0,0.0
202,调休,2025Q3,0.8,0,0.8,0.0
202,年假,2026Q1,10.0,0,10,10
202,调休,2026Q1,0.8,0,0.8,0.0
202,年假,2026Q2,10.0,0,10,0.0
202,调休,2026Q2,0.8,0,0.8,0.0
202,年假,2026Q3,10.0,0,10,0.0
202,调休,2026Q3,0.8,0,0.8,0.0
203,年假,2025Q1,10.0,0,10,0.0
203,调休,2025Q1,1.6,0,1.6,0.0
203,年假,2025Q2,10.0,0,10,0.0
203,调休,2025Q2,1.6,0,1.6,0.0
203,年假,2025Q3,10.0,2.0,8.0,0.0
203,调休,2025Q3,1.6,0,1.6,0.0
203,年假,2026Q1,10.0,5.5,4.5,4.5
203,调休,2026Q1,1.6,0,1.6,0.0
203,年假,2026Q2,10.0,5.5,4.5,0.0
203,调休,2026Q2,1.6,0,1.6,0.0
203,年假,2026Q3,10.0,5.5,4.5,0.0
203,调休,2026Q3,1.6,0,1.6,0.0
205,年假,2025Q1,8.0,0,8,0.0
205,调休,2025Q1,0.0,0,0.0,0.0
205,年假,2025Q2,8.0,0,8,0.0
205,调休,2025Q2,0.0,0,0.0,0.0
205,年假,2025Q3,8.0,0,8,0.0
205,调休,2025Q3,0.0,0,0.0,0.0
206,年假,2025Q1,9.0,0,9,0.0
206,调休,2025Q1,1.4,0,1.4,0.0
206,年假,2025Q2,9.0,0,9,0.0
206,调休,2025Q2,1.4,0,1.4,0.0
206,年假,2025Q3,9.0,0,9,0.0
206,调休,2025Q3,1.4,0,1.4,0.0
206,年假,2026Q1,9.0,0,9,9
206,调休,2026Q1,1.4,0,1.4,0.0
206,年假,2026Q2,9.0,0,9,0.0
206,调休,2026Q2,1.4,0,1.4,0.0
206,年假,2026Q3,9.0,0,9,0.0
206,调休,2026Q3,1.4,0,1.4,0.0
207,年假,2025Q1,10.0,0,10,0.0
207,调休,2025Q1,0.8,0,0.8,0.0
207,年假,2025Q2,10.0,0,10,0.0
207,调休,2025Q2,0.8,0,0.8,0.0
207,年假,2025Q3,10.0,0,10,0.0
207,调休,2025Q3,0.8,0,0.8,0.0
207,年假,2026Q1,10.0,0,10,10
207,调休,2026Q1,0.8,0.5,0.2,0.0
207,年假,2026Q2,10.0,0,10,0.0
207,调休,2026Q2,0.8,0.5,0.2,0.0
207,年假,2026Q3,10.0,0,10,0.0
207,调休,2026Q3,0.8,0.5,0.2,0.0
208,年假,2025Q1,8.0,0,8,0.0
208,调休,2025Q1,2.8,0,2.8,0.0
208,年假,2025Q2,8.0,5.0,3.0,0.0
208,调休,2025Q2,2.8,0,2.8,0.0
208,年假,2025Q3,8.0,5.0,3.0,0.0
208,调休,2025Q3,2.8,0,2.8,0.0
208,年假,2026Q1,8.0,0,8,8
208,调休,2026Q1,2.8,0,2.8,0.0
208,年假,2026Q2,8.0,0,8,0.0
208,调休,2026Q2,2.8,0,2.8,0.0
208,年假,2026Q3,8.0,0,8,0.0
208,调休,2026Q3,2.8,0,2.8,0.0
209,年假,2025Q1,10.0,0,10,0.0
209,调休,2025Q1,2.4,0,2.4,0.0
209,年假,2025Q2,10.0,0,10,0.0
209,调休,2025Q2,2.4,0,2.4,0.0
209,年假,2025Q3,10.0,2.0,8.0,0.0
209,调休,2025Q3,2.4,0,2.4,0.0
209,年假,2026Q1,10.0,0,10,10
209,调休,2026Q1,2.4,0,2.4,0.0
209,年假,2026Q2,10.0,0,10,0.0
209,调休,2026Q2,2.4,0,2.4,0.0
209,年假,2026Q3,10.0,0,10,0.0
209,调休,2026Q3,2.4,0,2.4,0.0
210,年假,2025Q1,10.0,0,10,0.0
210,调休,2025Q1,1.1,0,1.1,0.0
210,年假,2025Q2,10.0,0,10,0.0
210,调休,2025Q2,1.1,0,1.1,0.0
210,年假,2025Q3,10.0,0,10,0.0
210,调休,2025Q3,1.1,0,1.1,0.0
210,年假,2026Q1,10.0,0,10,10
210,调休,2026Q1,1.1,0,1.1,0.0
210,年假,2026Q2,10.0,0,10,0.0
210,调休,2026Q2,1.1,0,1.1,0.0
210,年假,2026Q3,10.0,0,10,0.0
210,调休,2026Q3,1.1,0,1.1,0.0
211,年假,2025Q1,8.0,0,8,0.0
211,调休,2025Q1,2.8,0,2.8,0.0
211,年假,2025Q2,8.0,0,8,0.0
211,调休,2025Q2,2.8,0,2.8,0.0
211,年假,2025Q3,8.0,0,8,0.0
211,调休,2025Q3,2.8,0,2.8,0.0
211,年假,2026Q1,8.0,0,8,8
211,调休,2026Q1,2.8,0.5,2.2,0.0
211,年假,2026Q2,8.0,0,8,0.0
211,调休,2026Q2,2.8,0.5,2.2,0.0
211,年假,2026Q3,8.0,0,8,0.0
211,调休,2026Q3,2.8,0.5,2.2,0.0
212,年假,2025Q1,9.0,0,9,0.0
212,调休,2025Q1,0.0,0,0.0,0.0
212,年假,2025Q2,9.0,1.0,8.0,0.0
212,调休,2025Q2,0.0,0,0.0,0.0
212,年假,2025Q3,9.0,2.0,7.0,0.0
212,调休,2025Q3,0.0,0,0.0,0.0
212,年假,2026Q1,9.0,0,9,9
212,调休,2026Q1,0.0,0,0.0,0.0
213,年假,2025Q1,10.0,0,10,0.0
213,调休,2025Q1,0.8,0,0.8,0.0
213,年假,2025Q2,10.0,5.0,5.0,0.0
213,调休,2025Q2,0.8,0,0.8,0.0
213,年假,2025Q3,10.0,5.0,5.0,0.0
213,调休,2025Q3,0.8,0,0.8,0.0
213,年假,2026Q1,10.0,0,10,10
213,调休,2026Q1,0.8,0,0.8,0.0
213,年假,2026Q2,10.0,0,10,0.0
213,调休,2026Q2,0.8,0,0.8,0.0
214,年假,2025Q1,9.0,1.0,8.0,0.0
214,调休,2025Q1,2.5,0,2.5,0.0
214,年假,2025Q2,9.0,1.0,8.0,0.0
214,调休,2025Q2,2.5,0,2.5,0.0
214,年假,2025Q3,9.0,1.0,8.0,0.0
214,调休,2025Q3,2.5,0,2.5,0.0
214,年假,2026Q1,9.0,0,9,9
214,调休,2026Q1,2.5,0,2.5,0.0
214,年假,2026Q2,9.0,0,9,0.0
214,调休,2026Q2,2.5,0,2.5,0.0
214,年假,2026Q3,9.0,0,9,0.0
214,调休,2026Q3,2.5,0,2.5,0.0
215,年假,2025Q1,9.0,0,9,0.0
215,调休,2025Q1,0.4,0,0.4,0.0
215,年假,2025Q2,9.0,0,9,0.0
215,调休,2025Q2,0.4,0,0.4,0.0
215,年假,2025Q3,9.0,0,9,0.0
215,调休,2025Q3,0.4,0,0.4,0.0
216,年假,2025Q1,10.0,0,10,0.0
216,调休,2025Q1,2.5,0,2.5,0.0
216,年假,2025Q2,10.0,0,10,0.0
216,调休,2025Q2,2.5,0,2.5,0.0
216,年假,2025Q3,10.0,0,10,0.0
216,调休,2025Q3,2.5,2.0,0.5,0.0
216,年假,2026Q1,10.0,0,10,10
216,调休,2026Q1,2.5,0,2.5,0.0
216,年假,2026Q2,10.0,0,10,0.0
216,调休,2026Q2,2.5,0,2.5,0.0
216,年假,2026Q3,10.0,0,10,0.0
216,调休,2026Q3,2.5,0,2.5,0.0
217,年假,2025Q1,9.0,0,9,0.0
217,调休,2025Q1,2.2,0,2.2,0.0
217,年假,2025Q2,9.0,3.0,6.0,0.0
217,调休,2025Q2,2.2,0,2.2,0.0
217,年假,2025Q3,9.0,3.0,6.0,0.0
217,调休,2025Q3,2.2,0,2.2,0.0
217,年假,2026Q1,9.0,0,9,9
217,调休,2026Q1,2.2,0,2.2,0.0
217,年假,2026Q2,9.0,0,9,0.0
217,调休,2026Q2,2.2,0,2.2,0.0
217,年假,2026Q3,9.0,0,9,0.0
217,调休,2026Q3,2.2,0,2.2,0.0
218,年假,2025Q1,9.0,2.0,7.0,0.0
218,调休,2025Q1,1.4,0,1.4,0.0
218,年假,2025Q2,9.0,2.5,6.5,0.0
218,调休,2025Q2,1.4,0,1.4,0.0
218,年假,2025Q3,9.0,2.5,6.5,0.0
218,调休,2025Q3,1.4,0,1.4,0.0
218,年假,2026Q1,9.0,0,9,9
218,调休,2026Q1,1.4,0,1.4,0.0
218,年假,2026Q2,9.0,0,9,0.0
218,调休,2026Q2,1.4,0,1.4,0.0
218,年假,2026Q3,9.0,0,9,0.0
218,调休,2026Q3,1.4,0,1.4,0.0
219,年假,2025Q1,7.0,0,7,0.0
219,调休,2025Q1,0.0,0,0.0,0.0
220,年假,2025Q1,10.0,0,10,0.0
220,调休,2025Q1,0.4,0,0.4,0.0
220,年假,2025Q2,10.0,0,10,0.0
220,调休,2025Q2,0.4,0,0.4,0.0
220,年假,2025Q3,10.0,0,10,0.0
220,调休,2025Q3,0.4,0,0.4,0.0
220,年假,2026Q1,10.0,0,10,10
220,调休,2026Q1,0.4,0,0.4,0.0
220,年假,2026Q2,10.0,0,10,0.0
220,调休,2026Q2,0.4,0,0.4,0.0
220,年假,2026Q3,10.0,0,10,0.0
220,调休,2026Q3,0.4,0,0.4,0.0
221,年假,2025Q1,9.0,0,9,0.0
221,调休,2025Q1,3.8,0,3.8,0.0
221,年假,2025Q2,9.0,0,9,0.0
221,调休,2025Q2,3.8,0,3.8,0.0
221,年假,2025Q3,9.0,0,9,0.0
221,调休,2025Q3,3.8,1.0,2.8,0.0
221,年假,2026Q1,9.0,0,9,9
221,调休,2026Q1,3.8,0,3.8,0.0
221,年假,2026Q2,9.0,5.0,4.0,0.0
221,调休,2026Q2,3.8,0,3.8,0.0
221,年假,2026Q3,9.0,5.0,4.0,0.0
221,调休,2026Q3,3.8,0,3.8,0.0
224,年假,2025Q1,8.0,0,8,0.0
224,调休,2025Q1,1.1,0.5,0.6,0.0
224,年假,2025Q2,8.0,0,8,0.0
224,调休,2025Q2,1.1,0.5,0.6,0.0
224,年假,2025Q3,8.0,0,8,0.0
224,调休,2025Q3,1.1,0.5,0.6,0.0
225,年假,2025Q1,9.0,5.0,4.0,0.0
225,调休,2025Q1,2.6,0,2.6,0.0
225,年假,2025Q2,9.0,5.0,4.0,0.0
225,调休,2025Q2,2.6,0,2.6,0.0
225,年假,2025Q3,9.0,5.0,4.0,0.0
225,调休,2025Q3,2.6,0,2.6,0.0
225,年假,2026Q1,9.0,0,9,9
225,调休,2026Q1,2.6,0,2.6,0.0
225,年假,2026Q2,9.0,0,9,0.0
225,调休,2026Q2,2.6,0,2.6,0.0
225,年假,2026Q3,9.0,0,9,0.0
225,调休,2026Q3,2.6,0,2.6,0.0
226,年假,2025Q1,10.0,0,10,0.0
226,调休,2025Q1,2.4,0,2.4,0.0
226,年假,2025Q2,10.0,0,10,0.0
226,调休,2025Q2,2.4,0,2.4,0.0
226,年假,2025Q3,10.0,0,10,0.0
226,调休,2025Q3,2.4,0,2.4,0.0
226,年假,2026Q1,10.0,0,10,10
226,调休,2026Q1,2.4,0,2.4,0.0
226,年假,2026Q2,10.0,0,10,0.0
226,调休,2026Q2,2.4,0,2.4,0.0
226,年假,2026Q3,10.0,0,10,0.0
226,调休,2026Q3,2.4,0,2.4,0.0
228,年假,2025Q1,9.0,0,9,0.0
228,调休,2025Q1,0.4,0,0.4,0.0
228,年假,2025Q2,9.0,1.0,8.0,0.0
228,调休,2025Q2,0.4,0,0.4,0.0
228,年假,2025Q3,9.0,1.0,8.0,0.0
228,调休,2025Q3,0.4,0,0.4,0.0
228,年假,2026Q1,9.0,0,9,9
228,调休,2026Q1,0.4,0,0.4,0.0
228,年假,2026Q2,9.0,0,9,0.0
228,调休,2026Q2,0.4,0,0.4,0.0
228,年假,2026Q3,9.0,0,9,0.0
228,调休,2026Q3,0.4,0,0.4,0.0
230,年假,2025Q1,11.0,0,11,0.0
230,调休,2025Q1,0.0,0,0.0,0.0
230,年假,2025Q2,11.0,0,11,0.0
230,调休,2025Q2,0.0,0,0.0,0.0
230,年假,2025Q3,11.0,0,11,0.0
230,调休,2025Q3,0.0,0,0.0,0.0
230,年假,2026Q1,11.0,0,11,11
230,调休,2026Q1,0.0,0.5,0.0,0.0
230,年假,2026Q2,11.0,0,11,0.0
230,调休,2026Q2,0.0,0.5,0.0,0.0
230,年假,2026Q3,11.0,0,11,0.0
230,调休,2026Q3,0.0,0.5,0.0,0.0
231,年假,2025Q1,10.0,0,10,0.0
231,调休,2025Q1,0.4,0,0.4,0.0
231,年假,2025Q2,10.0,0,10,0.0
231,调休,2025Q2,0.4,2.0,0.0,0.0
231,年假,2025Q3,10.0,0,10,0.0
231,调休,2025Q3,0.4,2.0,0.0,0.0
231,年假,2026Q1,10.0,0,10,10
231,调休,2026Q1,0.4,0,0.4,0.0
231,年假,2026Q2,10.0,0,10,0.0
231,调休,2026Q2,0.4,0,0.4,0.0
231,年假,2026Q3,10.0,0,10,0.0
231,调休,2026Q3,0.4,0,0.4,0.0
232,年假,2025Q1,8.0,0,8,0.0
232,调休,2025Q1,2.6,0,2.6,0.0
232,年假,2025Q2,8.0,0,8,0.0
232,调休,2025Q2,2.6,2.0,0.6,0.0
232,年假,2025Q3,8.0,0,8,0.0
232,调休,2025Q3,2.6,2.0,0.6,0.0
234,年假,2025Q1,8.0,0,8,0.0
234,调休,2025Q1,2.0,0,2.0,0.0
234,年假,2025Q2,8.0,1.0,7.0,0.0
234,调休,2025Q2,2.0,0,2.0,0.0
234,年假,2025Q3,8.0,3.0,5.0,0.0
234,调休,2025Q3,2.0,0,2.0,0.0
234,年假,2026Q1,8.0,0,8,8
234,调休,2026Q1,2.0,0,2.0,0.0
234,年假,2026Q2,8.0,0,8,0.0
234,调休,2026Q2,2.0,0,2.0,0.0
234,年假,2026Q3,8.0,0,8,0.0
234,调休,2026Q3,2.0,0,2.0,0.0
236,年假,2025Q1,9.0,0,9,0.0
236,调休,2025Q1,2.1,0,2.1,0.0
236,年假,2025Q2,9.0,0,9,0.0
236,调休,2025Q2,2.1,0,2.1,0.0
236,年假,2025Q3,9.0,0,9,0.0
236,调休,2025Q3,2.1,0,2.1,0.0
236,年假,2026Q1,9.0,0,9,9
236,调休,2026Q1,2.1,0,2.1,0.0
236,年假,2026Q2,9.0,3.0,6.0,0.0
236,调休,2026Q2,2.1,0,2.1,0.0
236,年假,2026Q3,9.0,3.0,6.0,0.0
236,调休,2026Q3,2.1,0,2.1,0.0
237,年假,2025Q1,9.0,0,9,0.0
237,调休,2025Q1,1.8,0,1.8,0.0
237,年假,2025Q2,9.0,0,9,0.0
237,调休,2025Q2,1.8,0,1.8,0.0
237,年假,2025Q3,9.0,0.5,8.5,0.0
237,调休,2025Q3,1.8,0,1.8,0.0
237,年假,2026Q1,9.0,0,9,9
237,调休,2026Q1,1.8,0,1.8,0.0
237,年假,2026Q2,9.0,0,9,0.0
237,调休,2026Q2,1.8,0,1.8,0.0
237,年假,2026Q3,9.0,1.0,8.0,0.0
237,调休,2026Q3,1.8,0,1.8,0.0
239,年假,2025Q1,9.0,0,9,0.0
239,调休,2025Q1,0.9,0,0.9,0.0
239,年假,2025Q2,9.0,1.0,8.0,0.0
239,调休,2025Q2,0.9,0,0.9,0.0
239,年假,2025Q3,9.0,1.0,8.0,0.0
239,调休,2025Q3,0.9,0,0.9,0.0
239,年假,2026Q1,9.0,2.0,7.0,7.0
239,调休,2026Q1,0.9,0,0.9,0.0
239,年假,2026Q2,9.0,2.0,7.0,0.0
239,调休,2026Q2,0.9,0,0.9,0.0
239,年假,2026Q3,9.0,2.0,7.0,0.0
239,调休,2026Q3,0.9,0,0.9,0.0
240,年假,2025Q1,9.0,0,9,0.0
240,调休,2025Q1,1.5,0,1.5,0.0
240,年假,2025Q2,9.0,0,9,0.0
240,调休,2025Q2,1.5,0,1.5,0.0
240,年假,2025Q3,9.0,0,9,0.0
240,调休,2025Q3,1.5,0,1.5,0.0
240,年假,2026Q1,9.0,0,9,9
240,调休,2026Q1,1.5,0,1.5,0.0
240,年假,2026Q2,9.0,0,9,0.0
240,调休,2026Q2,1.5,0,1.5,0.0
240,年假,2026Q3,9.0,0,9,0.0
240,调休,2026Q3,1.5,0,1.5,0.0
242,年假,2025Q1,10.0,0,10,0.0
242,调休,2025Q1,1.1,0,1.1,0.0
242,年假,2025Q2,10.0,0,10,0.0
242,调休,2025Q2,1.1,0,1.1,0.0
242,年假,2025Q3,10.0,0.5,9.5,0.0
242,调休,2025Q3,1.1,0,1.1,0.0
242,年假,2026Q1,10.0,0,10,10
242,调休,2026Q1,1.1,0,1.1,0.0
242,年假,2026Q2,10.0,0,10,0.0
242,调休,2026Q2,1.1,0,1.1,0.0
242,年假,2026Q3,10.0,0,10,0.0
242,调休,2026Q3,1.1,0,1.1,0.0
243,年假,2025Q1,9.0,0,9,0.0
243,调休,2025Q1,0.0,1.0,0.0,0.0
243,年假,2025Q2,9.0,0,9,0.0
243,调休,2025Q2,0.0,1.0,0.0,0.0
243,年假,2025Q3,9.0,0,9,0.0
243,调休,2025Q3,0.0,1.0,0.0,0.0
243,年假,2026Q1,9.0,0,9,9
243,调休,2026Q1,0.0,0,0.0,0.0
243,年假,2026Q2,9.0,0,9,0.0
243,调休,2026Q2,0.0,0,0.0,0.0
243,年假,2026Q3,9.0,1.0,8.0,0.0
243,调休,2026Q3,0.0,0,0.0,0.0
245,年假,2025Q1,10.0,0,10,0.0
245,调休,2025Q1,1.0,0,1.0,0.0
245,年假,2025Q2,10.0,0,10,0.0
245,调休,2025Q2,1.0,0,1.0,0.0
245,年假,2025Q3,10.0,0,10,0.0
245,调休,2025Q3,1.0,1.0,0.0,0.0
245,年假,2026Q1,10.0,0,10,10
245,调休,2026Q1,1.0,0.5,0.5,0.0
245,年假,2026Q2,10.0,0,10,0.0
245,调休,2026Q2,1.0,0.5,0.5,0.0
245,年假,2026Q3,10.0,1.0,9.0,0.0
245,调休,2026Q3,1.0,0.5,0.5,0.0
247,年假,2025Q1,7.0,0,7,0.0
247,调休,2025Q1,0.0,0,0.0,0.0
248,年假,2025Q1,9.0,0,9,0.0
248,调休,2025Q1,2.5,0,2.5,0.0
248,年假,2025Q2,9.0,2.0,7.0,0.0
248,调休,2025Q2,2.5,0,2.5,0.0
248,年假,2025Q3,9.0,2.0,7.0,0.0
248,调休,2025Q3,2.5,0,2.5,0.0
248,年假,2026Q1,9.0,0,9,9
248,调休,2026Q1,2.5,0,2.5,0.0
248,年假,2026Q2,9.0,0,9,0.0
248,调休,2026Q2,2.5,0,2.5,0.0
248,年假,2026Q3,9.0,0,9,0.0
248,调休,2026Q3,2.5,0,2.5,0.0
250,年假,2025Q1,10.0,0,10,0.0
250,调休,2025Q1,1.9,0,1.9,0.0
250,年假,2025Q2,10.0,0,10,0.0
250,调休,2025Q2,1.9,1.0,0.9,0.0
250,年假,2025Q3,10.0,0,10,0.0
250,调休,2025Q3,1.9,1.0,0.9,0.0
250,年假,2026Q1,10.0,0,10,10
250,调休,2026Q1,1.9,0,1.9,0.0
250,年假,2026Q2,10.0,0,10,0.0
250,调休,2026Q2,1.9,0,1.9,0.0
250,年假,2026Q3,10.0,0,10,0.0
250,调休,2026Q3,1.9,0,1.9,0.0
252,年假,2025Q1,9.0,0,9,0.0
252,调休,2025Q1,1.0,0,1.0,0.0
252,年假,2025Q2,9.0,0,9,0.0
252,调休,2025Q2,1.0,0,1.0,0.0
252,年假,2025Q3,9.0,0,9,0.0
252,调休,2025Q3,1.0,0,1.0,0.0
252,年假,2026Q1,9.0,0,9,9
252,调休,2026Q1,1.0,0,1.0,0.0
252,年假,2026Q2,9.0,0,9,0.0
252,调休,2026Q2,1.0,0,1.0,0.0
252,年假,2026Q3,9.0,2.0,7.0,0.0
252,调休,2026Q3,1.0,0,1.0,0.0
253,年假,2025Q1,9.0,0,9,0.0
253,调休,2025Q1,2.0,0,2.0,0.0
253,年假,2025Q2,9.0,0,9,0.0
253,调休,2025Q2,2.0,0,2.0,0.0
253,年假,2025Q3,9.0,0,9,0.0
253,调休,2025Q3,2.0,0,2.0,0.0
253,年假,2026Q1,9.0,0,9,9
253,调休,2026Q1,2.0,0,2.0,0.0
253,年假,2026Q2,9.0,0,9,0.0
253,调休,2026Q2,2.0,0,2.0,0.0
253,年假,2026Q3,9.0,2.0,7.0,0.0
253,调休,2026Q3,2.0,0,2.0,0.0
255,年假,2025Q1,10.0,0,10,0.0
255,调休,2025Q1,0.5,0,0.5,0.0
255,年假,2025Q2,10.0,0,10,0.0
255,调休,2025Q2,0.5,0,0.5,0.0
255,年假,2025Q3,10.0,0,10,0.0
255,调休,2025Q3,0.5,0,0.5,0.0
255,年假,2026Q1,10.0,0,10,10
255,调休,2026Q1,0.5,0,0.5,0.0
255,年假,2026Q2,10.0,0,10,0.0
255,调休,2026Q2,0.5,0,0.5,0.0
255,年假,2026Q3,10.0,0,10,0.0
255,调休,2026Q3,0.5,0,0.5,0.0
256,年假,2025Q1,10.0,0,10,0.0
256,调休,2025Q1,2.8,0,2.8,0.0
256,年假,2025Q2,10.0,0,10,0.0
256,调休,2025Q2,2.8,0,2.8,0.0
256,年假,2025Q3,10.0,0,10,0.0
256,调休,2025Q3,2.8,0,2.8,0.0
256,年假,2026Q1,10.0,0,10,10
256,调休,2026Q1,2.8,0,2.8,0.0
256,年假,2026Q2,10.0,0,10,0.0
256,调休,2026Q2,2.8,0,2.8,0.0
256,年假,2026Q3,10.0,0,10,0.0
256,调休,2026Q3,2.8,2.0,0.8,0.0
257,年假,2025Q1,10.0,0,10,0.0
257,调休,2025Q1,1.2,0,1.2,0.0
257,年假,2025Q2,10.0,0,10,0.0
257,调休,2025Q2,1.2,0,1.2,0.0
257,年假,2025Q3,10.0,0,10,0.0
257,调休,2025Q3,1.2,0,1.2,0.0
257,年假,2026Q1,10.0,0,10,10
257,调休,2026Q1,1.2,0,1.2,0.0
257,年假,2026Q2,10.0,0,10,0.0
257,调休,2026Q2,1.2,0,1.2,0.0
257,年假,2026Q3,10.0,0,10,0.0
257,调休,2026Q3,1.2,0,1.2,0.0
260,年假,2025Q1,9.0,0,9,0.0
260,调休,2025Q1,0.5,0,0.5,0.0
261,年假,2025Q1,10.0,0,10,0.0
261,调休,2025Q1,2.0,0,2.0,0.0
261,年假,2025Q2,10.0,0,10,0.0
261,调休,2025Q2,2.0,0,2.0,0.0
261,年假,2025Q3,10.0,0,10,0.0
261,调休,2025Q3,2.0,0,2.0,0.0
261,年假,2026Q1,10.0,0,10,10
261,调休,2026Q1,2.0,0,2.0,0.0
261,年假,2026Q2,10.0,0,10,0.0
261,调休,2026Q2,2.0,0,2.0,0.0
261,年假,2026Q3,10.0,0,10,0.0
261,调休,2026Q3,2.0,0,2.0,0.0
262,年假,2025Q1,10.0,0,10,0.0
262,调休,2025Q1,2.0,0,2.0,0.0
262,年假,2025Q2,10.0,3.0,7.0,0.0
262,调休,2025Q2,2.0,1.0,1.0,0.0
262,年假,2025Q3,10.0,5.0,5.0,0.0
262,调休,2025Q3,2.0,1.0,1.0,0.0
262,年假,2026Q1,10.0,0,10,10
262,调休,2026Q1,2.0,1.0,1.0,0.0
262,年假,2026Q2,10.0,0,10,0.0
262,调休,2026Q2,2.0,1.5,0.5,0.0
262,年假,2026Q3,10.0,0,10,0.0
262,调休,2026Q3,2.0,1.5,0.5,0.0
263,年假,2025Q1,9.0,0,9,0.0
263,调休,2025Q1,3.5,0,3.5,0.0
263,年假,2025Q2,9.0,0,9,0.0
263,调休,2025Q2,3.5,0,3.5,0.0
263,年假,2025Q3,9.0,0,9,0.0
263,调休,2025Q3,3.5,0,3.5,0.0
263,年假,2026Q1,9.0,0,9,9
263,调休,2026Q1,3.5,0,3.5,0.0
263,年假,2026Q2,9.0,0,9,0.0
263,调休,2026Q2,3.5,0,3.5,0.0
263,年假,2026Q3,9.0,0,9,0.0
263,调休,2026Q3,3.5,0,3.5,0.0
264,年假,2025Q1,10.0,0,10,0.0
264,调休,2025Q1,0.8,0,0.8,0.0
264,年假,2025Q2,10.0,0,10,0.0
264,调休,2025Q2,0.8,0,0.8,0.0
264,年假,2025Q3,10.0,0,10,0.0
264,调休,2025Q3,0.8,0,0.8,0.0
264,年假,2026Q1,10.0,0,10,10
264,调休,2026Q1,0.8,0,0.8,0.0
264,年假,2026Q2,10.0,0,10,0.0
264,调休,2026Q2,0.8,0,0.8,0.0
265,年假,2025Q1,8.0,0,8,0.0
265,调休,2025Q1,0.5,0,0.5,0.0
265,年假,2025Q2,8.0,0,8,0.0
265,调休,2025Q2,0.5,0,0.5,0.0
265,年假,2025Q3,8.0,0,8,0.0
265,调休,2025Q3,0.5,0,0.5,0.0
265,年假,2026Q1,8.0,0,8,8
265,调休,2026Q1,0.5,0,0.5,0.0
265,年假,2026Q2,8.0,0,8,0.0
265,调休,2026Q2,0.5,0,0.5,0.0
265,年假,2026Q3,8.0,0,8,0.0
265,调休,2026Q3,0.5,0,0.5,0.0
266,年假,2025Q1,10.0,2.0,8.0,0.0
266,调休,2025Q1,0.0,0,0.0,0.0
266,年假,2025Q2,10.0,2.0,8.0,0.0
266,调休,2025Q2,0.0,0,0.0,0.0
266,年假,2025Q3,10.0,2.0,8.0,0.0
266,调休,2025Q3,0.0,0,0.0,0.0
266,年假,2026Q1,10.0,0,10,10
266,调休,2026Q1,0.0,0,0.0,0.0
266,年假,2026Q2,10.0,0,10,0.0
266,调休,2026Q2,0.0,0,0.0,0.0
266,年假,2026Q3,10.0,0,10,0.0
266,调休,2026Q3,0.0,0,0.0,0.0
267,年假,2025Q1,10.0,2.0,8.0,0.0
267,调休,2025Q1,3.5,0,3.5,0.0
267,年假,2025Q2,10.0,2.0,8.0,0.0
267,调休,2025Q2,3.5,0,3.5,0.0
267,年假,2025Q3,10.0,2.0,8.0,0.0
267,调休,2025Q3,3.5,0,3.5,0.0
267,年假,2026Q1,10.0,0,10,10
267,调休,2026Q1,3.5,0,3.5,0.0
267,年假,2026Q2,10.0,0,10,0.0
267,调休,2026Q2,3.5,0,3.5,0.0
267,年假,2026Q3,10.0,0,10,0.0
267,调休,2026Q3,3.5,0,3.5,0.0
268,年假,2025Q1,10.0,0,10,0.0
268,调休,2025Q1,1.2,0,1.2,0.0
268,年假,2025Q2,10.0,0,10,0.0
268,调休,2025Q2,1.2,0,1.2,0.0
268,年假,2025Q3,10.0,0,10,0.0
268,调休,2025Q3,1.2,0,1.2,0.0
268,年假,2026Q1,10.0,0,10,10
268,调休,2026Q1,1.2,0,1.2,0.0
269,年假,2025Q1,9.0,0,9,0.0
269,调休,2025Q1,3.4,0,3.4,0.0
269,年假,2025Q2,9.0,0,9,0.0
269,调休,2025Q2,3.4,0,3.4,0.0
269,年假,2025Q3,9.0,0,9,0.0
269,调休,2025Q3,3.4,0,3.4,0.0
269,年假,2026Q1,9.0,0,9,9
269,调休,2026Q1,3.4,0,3.4,0.0
269,年假,2026Q2,9.0,0,9,0.0
269,调休,2026Q2,3.4,0,3.4,0.0
269,年假,2026Q3,9.0,0,9,0.0
269,调休,2026Q3,3.4,0,3.4,0.0
271,年假,2025Q1,9.0,0,9,0.0
271,调休,2025Q1,3.0,0,3.0,0.0
271,年假,2025Q2,9.0,8.0,1.0,0.0
271,调休,2025Q2,3.0,0,3.0,0.0
271,年假,2025Q3,9.0,8.0,1.0,0.0
271,调休,2025Q3,3.0,0,3.0,0.0
271,年假,2026Q1,9.0,1.0,8.0,8.0
271,调休,2026Q1,3.0,0,3.0,0.0
271,年假,2026Q2,9.0,1.0,8.0,0.0
271,调休,2026Q2,3.0,0,3.0,0.0
271,年假,2026Q3,9.0,1.0,8.0,0.0
271,调休,2026Q3,3.0,0,3.0,0.0
272,年假,2025Q1,9.0,0,9,0.0
272,调休,2025Q1,1.2,0,1.2,0.0
272,年假,2025Q2,9.0,0,9,0.0
272,调休,2025Q2,1.2,0,1.2,0.0
272,年假,2025Q3,9.0,0,9,0.0
272,调休,2025Q3,1.2,0,1.2,0.0
272,年假,2026Q1,9.0,5.0,4.0,4.0
272,调休,2026Q1,1.2,0,1.2,0.0
272,年假,2026Q2,9.0,5.0,4.0,0.0
272,调休,2026Q2,1.2,0,1.2,0.0
272,年假,2026Q3,9.0,5.0,4.0,0.0
272,调休,2026Q3,1.2,0,1.2,0.0
273,年假,2025Q1,10.0,0,10,0.0
273,调休,2025Q1,0.2,0,0.2,0.0
273,年假,2025Q2,10.0,0,10,0.0
273,调休,2025Q2,0.2,0,0.2,0.0
273,年假,2025Q3,10.0,3.0,7.0,0.0
273,调休,2025Q3,0.2,0,0.2,0.0
273,年假,2026Q1,10.0,0,10,10
273,调休,2026Q1,0.2,0,0.2,0.0
273,年假,2026Q2,10.0,0.5,9.5,0.0
273,调休,2026Q2,0.2,0.5,0.0,0.0
273,年假,2026Q3,10.0,1.5,8.5,0.0
273,调休,2026Q3,0.2,0.5,0.0,0.0
275,年假,2025Q1,11.0,0,11,0.0
275,调休,2025Q1,1.4,0,1.4,0.0
275,年假,2025Q2,11.0,0,11,0.0
275,调休,2025Q2,1.4,0,1.4,0.0
275,年假,2025Q3,11.0,0,11,0.0
275,调休,2025Q3,1.4,0,1.4,0.0
275,年假,2026Q1,11.0,0,11,11
275,调休,2026Q1,1.4,0,1.4,0.0
275,年假,2026Q2,11.0,0,11,0.0
275,调休,2026Q2,1.4,0,1.4,0.0
275,年假,2026Q3,11.0,3.0,8.0,0.0
275,调休,2026Q3,1.4,0,1.4,0.0
278,年假,2025Q1,10.0,0,10,0.0
278,调休,2025Q1,0.5,0,0.5,0.0
278,年假,2025Q2,10.0,2.0,8.0,0.0
278,调休,2025Q2,0.5,0,0.5,0.0
278,年假,2025Q3,10.0,2.0,8.0,0.0
278,调休,2025Q3,0.5,0,0.5,0.0
278,年假,2026Q1,10.0,0,10,10
278,调休,2026Q1,0.5,0,0.5,0.0
278,年假,2026Q2,10.0,0,10,0.0
278,调休,2026Q2,0.5,0,0.5,0.0
278,年假,2026Q3,10.0,0,10,0.0
278,调休,2026Q3,0.5,0,0.5,0.0
279,年假,2025Q1,10.0,0,10,0.0
279,调休,2025Q1,0.5,0,0.5,0.0
279,年假,2025Q2,10.0,0,10,0.0
279,调休,2025Q2,0.5,0,0.5,0.0
279,年假,2025Q3,10.0,0,10,0.0
279,调休,2025Q3,0.5,0,0.5,0.0
279,年假,2026Q1,10.0,0,10,10
279,调休,2026Q1,0.5,0,0.5,0.0
279,年假,2026Q2,10.0,1.0,9.0,0.0
279,调休,2026Q2,0.5,0,0.5,0.0
279,年假,2026Q3,10.0,1.0,9.0,0.0
279,调休,2026Q3,0.5,0,0.5,0.0
280,年假,2025Q1,9.0,0,9,0.0
280,调休,2025Q1,0.8,0,0.8,0.0
280,年假,2025Q2,9.0,0,9,0.0
280,调休,2025Q2,0.8,0,0.8,0.0
280,年假,2025Q3,9.0,1.0,8.0,0.0
280,调休,2025Q3,0.8,0,0.8,0.0
280,年假,2026Q1,9.0,0,9,9
280,调休,2026Q1,0.8,0,0.8,0.0
280,年假,2026Q2,9.0,0,9,0.0
280,调休,2026Q2,0.8,0,0.8,0.0
280,年假,2026Q3,9.0,0,9,0.0
280,调休,2026Q3,0.8,0,0.8,0.0
281,年假,2025Q1,11.0,0,11,0.0
281,调休,2025Q1,1.4,0,1.4,0.0
281,年假,2025Q2,11.0,2.0,9.0,0.0
281,调休,2025Q2,1.4,0,1.4,0.0
281,年假,2025Q3,11.0,2.0,9.0,0.0
281,调休,2025Q3,1.4,0,1.4,0.0
281,年假,2026Q1,11.0,0,11,11
281,调休,2026Q1,1.4,0,1.4,0.0
281,年假,2026Q2,11.0,0,11,0.0
281,调休,2026Q2,1.4,0,1.4,0.0
281,年假,2026Q3,11.0,0,11,0.0
281,调休,2026Q3,1.4,0,1.4,0.0
282,年假,2025Q1,9.0,0,9,0.0
282,调休,2025Q1,2.0,0,2.0,0.0
282,年假,2025Q2,9.0,0,9,0.0
282,调休,2025Q2,2.0,0,2.0,0.0
282,年假,2025Q3,9.0,0,9,0.0
282,调休,2025Q3,2.0,0,2.0,0.0
282,年假,2026Q1,9.0,0,9,9
282,调休,2026Q1,2.0,0,2.0,0.0
282,年假,2026Q2,9.0,0,9,0.0
282,调休,2026Q2,2.0,0,2.0,0.0
282,年假,2026Q3,9.0,0,9,0.0
282,调休,2026Q3,2.0,0,2.0,0.0
283,年假,2025Q1,8.0,0,8,0.0
283,调休,2025Q1,2.8,0,2.8,0.0
283,年假,2025Q2,8.0,0,8,0.0
283,调休,2025Q2,2.8,0,2.8,0.0
283,年假,2025Q3,8.0,0,8,0.0
283,调休,2025Q3,2.8,0,2.8,0.0
283,年假,2026Q1,8.0,0,8,8
283,调休,2026Q1,2.8,0,2.8,0.0
283,年假,2026Q2,8.0,0,8,0.0
283,调休,2026Q2,2.8,0,2.8,0.0
283,年假,2026Q3,8.0,0,8,0.0
283,调休,2026Q3,2.8,1.0,1.8,0.0
284,年假,2025Q1,8.0,5.0,3.0,0.0
284,调休,2025Q1,1.2,0,1.2,0.0
284,年假,2025Q2,8.0,5.0,3.0,0.0
284,调休,2025Q2,1.2,0,1.2,0.0
284,年假,2025Q3,8.0,5.0,3.0,0.0
284,调休,2025Q3,1.2,0,1.2,0.0
284,年假,2026Q1,8.0,0,8,8
284,调休,2026Q1,1.2,0,1.2,0.0
284,年假,2026Q2,8.0,0,8,0.0
284,调休,2026Q2,1.2,0,1.2,0.0
284,年假,2026Q3,8.0,0,8,0.0
284,调休,2026Q3,1.2,1.0,0.2,0.0
285,年假,2025Q1,7.0,0,7,0.0
285,调休,2025Q1,0.9,2.0,0.0,0.0
285,年假,2025Q2,7.0,0,7,0.0
285,调休,2025Q2,0.9,2.0,0.0,0.0
287,年假,2025Q1,8.0,0,8,0.0
287,调休,2025Q1,1.0,3.0,0.0,0.0
287,年假,2025Q2,8.0,0,8,0.0
287,调休,2025Q2,1.0,3.0,0.0,0.0
287,年假,2025Q3,8.0,0,8,0.0
287,调休,2025Q3,1.0,3.0,0.0,0.0
287,年假,2026Q1,8.0,0,8,8
287,调休,2026Q1,1.0,0,1.0,0.0
287,年假,2026Q2,8.0,0,8,0.0
287,调休,2026Q2,1.0,0,1.0,0.0
287,年假,2026Q3,8.0,1.0,7.0,0.0
287,调休,2026Q3,1.0,0,1.0,0.0
288,年假,2025Q1,8.0,0,8,0.0
288,调休,2025Q1,0.4,0,0.4,0.0
288,年假,2025Q2,8.0,0,8,0.0
288,调休,2025Q2,0.4,0,0.4,0.0
288,年假,2025Q3,8.0,0,8,0.0
288,调休,2025Q3,0.4,0,0.4,0.0
288,年假,2026Q1,8.0,0,8,8
288,调休,2026Q1,0.4,0,0.4,0.0
288,年假,2026Q2,8.0,0,8,0.0
288,调休,2026Q2,0.4,0,0.4,0.0
288,年假,2026Q3,8.0,0,8,0.0
288,调休,2026Q3,0.4,1.0,0.0,0.0
289,年假,2025Q1,7.0,0,7,0.0
289,调休,2025Q1,0.0,0,0.0,0.0
289,年假,2025Q2,7.0,0,7,0.0
289,调休,2025Q2,0.0,0,0.0,0.0
291,年假,2025Q1,8.0,0,8,0.0
291,调休,2025Q1,2.8,1.0,1.8,0.0
291,年假,2025Q2,8.0,0,8,0.0
291,调休,2025Q2,2.8,1.0,1.8,0.0
291,年假,2025Q3,8.0,0,8,0.0
291,调休,2025Q3,2.8,1.0,1.8,0.0
291,年假,2026Q1,8.0,3.0,5.0,5.0
291,调休,2026Q1,2.8,0,2.8,0.0
291,年假,2026Q2,8.0,3.0,5.0,0.0
291,调休,2026Q2,2.8,0,2.8,0.0
291,年假,2026Q3,8.0,3.0,5.0,0.0
291,调休,2026Q3,2.8,0,2.8,0.0
292,年假,2025Q1,8.0,0,8,0.0
292,调休,2025Q1,1.2,0,1.2,0.0
292,年假,2025Q2,8.0,0,8,0.0
292,调休,2025Q2,1.2,0,1.2,0.0
292,年假,2025Q3,8.0,0,8,0.0
292,调休,2025Q3,1.2,0,1.2,0.0
292,年假,2026Q1,8.0,0,8,8
292,调休,2026Q1,1.2,0,1.2,0.0
292,年假,2026Q2,8.0,0,8,0.0
292,调休,2026Q2,1.2,0,1.2,0.0
292,年假,2026Q3,8.0,0,8,0.0
292,调休,2026Q3,1.2,0,1.2,0.0
293,年假,2025Q1,8.0,0,8,0.0
293,调休,2025Q1,1.5,1.0,0.5,0.0
293,年假,2025Q2,8.0,1.0,7.0,0.0
293,调休,2025Q2,1.5,1.0,0.5,0.0
293,年假,2025Q3,8.0,1.0,7.0,0.0
293,调休,2025Q3,1.5,1.0,0.5,0.0
293,年假,2026Q1,8.0,5.0,3.0,3.0
293,调休,2026Q1,1.5,0,1.5,0.0
293,年假,2026Q2,8.0,5.0,3.0,0.0
293,调休,2026Q2,1.5,0,1.5,0.0
293,年假,2026Q3,8.0,5.0,3.0,0.0
293,调休,2026Q3,1.5,0,1.5,0.0
295,年假,2025Q1,8.0,0,8,0.0
295,调休,2025Q1,2.6,0,2.6,0.0
295,年假,2025Q2,8.0,0,8,0.0
295,调休,2025Q2,2.6,0,2.6,0.0
295,年假,2025Q3,8.0,0,8,0.0
295,调休,2025Q3,2.6,0,2.6,0.0
295,年假,2026Q1,8.0,0,8,8
295,调休,2026Q1,2.6,0,2.6,0.0
295,年假,2026Q2,8.0,0,8,0.0
295,调休,2026Q2,2.6,0,2.6,0.0
295,年假,2026Q3,8.0,0,8,0.0
295,调休,2026Q3,2.6,0,2.6,0.0
297,年假,2025Q1,8.0,0,8,0.0
297,调休,2025Q1,1.1,0,1.1,0.0
297,年假,2025Q2,8.0,0,8,0.0
297,调休,2025Q2,1.1,0,1.1,0.0
297,年假,2025Q3,8.0,0,8,0.0
297,调休,2025Q3,1.1,0,1.1,0.0
297,年假,2026Q1,8.0,0,8,8
297,调休,2026Q1,1.1,0,1.1,0.0
297,年假,2026Q2,8.0,0,8,0.0
297,调休,2026Q2,1.1,0,1.1,0.0
297,年假,2026Q3,8.0,0,8,0.0
297,调休,2026Q3,1.1,0,1.1,0.0
298,年假,2025Q1,8.0,0,8,0.0
298,调休,2025Q1,0.0,0,0.0,0.0
298,年假,2025Q2,8.0,0,8,0.0
298,调休,2025Q2,0.0,0,0.0,0.0
298,年假,2025Q3,8.0,0,8,0.0
298,调休,2025Q3,0.0,0,0.0,0.0
298,年假,2026Q1,8.0,0,8,8
298,调休,2026Q1,0.0,0,0.0,0.0
298,年假,2026Q2,8.0,0,8,0.0
298,调休,2026Q2,0.0,0,0.0,0.0
298,年假,2026Q3,8.0,0,8,0.0
298,调休,2026Q3,0.0,0,0.0,0.0
299,年假,2025Q1,8.0,0,8,0.0
299,调休,2025Q1,1.8,0,1.8,0.0
299,年假,2025Q2,8.0,0,8,0.0
299,调休,2025Q2,1.8,0,1.8,0.0
299,年假,2025Q3,8.0,0,8,0.0
299,调休,2025Q3,1.8,0,1.8,0.0
299,年假,2026Q1,8.0,0,8,8
299,调休,2026Q1,1.8,0,1.8,0.0
299,年假,2026Q2,8.0,0,8,0.0
299,调休,2026Q2,1.8,0,1.8,0.0
299,年假,2026Q3,8.0,0,8,0.0
299,调休,2026Q3,1.8,0,1.8,0.0
302,年假,2025Q1,8.0,0,8,0.0
302,调休,2025Q1,2.5,0,2.5,0.0
302,年假,2025Q2,8.0,0,8,0.0
302,调休,2025Q2,2.5,0,2.5,0.0
302,年假,2025Q3,8.0,0,8,0.0
302,调休,2025Q3,2.5,0,2.5,0.0
302,年假,2026Q1,8.0,0,8,8
302,调休,2026Q1,2.5,0,2.5,0.0
302,年假,2026Q2,8.0,0,8,0.0
302,调休,2026Q2,2.5,0,2.5,0.0
302,年假,2026Q3,8.0,0,8,0.0
302,调休,2026Q3,2.5,0,2.5,0.0
303,年假,2025Q1,8.0,0,8,0.0
303,调休,2025Q1,1.2,0,1.2,0.0
303,年假,2025Q2,8.0,0,8,0.0
303,调休,2025Q2,1.2,0,1.2,0.0
303,年假,2025Q3,8.0,0,8,0.0
303,调休,2025Q3,1.2,0,1.2,0.0
303,年假,2026Q1,8.0,0,8,8
303,调休,2026Q1,1.2,0,1.2,0.0
303,年假,2026Q2,8.0,0,8,0.0
303,调休,2026Q2,1.2,0,1.2,0.0
303,年假,2026Q3,8.0,0,8,0.0
303,调休,2026Q3,1.2,0,1.2,0.0
305,年假,2025Q1,8.0,0,8,0.0
305,调休,2025Q1,0.0,0,0.0,0.0
305,年假,2025Q2,8.0,0,8,0.0
305,调休,2025Q2,0.0,0,0.0,0.0
305,年假,2025Q3,8.0,0,8,0.0
305,调休,2025Q3,0.0,0,0.0,0.0
305,年假,2026Q1,8.0,0,8,8
305,调休,2026Q1,0.0,0,0.0,0.0
305,年假,2026Q2,8.0,0,8,0.0
305,调休,2026Q2,0.0,0,0.0,0.0
305,年假,2026Q3,8.0,0,8,0.0
305,调休,2026Q3,0.0,0,0.0,0.0
307,年假,2025Q1,8.0,0,8,0.0
307,调休,2025Q1,0.8,0,0.8,0.0
307,年假,2025Q2,8.0,0,8,0.0
307,调休,2025Q2,0.8,0,0.8,0.0
307,年假,2025Q3,8.0,0,8,0.0
307,调休,2025Q3,0.8,0,0.8,0.0
307,年假,2026Q1,8.0,0,8,8
307,调休,2026Q1,0.8,0,0.8,0.0
307,年假,2026Q2,8.0,0,8,0.0
307,调休,2026Q2,0.8,0,0.8,0.0
307,年假,2026Q3,8.0,0.5,7.5,0.0
307,调休,2026Q3,0.8,0,0.8,0.0
308,年假,2025Q1,8.0,0,8,0.0
308,调休,2025Q1,1.9,0,1.9,0.0
308,年假,2025Q2,8.0,2.0,6.0,0.0
308,调休,2025Q2,1.9,0,1.9,0.0
308,年假,2025Q3,8.0,2.0,6.0,0.0
308,调休,2025Q3,1.9,0,1.9,0.0
308,年假,2026Q1,8.0,0,8,8
308,调休,2026Q1,1.9,0,1.9,0.0
308,年假,2026Q2,8.0,0,8,0.0
308,调休,2026Q2,1.9,0,1.9,0.0
308,年假,2026Q3,8.0,0,8,0.0
308,调休,2026Q3,1.9,2.0,0.0,0.0
309,年假,2025Q1,8.0,3.5,4.5,0.0
309,调休,2025Q1,3.5,0,3.5,0.0
309,年假,2025Q2,8.0,3.5,4.5,0.0
309,调休,2025Q2,3.5,0,3.5,0.0
309,年假,2025Q3,8.0,3.5,4.5,0.0
309,调休,2025Q3,3.5,0,3.5,0.0
309,年假,2026Q1,8.0,0,8,8
309,调休,2026Q1,3.5,0,3.5,0.0
309,年假,2026Q2,8.0,0,8,0.0
309,调休,2026Q2,3.5,0,3.5,0.0
309,年假,2026Q3,8.0,0,8,0.0
309,调休,2026Q3,3.5,0,3.5,0.0
310,年假,2025Q1,8.0,0,8,0.0
310,调休,2025Q1,3.6,0,3.6,0.0
310,年假,2025Q2,8.0,0,8,0.0
310,调休,2025Q2,3.6,0,3.6,0.0
310,年假,2025Q3,8.0,0,8,0.0
310,调休,2025Q3,3.6,0,3.6,0.0
310,年假,2026Q1,8.0,0,8,8
310,调休,2026Q1,3.6,0,3.6,0.0
310,年假,2026Q2,8.0,0,8,0.0
310,调休,2026Q2,3.6,0,3.6,0.0
310,年假,2026Q3,8.0,0,8,0.0
310,调休,2026Q3,3.6,0,3.6,0.0
311,年假,2025Q1,8.0,0,8,0.0
311,调休,2025Q1,1.2,0,1.2,0.0
311,年假,2025Q2,8.0,0,8,0.0
311,调休,2025Q2,1.2,0,1.2,0.0
311,年假,2025Q3,8.0,0,8,0.0
311,调休,2025Q3,1.2,0,1.2,0.0
311,年假,2026Q1,8.0,0,8,8
311,调休,2026Q1,1.2,0,1.2,0.0
311,年假,2026Q2,8.0,0,8,0.0
311,调休,2026Q2,1.2,0,1.2,0.0
311,年假,2026Q3,8.0,0,8,0.0
311,调休,2026Q3,1.2,0,1.2,0.0
312,年假,2025Q1,8.0,0.5,7.5,0.0
312,调休,2025Q1,0.5,0,0.5,0.0
312,年假,2025Q2,8.0,2.5,5.5,0.0
312,调休,2025Q2,0.5,0,0.5,0.0
312,年假,2025Q3,8.0,2.5,5.5,0.0
312,调休,2025Q3,0.5,0,0.5,0.0
312,年假,2026Q1,8.0,0,8,8
312,调休,2026Q1,0.5,0,0.5,0.0
312,年假,2026Q2,8.0,3.0,5.0,0.0
312,调休,2026Q2,0.5,0,0.5,0.0
312,年假,2026Q3,8.0,3.0,5.0,0.0
312,调休,2026Q3,0.5,0,0.5,0.0
313,年假,2025Q1,8.0,0,8,0.0
313,调休,2025Q1,1.5,0,1.5,0.0
313,年假,2025Q2,8.0,2.0,6.0,0.0
313,调休,2025Q2,1.5,0,1.5,0.0
313,年假,2025Q3,8.0,2.0,6.0,0.0
313,调休,2025Q3,1.5,0,1.5,0.0
313,年假,2026Q1,8.0,0,8,8
313,调休,2026Q1,1.5,0,1.5,0.0
313,年假,2026Q2,8.0,0,8,0.0
313,调休,2026Q2,1.5,0,1.5,0.0
313,年假,2026Q3,8.0,0,8,0.0
313,调休,2026Q3,1.5,0,1.5,0.0
315,年假,2025Q1,8.0,0,8,0.0
315,调休,2025Q1,1.8,0,1.8,0.0
315,年假,2025Q2,8.0,1.0,7.0,0.0
315,调休,2025Q2,1.8,0,1.8,0.0
315,年假,2025Q3,8.0,1.0,7.0,0.0
315,调休,2025Q3,1.8,0,1.8,0.0
315,年假,2026Q1,8.0,0,8,8
315,调休,2026Q1,1.8,0,1.8,0.0
315,年假,2026Q2,8.0,0,8,0.0
315,调休,2026Q2,1.8,0,1.8,0.0
315,年假,2026Q3,8.0,0,8,0.0
315,调休,2026Q3,1.8,0,1.8,0.0
316,年假,2025Q1,8.0,0,8,0.0
316,调休,2025Q1,2.5,0,2.5,0.0
316,年假,2025Q2,8.0,0,8,0.0
316,调休,2025Q2,2.5,0,2.5,0.0
316,年假,2025Q3,8.0,0,8,0.0
316,调休,2025Q3,2.5,0,2.5,0.0
316,年假,2026Q1,8.0,0,8,8
316,调休,2026Q1,2.5,1.0,1.5,0.0
316,年假,2026Q2,8.0,0,8,0.0
316,调休,2026Q2,2.5,1.0,1.5,0.0
316,年假,2026Q3,8.0,0,8,0.0
316,调休,2026Q3,2.5,1.0,1.5,0.0
317,年假,2025Q1,8.0,0,8,0.0
317,调休,2025Q1,0.5,0,0.5,0.0
317,年假,2025Q2,8.0,0,8,0.0
317,调休,2025Q2,0.5,0,0.5,0.0
317,年假,2025Q3,8.0,0,8,0.0
317,调休,2025Q3,0.5,0,0.5,0.0
317,年假,2026Q1,8.0,0,8,8
317,调休,2026Q1,0.5,0,0.5,0.0
317,年假,2026Q2,8.0,0,8,0.0
317,调休,2026Q2,0.5,0,0.5,0.0
317,年假,2026Q3,8.0,0,8,0.0
317,调休,2026Q3,0.5,1.0,0.0,0.0
319,年假,2025Q1,8.0,0,8,0.0
319,调休,2025Q1,1.8,0,1.8,0.0
319,年假,2025Q2,8.0,0,8,0.0
319,调休,2025Q2,1.8,0,1.8,0.0
319,年假,2025Q3,8.0,0,8,0.0
319,调休,2025Q3,1.8,0,1.8,0.0
319,年假,2026Q1,8.0,3.5,4.5,4.5
319,调休,2026Q1,1.8,0,1.8,0.0
319,年假,2026Q2,8.0,3.5,4.5,0.0
319,调休,2026Q2,1.8,0,1.8,0.0
319,年假,2026Q3,8.0,3.5,4.5,0.0
319,调休,2026Q3,1.8,0,1.8,0.0
320,年假,2025Q1,8.0,0,8,0.0
320,调休,2025Q1,0.5,0,0.5,0.0
320,年假,2025Q2,8.0,0,8,0.0
320,调休,2025Q2,0.5,0,0.5,0.0
320,年假,2025Q3,8.0,0,8,0.0
320,调休,2025Q3,0.5,0,0.5,0.0
320,年假,2026Q1,8.0,0,8,8
320,调休,2026Q1,0.5,0,0.5,0.0
320,年假,2026Q2,8.0,0,8,0.0
320,调休,2026Q2,0.5,1.0,0.0,0.0
320,年假,2026Q3,8.0,0,8,0.0
320,调休,2026Q3,0.5,1.0,0.0,0.0
321,年假,2025Q1,7.0,0,7,0.0
321,调休,2025Q1,2.4,0.5,1.9,0.0
321,年假,2025Q2,7.0,0,7,0.0
321,调休,2025Q2,2.4,0.5,1.9,0.0
321,年假,2025Q3,7.0,0,7,0.0
321,调休,2025Q3,2.4,0.5,1.9,0.0
323,年假,2025Q1,8.0,0,8,0.0
323,调休,2025Q1,1.0,0,1.0,0.0
323,年假,2025Q2,8.0,0,8,0.0
323,调休,2025Q2,1.0,0,1.0,0.0
323,年假,2025Q3,8.0,0,8,0.0
323,调休,2025Q3,1.0,0,1.0,0.0
323,年假,2026Q1,8.0,3.0,5.0,5.0
323,调休,2026Q1,1.0,0,1.0,0.0
323,年假,2026Q2,8.0,3.0,5.0,0.0
323,调休,2026Q2,1.0,0,1.0,0.0
323,年假,2026Q3,8.0,5.0,3.0,0.0
323,调休,2026Q3,1.0,1.0,0.0,0.0
325,年假,2025Q1,8.0,0,8,0.0
325,调休,2025Q1,1.2,0,1.2,0.0
325,年假,2025Q2,8.0,0,8,0.0
325,调休,2025Q2,1.2,1.0,0.2,0.0
325,年假,2025Q3,8.0,0,8,0.0
325,调休,2025Q3,1.2,1.0,0.2,0.0
325,年假,2026Q1,8.0,0,8,8
325,调休,2026Q1,1.2,0,1.2,0.0
325,年假,2026Q2,8.0,0,8,0.0
325,调休,2026Q2,1.2,0,1.2,0.0
325,年假,2026Q3,8.0,0,8,0.0
325,调休,2026Q3,1.2,0,1.2,0.0
327,年假,2025Q1,8.0,0,8,0.0
327,调休,2025Q1,1.2,0.5,0.8,0.0
327,年假,2025Q2,8.0,0,8,0.0
327,调休,2025Q2,1.2,0.5,0.8,0.0
327,年假,2025Q3,8.0,0,8,0.0
327,调休,2025Q3,1.2,0.5,0.8,0.0
327,年假,2026Q1,8.0,0,8,8
327,调休,2026Q1,1.2,0,1.2,0.0
327,年假,2026Q2,8.0,0,8,0.0
327,调休,2026Q2,1.2,0,1.2,0.0
327,年假,2026Q3,8.0,0,8,0.0
327,调休,2026Q3,1.2,0,1.2,0.0
328,年假,2025Q1,8.0,1.0,7.0,0.0
328,调休,2025Q1,1.0,0,1.0,0.0
328,年假,2025Q2,8.0,1.0,7.0,0.0
328,调休,2025Q2,1.0,0,1.0,0.0
328,年假,2025Q3,8.0,1.0,7.0,0.0
328,调休,2025Q3,1.0,0,1.0,0.0
328,年假,2026Q1,8.0,0,8,8
328,调休,2026Q1,1.0,0,1.0,0.0
328,年假,2026Q2,8.0,0,8,0.0
328,调休,2026Q2,1.0,0,1.0,0.0
328,年假,2026Q3,8.0,0,8,0.0
328,调休,2026Q3,1.0,0,1.0,0.0
329,年假,2025Q1,7.0,0,7,0.0
329,调休,2025Q1,0.4,0,0.4,0.0
329,年假,2025Q2,7.0,0,7,0.0
329,调休,2025Q2,0.4,0,0.4,0.0
329,年假,2025Q3,7.0,0,7,0.0
329,调休,2025Q3,0.4,0,0.4,0.0
331,年假,2025Q1,8.0,0,8,0.0
331,调休,2025Q1,1.0,0,1.0,0.0
331,年假,2025Q2,8.0,3.0,5.0,0.0
331,调休,2025Q2,1.0,1.0,0.0,0.0
331,年假,2025Q3,8.0,3.0,5.0,0.0
331,调休,2025Q3,1.0,1.0,0.0,0.0
331,年假,2026Q1,8.0,0,8,8
331,调休,2026Q1,1.0,0,1.0,0.0
331,年假,2026Q2,8.0,0,8,0.0
331,调休,2026Q2,1.0,1.0,0.0,0.0
331,年假,2026Q3,8.0,0,8,0.0
331,调休,2026Q3,1.0,1.0,0.0,0.0
333,年假,2025Q1,8.0,0,8,0.0
333,调休,2025Q1,1.1,0,1.1,0.0
333,年假,2025Q2,8.0,0,8,0.0
333,调休,2025Q2,1.1,0,1.1,0.0
333,年假,2025Q3,8.0,2.0,6.0,0.0
333,调休,2025Q3,1.1,0,1.1,0.0
333,年假,2026Q1,8.0,0,8,8
333,调休,2026Q1,1.1,0,1.1,0.0
333,年假,2026Q2,8.0,0,8,0.0
333,调休,2026Q2,1.1,0,1.1,0.0
333,年假,2026Q3,8.0,0,8,0.0
333,调休,2026Q3,1.1,0,1.1,0.0
334,年假,2025Q1,8.0,0,8,0.0
334,调休,2025Q1,0.0,0,0.0,0.0
334,年假,2025Q2,8.0,0,8,0.0
334,调休,2025Q2,0.0,0,0.0,0.0
334,年假,2025Q3,8.0,0,8,0.0
334,调休,2025Q3,0.0,0,0.0,0.0
334,年假,2026Q1,8.0,0,8,8
334,调休,2026Q1,0.0,0,0.0,0.0
334,年假,2026Q2,8.0,0,8,0.0
334,调休,2026Q2,0.0,0,0.0,0.0
334,年假,2026Q3,8.0,0,8,0.0
334,调休,2026Q3,0.0,0,0.0,0.0
335,年假,2025Q1,8.0,0,8,0.0
335,调休,2025Q1,0.0,0,0.0,0.0
335,年假,2025Q2,8.0,0,8,0.0
335,调休,2025Q2,0.0,0,0.0,0.0
335,年假,2025Q3,8.0,0,8,0.0
335,调休,2025Q3,0.0,0,0.0,0.0
335,年假,2026Q1,8.0,0,8,8
335,调休,2026Q1,0.0,0,0.0,0.0
335,年假,2026Q2,8.0,0,8,0.0
335,调休,2026Q2,0.0,0,0.0,0.0
335,年假,2026Q3,8.0,1.0,7.0,0.0
335,调休,2026Q3,0.0,0,0.0,0.0
338,年假,2025Q1,8.0,0,8,0.0
338,调休,2025Q1,0.8,0,0.8,0.0
338,年假,2025Q2,8.0,0,8,0.0
338,调休,2025Q2,0.8,0,0.8,0.0
338,年假,2025Q3,8.0,2.0,6.0,0.0
338,调休,2025Q3,0.8,0,0.8,0.0
338,年假,2026Q1,8.0,0,8,8
338,调休,2026Q1,0.8,0,0.8,0.0
338,年假,2026Q2,8.0,0,8,0.0
338,调休,2026Q2,0.8,0,0.8,0.0
338,年假,2026Q3,8.0,0,8,0.0
338,调休,2026Q3,0.8,0,0.8,0.0
339,年假,2025Q1,8.0,0,8,0.0
339,调休,2025Q1,0.0,0,0.0,0.0
339,年假,2025Q2,8.0,0,8,0.0
339,调休,2025Q2,0.0,0,0.0,0.0
339,年假,2025Q3,8.0,0,8,0.0
339,调休,2025Q3,0.0,0,0.0,0.0
339,年假,2026Q1,8.0,0,8,8
339,调休,2026Q1,0.0,0,0.0,0.0
339,年假,2026Q2,8.0,0,8,0.0
339,调休,2026Q2,0.0,0,0.0,0.0
341,年假,2025Q1,8.0,0,8,0.0
341,调休,2025Q1,3.1,0,3.1,0.0
341,年假,2025Q2,8.0,0,8,0.0
341,调休,2025Q2,3.1,0,3.1,0.0
341,年假,2025Q3,8.0,0,8,0.0
341,调休,2025Q3,3.1,0,3.1,0.0
341,年假,2026Q1,8.0,0,8,8
341,调休,2026Q1,3.1,0,3.1,0.0
341,年假,2026Q2,8.0,2.0,6.0,0.0
341,调休,2026Q2,3.1,1.0,2.1,0.0
341,年假,2026Q3,8.0,2.0,6.0,0.0
341,调休,2026Q3,3.1,1.0,2.1,0.0
342,年假,2025Q1,8.0,0,8,0.0
342,调休,2025Q1,2.0,0,2.0,0.0
342,年假,2025Q2,8.0,0,8,0.0
342,调休,2025Q2,2.0,0,2.0,0.0
342,年假,2025Q3,8.0,0,8,0.0
342,调休,2025Q3,2.0,0,2.0,0.0
342,年假,2026Q1,8.0,0,8,8
342,调休,2026Q1,2.0,0,2.0,0.0
342,年假,2026Q2,8.0,0,8,0.0
342,调休,2026Q2,2.0,0,2.0,0.0
342,年假,2026Q3,8.0,0,8,0.0
342,调休,2026Q3,2.0,0,2.0,0.0
343,年假,2025Q1,8.0,0,8,0.0
343,调休,2025Q1,2.8,0,2.8,0.0
343,年假,2025Q2,8.0,0,8,0.0
343,调休,2025Q2,2.8,0,2.8,0.0
343,年假,2025Q3,8.0,0,8,0.0
343,调休,2025Q3,2.8,0,2.8,0.0
343,年假,2026Q1,8.0,0,8,8
343,调休,2026Q1,2.8,0,2.8,0.0
343,年假,2026Q2,8.0,0.5,7.5,0.0
343,调休,2026Q2,2.8,0,2.8,0.0
343,年假,2026Q3,8.0,0.5,7.5,0.0
343,调休,2026Q3,2.8,0,2.8,0.0
345,年假,2025Q1,8.0,1.0,7.0,0.0
345,调休,2025Q1,1.8,0,1.8,0.0
345,年假,2025Q2,8.0,1.0,7.0,0.0
345,调休,2025Q2,1.8,0,1.8,0.0
345,年假,2025Q3,8.0,1.0,7.0,0.0
345,调休,2025Q3,1.8,0,1.8,0.0
345,年假,2026Q1,8.0,0,8,8
345,调休,2026Q1,1.8,2.0,0.0,0.0
345,年假,2026Q2,8.0,0,8,0.0
345,调休,2026Q2,1.8,2.0,0.0,0.0
345,年假,2026Q3,8.0,0,8,0.0
345,调休,2026Q3,1.8,2.0,0.0,0.0
346,年假,2025Q1,8.0,0,8,0.0
346,调休,2025Q1,1.0,0,1.0,0.0
346,年假,2025Q2,8.0,0,8,0.0
346,调休,2025Q2,1.0,0,1.0,0.0
346,年假,2025Q3,8.0,0,8,0.0
346,调休,2025Q3,1.0,0,1.0,0.0
346,年假,2026Q1,8.0,5.0,3.0,3.0
346,调休,2026Q1,1.0,0,1.0,0.0
346,年假,2026Q2,8.0,7.0,1.0,0.0
346,调休,2026Q2,1.0,0,1.0,0.0
346,年假,2026Q3,8.0,7.0,1.0,0.0
346,调休,2026Q3,1.0,0,1.0,0.0
347,年假,2025Q1,8.0,0,8,0.0
347,调休,2025Q1,5.5,0,5.5,0.0
347,年假,2025Q2,8.0,1.0,7.0,0.0
347,调休,2025Q2,5.5,0,5.5,0.0
347,年假,2025Q3,8.0,1.0,7.0,0.0
347,调休,2025Q3,5.5,0,5.5,0.0
347,年假,2026Q1,8.0,0,8,8
347,调休,2026Q1,5.5,0,5.5,0.0
347,年假,2026Q2,8.0,0,8,0.0
347,调休,2026Q2,5.5,0,5.5,0.0
347,年假,2026Q3,8.0,0,8,0.0
347,调休,2026Q3,5.5,0,5.5,0.0
348,年假,2025Q1,8.0,0,8,0.0
348,调休,2025Q1,0.2,0,0.2,0.0
348,年假,2025Q2,8.0,0,8,0.0
348,调休,2025Q2,0.2,0,0.2,0.0
348,年假,2025Q3,8.0,0,8,0.0
348,调休,2025Q3,0.2,0,0.2,0.0
348,年假,2026Q1,8.0,0,8,8
348,调休,2026Q1,0.2,0,0.2,0.0
348,年假,2026Q2,8.0,0,8,0.0
348,调休,2026Q2,0.2,0,0.2,0.0
348,年假,2026Q3,8.0,0,8,0.0
348,调休,2026Q3,0.2,0,0.2,0.0
349,年假,2025Q1,8.0,0,8,0.0
349,调休,2025Q1,0.4,0,0.4,0.0
349,年假,2025Q2,8.0,0,8,0.0
349,调休,2025Q2,0.4,1.0,0.0,0.0
349,年假,2025Q3,8.0,0,8,0.0
349,调休,2025Q3,0.4,1.0,0.0,0.0
349,年假,2026Q1,8.0,0.5,7.5,7.5
349,调休,2026Q1,0.4,0,0.4,0.0
349,年假,2026Q2,8.0,5.5,2.5,0.0
349,调休,2026Q2,0.4,0,0.4,0.0
349,年假,2026Q3,8.0,7.5,0.5,0.0
349,调休,2026Q3,0.4,0,0.4,0.0
350,年假,2025Q1,8.0,0,8,0.0
350,调休,2025Q1,0.5,0,0.5,0.0
350,年假,2025Q2,8.0,2.0,6.0,0.0
350,调休,2025Q2,0.5,1.0,0.0,0.0
350,年假,2025Q3,8.0,2.0,6.0,0.0
350,调休,2025Q3,0.5,1.0,0.0,0.0
350,年假,2026Q1,8.0,0,8,8
350,调休,2026Q1,0.5,0,0.5,0.0
350,年假,2026Q2,8.0,0,8,0.0
350,调休,2026Q2,0.5,0,0.5,0.0
350,年假,2026Q3,8.0,0,8,0.0
350,调休,2026Q3,0.5,0,0.5,0.0
351,年假,2025Q1,8.0,0,8,0.0
351,调休,2025Q1,1.8,0,1.8,0.0
351,年假,2025Q2,8.0,0,8,0.0
351,调休,2025Q2,1.8,0,1.8,0.0
351,年假,2025Q3,8.0,5.0,3.0,0.0
351,调休,2025Q3,1.8,1.0,0.8,0.0
351,年假,2026Q1,8.0,0,8,8
351,调休,2026Q1,1.8,0,1.8,0.0
351,年假,2026Q2,8.0,0,8,0.0
351,调休,2026Q2,1.8,0,1.8,0.0
351,年假,2026Q3,8.0,0,8,0.0
351,调休,2026Q3,1.8,0,1.8,0.0
352,年假,2025Q1,7.0,0,7,0.0
352,调休,2025Q1,0.2,0,0.2,0.0
352,年假,2025Q2,7.0,0,7,0.0
352,调休,2025Q2,0.2,0,0.2,0.0
352,年假,2025Q3,7.0,0,7,0.0
352,调休,2025Q3,0.2,0,0.2,0.0
353,年假,2025Q1,8.0,0,8,0.0
353,调休,2025Q1,2.5,0,2.5,0.0
353,年假,2025Q2,8.0,0,8,0.0
353,调休,2025Q2,2.5,0,2.5,0.0
353,年假,2025Q3,8.0,0,8,0.0
353,调休,2025Q3,2.5,0,2.5,0.0
353,年假,2026Q1,8.0,0,8,8
353,调休,2026Q1,2.5,0,2.5,0.0
353,年假,2026Q2,8.0,0,8,0.0
353,调休,2026Q2,2.5,0,2.5,0.0
353,年假,2026Q3,8.0,1.0,7.0,0.0
353,调休,2026Q3,2.5,0,2.5,0.0
354,年假,2025Q1,8.0,0,8,0.0
354,调休,2025Q1,3.1,0,3.1,0.0
354,年假,2025Q2,8.0,0,8,0.0
354,调休,2025Q2,3.1,0,3.1,0.0
354,年假,2025Q3,8.0,0,8,0.0
354,调休,2025Q3,3.1,0,3.1,0.0
354,年假,2026Q1,8.0,0,8,8
354,调休,2026Q1,3.1,0,3.1,0.0
354,年假,2026Q2,8.0,1.0,7.0,0.0
354,调休,2026Q2,3.1,0,3.1,0.0
354,年假,2026Q3,8.0,1.0,7.0,0.0
354,调休,2026Q3,3.1,0,3.1,0.0
355,年假,2025Q1,8.0,0,8,0.0
355,调休,2025Q1,0.0,1.0,0.0,0.0
355,年假,2025Q2,8.0,0,8,0.0
355,调休,2025Q2,0.0,1.0,0.0,0.0
355,年假,2025Q3,8.0,0,8,0.0
355,调休,2025Q3,0.0,1.0,0.0,0.0
355,年假,2026Q1,8.0,0,8,8
355,调休,2026Q1,0.0,0,0.0,0.0
355,年假,2026Q2,8.0,2.0,6.0,0.0
355,调休,2026Q2,0.0,0,0.0,0.0
355,年假,2026Q3,8.0,2.0,6.0,0.0
355,调休,2026Q3,0.0,0,0.0,0.0
356,年假,2025Q1,8.0,2.0,6.0,0.0
356,调休,2025Q1,4.0,0,4.0,0.0
356,年假,2025Q2,8.0,2.0,6.0,0.0
356,调休,2025Q2,4.0,0,4.0,0.0
356,年假,2025Q3,8.0,2.0,6.0,0.0
356,调休,2025Q3,4.0,0,4.0,0.0
356,年假,2026Q1,8.0,1.0,7.0,7.0
356,调休,2026Q1,4.0,0,4.0,0.0
356,年假,2026Q2,8.0,1.0,7.0,0.0
356,调休,2026Q2,4.0,0,4.0,0.0
356,年假,2026Q3,8.0,1.0,7.0,0.0
356,调休,2026Q3,4.0,0,4.0,0.0
357,年假,2025Q1,8.0,0,8,0.0
357,调休,2025Q1,1.6,0,1.6,0.0
357,年假,2025Q2,8.0,0,8,0.0
357,调休,2025Q2,1.6,0,1.6,0.0
357,年假,2025Q3,8.0,1.0,7.0,0.0
357,调休,2025Q3,1.6,0,1.6,0.0
357,年假,2026Q1,8.0,0,8,8
357,调休,2026Q1,1.6,0,1.6,0.0
357,年假,2026Q2,8.0,0.5,7.5,0.0
357,调休,2026Q2,1.6,0,1.6,0.0
357,年假,2026Q3,8.0,0.5,7.5,0.0
357,调休,2026Q3,1.6,0,1.6,0.0
358,年假,2025Q1,8.0,2.0,6.0,0.0
358,调休,2025Q1,0.5,1.0,0.0,0.0
358,年假,2025Q2,8.0,7.0,1.0,0.0
358,调休,2025Q2,0.5,1.0,0.0,0.0
358,年假,2025Q3,8.0,7.0,1.0,0.0
358,调休,2025Q3,0.5,1.0,0.0,0.0
358,年假,2026Q1,8.0,0,8,8
358,调休,2026Q1,0.5,0,0.5,0.0
358,年假,2026Q2,8.0,0,8,0.0
358,调休,2026Q2,0.5,0,0.5,0.0
358,年假,2026Q3,8.0,0,8,0.0
358,调休,2026Q3,0.5,0,0.5,0.0
359,年假,2025Q1,7.0,0,7,0.0
359,调休,2025Q1,0.5,0,0.5,0.0
359,年假,2025Q2,7.0,0,7,0.0
359,调休,2025Q2,0.5,0,0.5,0.0
359,年假,2025Q3,7.0,0,7,0.0
359,调休,2025Q3,0.5,0,0.5,0.0
359,年假,2026Q1,7.0,0,7,7
359,调休,2026Q1,0.5,0,0.5,0.0
360,年假,2025Q1,8.0,0,8,0.0
360,调休,2025Q1,0.0,0,0.0,0.0
360,年假,2025Q2,8.0,0,8,0.0
360,调休,2025Q2,0.0,0,0.0,0.0
360,年假,2025Q3,8.0,3.0,5.0,0.0
360,调休,2025Q3,0.0,0,0.0,0.0
360,年假,2026Q1,8.0,0,8,8
360,调休,2026Q1,0.0,0,0.0,0.0
360,年假,2026Q2,8.0,5.0,3.0,0.0
360,调休,2026Q2,0.0,0,0.0,0.0
360,年假,2026Q3,8.0,5.0,3.0,0.0
360,调休,2026Q3,0.0,0,0.0,0.0
362,年假,2025Q1,8.0,0,8,0.0
362,调休,2025Q1,0.0,0,0.0,0.0
362,年假,2025Q2,8.0,0,8,0.0
362,调休,2025Q2,0.0,1.0,0.0,0.0
362,年假,2025Q3,8.0,2.0,6.0,0.0
362,调休,2025Q3,0.0,3.0,0.0,0.0
362,年假,2026Q1,8.0,0,8,8
362,调休,2026Q1,0.0,0,0.0,0.0
362,年假,2026Q2,8.0,0,8,0.0
362,调休,2026Q2,0.0,0,0.0,0.0
362,年假,2026Q3,8.0,0,8,0.0
362,调休,2026Q3,0.0,0,0.0,0.0
363,年假,2025Q1,8.0,0,8,0.0
363,调休,2025Q1,1.6,0,1.6,0.0
363,年假,2025Q2,8.0,0,8,0.0
363,调休,2025Q2,1.6,0,1.6,0.0
363,年假,2025Q3,8.0,2.0,6.0,0.0
363,调休,2025Q3,1.6,0,1.6,0.0
363,年假,2026Q1,8.0,0,8,8
363,调休,2026Q1,1.6,0,1.6,0.0
363,年假,2026Q2,8.0,0,8,0.0
363,调休,2026Q2,1.6,0,1.6,0.0
363,年假,2026Q3,8.0,0,8,0.0
363,调休,2026Q3,1.6,0,1.6,0.0
364,年假,2025Q1,6.0,0,6,0.0
364,调休,2025Q1,0.0,0,0.0,0.0
365,年假,2025Q1,8.0,0,8,0.0
365,调休,2025Q1,0.5,0,0.5,0.0
365,年假,2025Q2,8.0,0,8,0.0
365,调休,2025Q2,0.5,0,0.5,0.0
365,年假,2025Q3,8.0,0,8,0.0
365,调休,2025Q3,0.5,0,0.5,0.0
365,年假,2026Q1,8.0,0,8,8
365,调休,2026Q1,0.5,0,0.5,0.0
365,年假,2026Q2,8.0,0,8,0.0
365,调休,2026Q2,0.5,0,0.5,0.0
365,年假,2026Q3,8.0,0,8,0.0
365,调休,2026Q3,0.5,0,0.5,0.0
366,年假,2025Q1,8.0,0,8,0.0
366,调休,2025Q1,3.5,0,3.5,0.0
366,年假,2025Q2,8.0,2.0,6.0,0.0
366,调休,2025Q2,3.5,0,3.5,0.0
366,年假,2025Q3,8.0,2.0,6.0,0.0
366,调休,2025Q3,3.5,0,3.5,0.0
366,年假,2026Q1,8.0,0,8,8
366,调休,2026Q1,3.5,0,3.5,0.0
366,年假,2026Q2,8.0,0,8,0.0
366,调休,2026Q2,3.5,0,3.5,0.0
366,年假,2026Q3,8.0,2.0,6.0,0.0
366,调休,2026Q3,3.5,1.0,2.5,0.0
367,年假,2025Q1,7.0,0,7,0.0
367,调休,2025Q1,2.9,0.5,2.4,0.0
367,年假,2025Q2,7.0,0,7,0.0
367,调休,2025Q2,2.9,0.5,2.4,0.0
367,年假,2025Q3,7.0,0,7,0.0
367,调休,2025Q3,2.9,0.5,2.4,0.0
367,年假,2026Q1,7.0,0,7,7
367,调休,2026Q1,2.9,0,2.9,0.0
367,年假,2026Q2,7.0,0,7,0.0
367,调休,2026Q2,2.9,0,2.9,0.0
367,年假,2026Q3,7.0,0,7,0.0
367,调休,2026Q3,2.9,0,2.9,0.0
368,年假,2025Q1,7.0,0,7,0.0
368,调休,2025Q1,0.5,0,0.5,0.0
368,年假,2025Q2,7.0,0,7,0.0
368,调休,2025Q2,0.5,0,0.5,0.0
368,年假,2025Q3,7.0,0,7,0.0
368,调休,2025Q3,0.5,0,0.5,0.0
368,年假,2026Q1,7.0,0,7,7
368,调休,2026Q1,0.5,1.0,0.0,0.0
368,年假,2026Q2,7.0,2.0,5.0,0.0
368,调休,2026Q2,0.5,1.0,0.0,0.0
368,年假,2026Q3,7.0,2.0,5.0,0.0
368,调休,2026Q3,0.5,1.0,0.0,0.0
369,年假,2025Q1,7.0,0,7,0.0
369,调休,2025Q1,0.4,0,0.4,0.0
369,年假,2025Q2,7.0,0,7,0.0
369,调休,2025Q2,0.4,0,0.4,0.0
369,年假,2025Q3,7.0,0,7,0.0
369,调休,2025Q3,0.4,2.0,0.0,0.0
370,年假,2025Q1,7.0,0,7,0.0
370,调休,2025Q1,3.2,1.0,2.2,0.0
370,年假,2025Q2,7.0,0,7,0.0
370,调休,2025Q2,3.2,1.0,2.2,0.0
370,年假,2025Q3,7.0,0,7,0.0
370,调休,2025Q3,3.2,1.0,2.2,0.0
370,年假,2026Q1,7.0,0,7,7
370,调休,2026Q1,3.2,0,3.2,0.0
370,年假,2026Q2,7.0,0,7,0.0
370,调休,2026Q2,3.2,0,3.2,0.0
370,年假,2026Q3,7.0,0,7,0.0
370,调休,2026Q3,3.2,0,3.2,0.0
372,年假,2025Q1,6.0,0,6,0.0
372,调休,2025Q1,0.0,0,0.0,0.0
373,年假,2025Q1,7.0,0,7,0.0
373,调休,2025Q1,0.8,0,0.8,0.0
373,年假,2025Q2,7.0,0,7,0.0
373,调休,2025Q2,0.8,0,0.8,0.0
373,年假,2025Q3,7.0,0,7,0.0
373,调休,2025Q3,0.8,0,0.8,0.0
373,年假,2026Q1,7.0,0,7,7
373,调休,2026Q1,0.8,0,0.8,0.0
373,年假,2026Q2,7.0,0,7,0.0
373,调休,2026Q2,0.8,0,0.8,0.0
373,年假,2026Q3,7.0,0,7,0.0
373,调休,2026Q3,0.8,0,0.8,0.0
374,年假,2025Q1,7.0,0,7,0.0
374,调休,2025Q1,2.5,0,2.5,0.0
374,年假,2025Q2,7.0,0,7,0.0
374,调休,2025Q2,2.5,0,2.5,0.0
374,年假,2025Q3,7.0,0,7,0.0
374,调休,2025Q3,2.5,0,2.5,0.0
374,年假,2026Q1,7.0,5.0,2.0,2.0
374,调休,2026Q1,2.5,0,2.5,0.0
374,年假,2026Q2,7.0,5.0,2.0,0.0
374,调休,2026Q2,2.5,0,2.5,0.0
374,年假,2026Q3,7.0,5.0,2.0,0.0
374,调休,2026Q3,2.5,0,2.5,0.0
376,年假,2025Q1,7.0,0,7,0.0
376,调休,2025Q1,0.0,0,0.0,0.0
376,年假,2025Q2,7.0,0,7,0.0
376,调休,2025Q2,0.0,0,0.0,0.0
376,年假,2025Q3,7.0,0,7,0.0
376,调休,2025Q3,0.0,0,0.0,0.0
377,年假,2025Q1,7.0,0,7,0.0
377,调休,2025Q1,2.9,0,2.9,0.0
377,年假,2025Q2,7.0,0,7,0.0
377,调休,2025Q2,2.9,0,2.9,0.0
377,年假,2025Q3,7.0,0,7,0.0
377,调休,2025Q3,2.9,0,2.9,0.0
377,年假,2026Q1,7.0,0,7,7
377,调休,2026Q1,2.9,0,2.9,0.0
377,年假,2026Q2,7.0,0,7,0.0
377,调休,2026Q2,2.9,0,2.9,0.0
377,年假,2026Q3,7.0,0,7,0.0
377,调休,2026Q3,2.9,0,2.9,0.0
378,年假,2025Q1,7.0,0,7,0.0
378,调休,2025Q1,1.0,0,1.0,0.0
378,年假,2025Q2,7.0,0,7,0.0
378,调休,2025Q2,1.0,0,1.0,0.0
378,年假,2025Q3,7.0,0,7,0.0
378,调休,2025Q3,1.0,0,1.0,0.0
378,年假,2026Q1,7.0,0,7,7
378,调休,2026Q1,1.0,0,1.0,0.0
378,年假,2026Q2,7.0,0,7,0.0
378,调休,2026Q2,1.0,1.0,0.0,0.0
378,年假,2026Q3,7.0,0,7,0.0
378,调休,2026Q3,1.0,1.0,0.0,0.0
379,年假,2025Q1,7.0,0,7,0.0
379,调休,2025Q1,1.5,0,1.5,0.0
379,年假,2025Q2,7.0,0,7,0.0
379,调休,2025Q2,1.5,0,1.5,0.0
379,年假,2025Q3,7.0,0,7,0.0
379,调休,2025Q3,1.5,0,1.5,0.0
379,年假,2026Q1,7.0,0,7,7
379,调休,2026Q1,1.5,0,1.5,0.0
379,年假,2026Q2,7.0,0,7,0.0
379,调休,2026Q2,1.5,0,1.5,0.0
379,年假,2026Q3,7.0,5.0,2.0,0.0
379,调休,2026Q3,1.5,0,1.5,0.0
380,年假,2025Q1,6.0,5.0,1.0,0.0
380,调休,2025Q1,0.2,0,0.2,0.0
380,年假,2025Q2,6.0,5.0,1.0,0.0
380,调休,2025Q2,0.2,0,0.2,0.0
381,年假,2025Q1,7.0,0,7,0.0
381,调休,2025Q1,2.6,0,2.6,0.0
381,年假,2025Q2,7.0,0,7,0.0
381,调休,2025Q2,2.6,0,2.6,0.0
381,年假,2025Q3,7.0,0,7,0.0
381,调休,2025Q3,2.6,0,2.6,0.0
381,年假,2026Q1,7.0,1.0,6.0,6.0
381,调休,2026Q1,2.6,0,2.6,0.0
381,年假,2026Q2,7.0,6.0,1.0,0.0
381,调休,2026Q2,2.6,0,2.6,0.0
381,年假,2026Q3,7.0,6.0,1.0,0.0
381,调休,2026Q3,2.6,0,2.6,0.0
384,年假,2025Q1,7.0,0,7,0.0
384,调休,2025Q1,1.5,0,1.5,0.0
384,年假,2025Q2,7.0,0,7,0.0
384,调休,2025Q2,1.5,2.0,0.0,0.0
384,年假,2025Q3,7.0,0,7,0.0
384,调休,2025Q3,1.5,2.0,0.0,0.0
384,年假,2026Q1,7.0,0,7,7
384,调休,2026Q1,1.5,0,1.5,0.0
384,年假,2026Q2,7.0,3.0,4.0,0.0
384,调休,2026Q2,1.5,0,1.5,0.0
384,年假,2026Q3,7.0,3.0,4.0,0.0
384,调休,2026Q3,1.5,0,1.5,0.0
385,年假,2025Q1,6.0,0,6,0.0
385,调休,2025Q1,0.2,0,0.2,0.0
385,年假,2025Q2,6.0,0,6,0.0
385,调休,2025Q2,0.2,0,0.2,0.0
386,年假,2025Q1,6.0,0,6,0.0
386,调休,2025Q1,0.0,0,0.0,0.0
386,年假,2025Q2,6.0,0,6,0.0
386,调休,2025Q2,0.0,0,0.0,0.0
389,年假,2025Q1,7.0,0,7,0.0
389,调休,2025Q1,1.5,0,1.5,0.0
389,年假,2025Q2,7.0,0,7,0.0
389,调休,2025Q2,1.5,0,1.5,0.0
389,年假,2025Q3,7.0,5.0,2.0,0.0
389,调休,2025Q3,1.5,0,1.5,0.0
389,年假,2026Q1,7.0,0,7,7
389,调休,2026Q1,1.5,0,1.5,0.0
389,年假,2026Q2,7.0,0,7,0.0
389,调休,2026Q2,1.5,0,1.5,0.0
389,年假,2026Q3,7.0,0,7,0.0
389,调休,2026Q3,1.5,0,1.5,0.0
391,年假,2025Q1,6.0,0,6,0.0
391,调休,2025Q1,1.0,0,1.0,0.0
391,年假,2025Q2,6.0,0,6,0.0
391,调休,2025Q2,1.0,0,1.0,0.0
392,年假,2025Q1,7.0,0,7,0.0
392,调休,2025Q1,1.5,0,1.5,0.0
392,年假,2025Q2,7.0,0,7,0.0
392,调休,2025Q2,1.5,1.0,0.5,0.0
392,年假,2025Q3,7.0,0,7,0.0
392,调休,2025Q3,1.5,1.0,0.5,0.0
392,年假,2026Q1,7.0,0,7,7
392,调休,2026Q1,1.5,0,1.5,0.0
394,年假,2025Q1,7.0,0,7,0.0
394,调休,2025Q1,0.4,0,0.4,0.0
394,年假,2025Q2,7.0,0,7,0.0
394,调休,2025Q2,0.4,0,0.4,0.0
394,年假,2025Q3,7.0,0,7,0.0
394,调休,2025Q3,0.4,0,0.4,0.0
394,年假,2026Q1,7.0,0,7,7
394,调休,2026Q1,0.4,0,0.4,0.0
394,年假,2026Q2,7.0,0,7,0.0
394,调休,2026Q2,0.4,0,0.4,0.0
394,年假,2026Q3,7.0,0,7,0.0
394,调休,2026Q3,0.4,0,0.4,0.0
395,年假,2025Q1,7.0,0,7,0.0
395,调休,2025Q1,1.8,0,1.8,0.0
395,年假,2025Q2,7.0,0,7,0.0
395,调休,2025Q2,1.8,0,1.8,0.0
395,年假,2025Q3,7.0,0,7,0.0
395,调休,2025Q3,1.8,0,1.8,0.0
395,年假,2026Q1,7.0,0,7,7
395,调休,2026Q1,1.8,0,1.8,0.0
395,年假,2026Q2,7.0,0,7,0.0
395,调休,2026Q2,1.8,0,1.8,0.0
395,年假,2026Q3,7.0,0,7,0.0
395,调休,2026Q3,1.8,0,1.8,0.0
398,年假,2025Q1,7.0,5.0,2.0,0.0
398,调休,2025Q1,2.4,0,2.4,0.0
398,年假,2025Q2,7.0,5.0,2.0,0.0
398,调休,2025Q2,2.4,0,2.4,0.0
398,年假,2025Q3,7.0,5.0,2.0,0.0
398,调休,2025Q3,2.4,0,2.4,0.0
398,年假,2026Q1,7.0,0,7,7
398,调休,2026Q1,2.4,0,2.4,0.0
398,年假,2026Q2,7.0,0,7,0.0
398,调休,2026Q2,2.4,0,2.4,0.0
398,年假,2026Q3,7.0,0,7,0.0
398,调休,2026Q3,2.4,0,2.4,0.0
400,年假,2025Q1,7.0,0,7,0.0
400,调休,2025Q1,1.9,0,1.9,0.0
400,年假,2025Q2,7.0,0.5,6.5,0.0
400,调休,2025Q2,1.9,0,1.9,0.0
400,年假,2025Q3,7.0,0.5,6.5,0.0
400,调休,2025Q3,1.9,0,1.9,0.0
400,年假,2026Q1,7.0,0,7,7
400,调休,2026Q1,1.9,0,1.9,0.0
400,年假,2026Q2,7.0,0,7,0.0
400,调休,2026Q2,1.9,0,1.9,0.0
400,年假,2026Q3,7.0,0,7,0.0
400,调休,2026Q3,1.9,0,1.9,0.0
401,年假,2025Q1,7.0,0,7,0.0
401,调休,2025Q1,0.8,0,0.8,0.0
401,年假,2025Q2,7.0,2.0,5.0,0.0
401,调休,2025Q2,0.8,0,0.8,0.0
401,年假,2025Q3,7.0,3.0,4.0,0.0
401,调休,2025Q3,0.8,0,0.8,0.0
401,年假,2026Q1,7.0,0,7,7
401,调休,2026Q1,0.8,0,0.8,0.0
401,年假,2026Q2,7.0,3.0,4.0,0.0
401,调休,2026Q2,0.8,0,0.8,0.0
401,年假,2026Q3,7.0,3.0,4.0,0.0
401,调休,2026Q3,0.8,1.0,0.0,0.0
402,年假,2025Q1,6.0,0,6,0.0
402,调休,2025Q1,0.8,0,0.8,0.0
402,年假,2025Q2,6.0,0,6,0.0
402,调休,2025Q2,0.8,0,0.8,0.0
402,年假,2025Q3,6.0,2.0,4.0,0.0
402,调休,2025Q3,0.8,0,0.8,0.0
403,年假,2025Q1,7.0,0.5,6.5,0.0
403,调休,2025Q1,2.5,0,2.5,0.0
403,年假,2025Q2,7.0,0.5,6.5,0.0
403,调休,2025Q2,2.5,0,2.5,0.0
403,年假,2025Q3,7.0,0.5,6.5,0.0
403,调休,2025Q3,2.5,0,2.5,0.0
403,年假,2026Q1,7.0,0,7,7
403,调休,2026Q1,2.5,0,2.5,0.0
403,年假,2026Q2,7.0,0,7,0.0
403,调休,2026Q2,2.5,0,2.5,0.0
403,年假,2026Q3,7.0,0,7,0.0
403,调休,2026Q3,2.5,0,2.5,0.0
406,年假,2025Q1,7.0,0,7,0.0
406,调休,2025Q1,2.0,0,2.0,0.0
406,年假,2025Q2,7.0,0,7,0.0
406,调休,2025Q2,2.0,0,2.0,0.0
406,年假,2025Q3,7.0,0,7,0.0
406,调休,2025Q3,2.0,0,2.0,0.0
406,年假,2026Q1,7.0,0,7,7
406,调休,2026Q1,2.0,0,2.0,0.0
406,年假,2026Q2,7.0,3.0,4.0,0.0
406,调休,2026Q2,2.0,0,2.0,0.0
406,年假,2026Q3,7.0,3.0,4.0,0.0
406,调休,2026Q3,2.0,0,2.0,0.0
407,年假,2025Q1,7.0,2.0,5.0,0.0
407,调休,2025Q1,1.8,0,1.8,0.0
407,年假,2025Q2,7.0,2.0,5.0,0.0
407,调休,2025Q2,1.8,2.0,0.0,0.0
407,年假,2025Q3,7.0,2.0,5.0,0.0
407,调休,2025Q3,1.8,2.0,0.0,0.0
407,年假,2026Q1,7.0,0,7,7
407,调休,2026Q1,1.8,0,1.8,0.0
407,年假,2026Q2,7.0,0,7,0.0
407,调休,2026Q2,1.8,0,1.8,0.0
407,年假,2026Q3,7.0,0,7,0.0
407,调休,2026Q3,1.8,0,1.8,0.0
410,年假,2025Q1,7.0,0,7,0.0
410,调休,2025Q1,1.5,0,1.5,0.0
410,年假,2025Q2,7.0,0,7,0.0
410,调休,2025Q2,1.5,0,1.5,0.0
410,年假,2025Q3,7.0,0,7,0.0
410,调休,2025Q3,1.5,0,1.5,0.0
411,年假,2025Q1,7.0,0,7,0.0
411,调休,2025Q1,2.9,0,2.9,0.0
411,年假,2025Q2,7.0,0.5,6.5,0.0
411,调休,2025Q2,2.9,1.0,1.9,0.0
411,年假,2025Q3,7.0,0.5,6.5,0.0
411,调休,2025Q3,2.9,1.0,1.9,0.0
411,年假,2026Q1,7.0,0,7,7
411,调休,2026Q1,2.9,0,2.9,0.0
411,年假,2026Q2,7.0,0,7,0.0
411,调休,2026Q2,2.9,0,2.9,0.0
411,年假,2026Q3,7.0,0,7,0.0
411,调休,2026Q3,2.9,0,2.9,0.0
412,年假,2025Q1,7.0,0,7,0.0
412,调休,2025Q1,0.4,0,0.4,0.0
412,年假,2025Q2,7.0,0,7,0.0
412,调休,2025Q2,0.4,0,0.4,0.0
412,年假,2025Q3,7.0,0,7,0.0
412,调休,2025Q3,0.4,0,0.4,0.0
412,年假,2026Q1,7.0,0,7,7
412,调休,2026Q1,0.4,0,0.4,0.0
412,年假,2026Q2,7.0,0,7,0.0
412,调休,2026Q2,0.4,0,0.4,0.0
412,年假,2026Q3,7.0,0,7,0.0
412,调休,2026Q3,0.4,0,0.4,0.0
413,年假,2025Q1,7.0,0,7,0.0
413,调休,2025Q1,0.2,0,0.2,0.0
413,年假,2025Q2,7.0,0,7,0.0
413,调休,2025Q2,0.2,0,0.2,0.0
413,年假,2025Q3,7.0,0,7,0.0
413,调休,2025Q3,0.2,0,0.2,0.0
413,年假,2026Q1,7.0,0,7,7
413,调休,2026Q1,0.2,0,0.2,0.0
413,年假,2026Q2,7.0,0,7,0.0
413,调休,2026Q2,0.2,0,0.2,0.0
413,年假,2026Q3,7.0,0,7,0.0
413,调休,2026Q3,0.2,0,0.2,0.0
414,年假,2025Q1,7.0,0,7,0.0
414,调休,2025Q1,2.0,0,2.0,0.0
414,年假,2025Q2,7.0,0,7,0.0
414,调休,2025Q2,2.0,0,2.0,0.0
414,年假,2025Q3,7.0,0,7,0.0
414,调休,2025Q3,2.0,0,2.0,0.0
414,年假,2026Q1,7.0,0,7,7
414,调休,2026Q1,2.0,0,2.0,0.0
414,年假,2026Q2,7.0,0,7,0.0
414,调休,2026Q2,2.0,0,2.0,0.0
414,年假,2026Q3,7.0,0,7,0.0
414,调休,2026Q3,2.0,0,2.0,0.0
415,年假,2025Q1,7.0,0,7,0.0
415,调休,2025Q1,0.4,0,0.4,0.0
415,年假,2025Q2,7.0,0,7,0.0
415,调休,2025Q2,0.4,0,0.4,0.0
415,年假,2025Q3,7.0,1.0,6.0,0.0
415,调休,2025Q3,0.4,0,0.4,0.0
415,年假,2026Q1,7.0,5.0,2.0,2.0
415,调休,2026Q1,0.4,0,0.4,0.0
415,年假,2026Q2,7.0,8.0,0.0,0.0
415,调休,2026Q2,0.4,0,0.4,0.0
415,年假,2026Q3,7.0,8.0,0.0,0.0
415,调休,2026Q3,0.4,0,0.4,0.0
417,年假,2025Q1,7.0,0,7,0.0
417,调休,2025Q1,0.0,0,0.0,0.0
417,年假,2025Q2,7.0,0,7,0.0
417,调休,2025Q2,0.0,0,0.0,0.0
417,年假,2025Q3,7.0,0,7,0.0
417,调休,2025Q3,0.0,0,0.0,0.0
417,年假,2026Q1,7.0,0.5,6.5,6.5
417,调休,2026Q1,0.0,0,0.0,0.0
417,年假,2026Q2,7.0,0.5,6.5,0.0
417,调休,2026Q2,0.0,0,0.0,0.0
417,年假,2026Q3,7.0,0.5,6.5,0.0
417,调休,2026Q3,0.0,0,0.0,0.0
419,年假,2025Q1,7.0,0,7,0.0
419,调休,2025Q1,4.9,0,4.9,0.0
419,年假,2025Q2,7.0,0,7,0.0
419,调休,2025Q2,4.9,0,4.9,0.0
419,年假,2025Q3,7.0,0,7,0.0
419,调休,2025Q3,4.9,0,4.9,0.0
419,年假,2026Q1,7.0,2.0,5.0,5.0
419,调休,2026Q1,4.9,1.0,3.9,0.0
419,年假,2026Q2,7.0,2.0,5.0,0.0
419,调休,2026Q2,4.9,1.0,3.9,0.0
419,年假,2026Q3,7.0,2.0,5.0,0.0
419,调休,2026Q3,4.9,1.0,3.9,0.0
420,年假,2025Q1,7.0,2.0,5.0,0.0
420,调休,2025Q1,3.4,0,3.4,0.0
420,年假,2025Q2,7.0,2.0,5.0,0.0
420,调休,2025Q2,3.4,0,3.4,0.0
420,年假,2025Q3,7.0,2.0,5.0,0.0
420,调休,2025Q3,3.4,0,3.4,0.0
420,年假,2026Q1,7.0,0,7,7
420,调休,2026Q1,3.4,0.5,2.9,0.0
420,年假,2026Q2,7.0,0,7,0.0
420,调休,2026Q2,3.4,0.5,2.9,0.0
420,年假,2026Q3,7.0,0,7,0.0
420,调休,2026Q3,3.4,0.5,2.9,0.0
422,年假,2025Q1,7.0,0,7,0.0
422,调休,2025Q1,1.0,0,1.0,0.0
422,年假,2025Q2,7.0,2.0,5.0,0.0
422,调休,2025Q2,1.0,0,1.0,0.0
422,年假,2025Q3,7.0,2.0,5.0,0.0
422,调休,2025Q3,1.0,0,1.0,0.0
422,年假,2026Q1,7.0,0,7,7
422,调休,2026Q1,1.0,0,1.0,0.0
422,年假,2026Q2,7.0,2.0,5.0,0.0
422,调休,2026Q2,1.0,0.5,0.5,0.0
422,年假,2026Q3,7.0,2.0,5.0,0.0
422,调休,2026Q3,1.0,0.5,0.5,0.0
423,年假,2025Q1,7.0,0,7,0.0
423,调休,2025Q1,1.8,0,1.8,0.0
423,年假,2025Q2,7.0,0,7,0.0
423,调休,2025Q2,1.8,0,1.8,0.0
423,年假,2025Q3,7.0,0,7,0.0
423,调休,2025Q3,1.8,0,1.8,0.0
423,年假,2026Q1,7.0,0,7,7
423,调休,2026Q1,1.8,0,1.8,0.0
423,年假,2026Q2,7.0,0,7,0.0
423,调休,2026Q2,1.8,0,1.8,0.0
423,年假,2026Q3,7.0,0,7,0.0
423,调休,2026Q3,1.8,0,1.8,0.0
424,年假,2025Q1,6.0,0,6,0.0
424,调休,2025Q1,0.0,0,0.0,0.0
424,年假,2025Q2,6.0,0,6,0.0
424,调休,2025Q2,0.0,0,0.0,0.0
426,年假,2025Q1,7.0,0,7,0.0
426,调休,2025Q1,1.2,0,1.2,0.0
426,年假,2025Q2,7.0,0,7,0.0
426,调休,2025Q2,1.2,0,1.2,0.0
426,年假,2025Q3,7.0,0,7,0.0
426,调休,2025Q3,1.2,0,1.2,0.0
426,年假,2026Q1,7.0,0,7,7
426,调休,2026Q1,1.2,0,1.2,0.0
426,年假,2026Q2,7.0,3.0,4.0,0.0
426,调休,2026Q2,1.2,0,1.2,0.0
429,年假,2025Q1,7.0,0,7,0.0
429,调休,2025Q1,0.0,0,0.0,0.0
429,年假,2025Q2,7.0,0,7,0.0
429,调休,2025Q2,0.0,0,0.0,0.0
429,年假,2025Q3,7.0,0,7,0.0
429,调休,2025Q3,0.0,0,0.0,0.0
429,年假,2026Q1,7.0,0,7,7
429,调休,2026Q1,0.0,0,0.0,0.0
429,年假,2026Q2,7.0,3.0,4.0,0.0
429,调休,2026Q2,0.0,0,0.0,0.0
429,年假,2026Q3,7.0,3.0,4.0,0.0
429,调休,2026Q3,0.0,0,0.0,0.0
430,年假,2025Q1,7.0,0,7,0.0
430,调休,2025Q1,3.2,0,3.2,0.0
430,年假,2025Q2,7.0,0,7,0.0
430,调休,2025Q2,3.2,0,3.2,0.0
430,年假,2025Q3,7.0,0,7,0.0
430,调休,2025Q3,3.2,0,3.2,0.0
430,年假,2026Q1,7.0,0.5,6.5,6.5
430,调休,2026Q1,3.2,0,3.2,0.0
430,年假,2026Q2,7.0,0.5,6.5,0.0
430,调休,2026Q2,3.2,0,3.2,0.0
430,年假,2026Q3,7.0,0.5,6.5,0.0
430,调休,2026Q3,3.2,0,3.2,0.0
431,年假,2025Q1,7.0,0,7,0.0
431,调休,2025Q1,0.9,0,0.9,0.0
431,年假,2025Q2,7.0,0,7,0.0
431,调休,2025Q2,0.9,0,0.9,0.0
431,年假,2025Q3,7.0,0,7,0.0
431,调休,2025Q3,0.9,0,0.9,0.0
431,年假,2026Q1,7.0,5.0,2.0,2.0
431,调休,2026Q1,0.9,0,0.9,0.0
431,年假,2026Q2,7.0,5.0,2.0,0.0
431,调休,2026Q2,0.9,0,0.9,0.0
431,年假,2026Q3,7.0,5.0,2.0,0.0
431,调休,2026Q3,0.9,0,0.9,0.0
432,年假,2025Q1,7.0,0,7,0.0
432,调休,2025Q1,2.9,0,2.9,0.0
432,年假,2025Q2,7.0,0,7,0.0
432,调休,2025Q2,2.9,0.5,2.4,0.0
432,年假,2025Q3,7.0,0,7,0.0
432,调休,2025Q3,2.9,0.5,2.4,0.0
432,年假,2026Q1,7.0,0,7,7
432,调休,2026Q1,2.9,0,2.9,0.0
432,年假,2026Q2,7.0,0,7,0.0
432,调休,2026Q2,2.9,0,2.9,0.0
432,年假,2026Q3,7.0,0,7,0.0
432,调休,2026Q3,2.9,0,2.9,0.0
433,年假,2025Q1,7.0,0,7,0.0
433,调休,2025Q1,0.5,0,0.5,0.0
433,年假,2025Q2,7.0,1.0,6.0,0.0
433,调休,2025Q2,0.5,0,0.5,0.0
433,年假,2025Q3,7.0,1.0,6.0,0.0
433,调休,2025Q3,0.5,0,0.5,0.0
433,年假,2026Q1,7.0,0,7,7
433,调休,2026Q1,0.5,0,0.5,0.0
433,年假,2026Q2,7.0,0,7,0.0
433,调休,2026Q2,0.5,0,0.5,0.0
433,年假,2026Q3,7.0,0,7,0.0
433,调休,2026Q3,0.5,0,0.5,0.0
434,年假,2025Q1,7.0,0,7,0.0
434,调休,2025Q1,3.8,0,3.8,0.0
434,年假,2025Q2,7.0,0,7,0.0
434,调休,2025Q2,3.8,0,3.8,0.0
434,年假,2025Q3,7.0,0,7,0.0
434,调休,2025Q3,3.8,0,3.8,0.0
434,年假,2026Q1,7.0,0,7,7
434,调休,2026Q1,3.8,0,3.8,0.0
434,年假,2026Q2,7.0,0,7,0.0
434,调休,2026Q2,3.8,0,3.8,0.0
434,年假,2026Q3,7.0,0,7,0.0
434,调休,2026Q3,3.8,0,3.8,0.0
435,年假,2025Q1,7.0,0,7,0.0
435,调休,2025Q1,1.9,0,1.9,0.0
435,年假,2025Q2,7.0,0,7,0.0
435,调休,2025Q2,1.9,0,1.9,0.0
435,年假,2025Q3,7.0,0,7,0.0
435,调休,2025Q3,1.9,0,1.9,0.0
435,年假,2026Q1,7.0,0,7,7
435,调休,2026Q1,1.9,0.5,1.4,0.0
435,年假,2026Q2,7.0,0.5,6.5,0.0
435,调休,2026Q2,1.9,0.5,1.4,0.0
435,年假,2026Q3,7.0,0.5,6.5,0.0
435,调休,2026Q3,1.9,0.5,1.4,0.0
437,年假,2025Q1,7.0,0,7,0.0
437,调休,2025Q1,1.0,0,1.0,0.0
437,年假,2025Q2,7.0,0,7,0.0
437,调休,2025Q2,1.0,0,1.0,0.0
437,年假,2025Q3,7.0,1.0,6.0,0.0
437,调休,2025Q3,1.0,0,1.0,0.0
437,年假,2026Q1,7.0,0,7,7
437,调休,2026Q1,1.0,0,1.0,0.0
437,年假,2026Q2,7.0,0,7,0.0
437,调休,2026Q2,1.0,0,1.0,0.0
437,年假,2026Q3,7.0,0,7,0.0
437,调休,2026Q3,1.0,1.0,0.0,0.0
439,年假,2025Q1,7.0,0,7,0.0
439,调休,2025Q1,2.6,0,2.6,0.0
439,年假,2025Q2,7.0,0,7,0.0
439,调休,2025Q2,2.6,0,2.6,0.0
439,年假,2025Q3,7.0,0,7,0.0
439,调休,2025Q3,2.6,0,2.6,0.0
439,年假,2026Q1,7.0,0,7,7
439,调休,2026Q1,2.6,0,2.6,0.0
441,年假,2025Q1,6.0,0,6,0.0
441,调休,2025Q1,0.5,0,0.5,0.0
442,年假,2025Q1,6.0,0,6,0.0
442,调休,2025Q1,0.2,0,0.2,0.0
442,年假,2025Q2,6.0,0,6,0.0
442,调休,2025Q2,0.2,0,0.2,0.0
442,年假,2025Q3,6.0,0,6,0.0
442,调休,2025Q3,0.2,0,0.2,0.0
443,年假,2025Q1,7.0,0,7,0.0
443,调休,2025Q1,0.0,0,0.0,0.0
443,年假,2025Q2,7.0,0,7,0.0
443,调休,2025Q2,0.0,0,0.0,0.0
443,年假,2025Q3,7.0,0,7,0.0
443,调休,2025Q3,0.0,0,0.0,0.0
443,年假,2026Q1,7.0,0,7,7
443,调休,2026Q1,0.0,0,0.0,0.0
443,年假,2026Q2,7.0,0,7,0.0
443,调休,2026Q2,0.0,0,0.0,0.0
443,年假,2026Q3,7.0,0,7,0.0
443,调休,2026Q3,0.0,0,0.0,0.0
445,年假,2025Q1,7.0,0,7,0.0
445,调休,2025Q1,0.9,0,0.9,0.0
445,年假,2025Q2,7.0,0,7,0.0
445,调休,2025Q2,0.9,2.0,0.0,0.0
445,年假,2025Q3,7.0,0,7,0.0
445,调休,2025Q3,0.9,2.0,0.0,0.0
445,年假,2026Q1,7.0,0,7,7
445,调休,2026Q1,0.9,0,0.9,0.0
445,年假,2026Q2,7.0,0,7,0.0
445,调休,2026Q2,0.9,0,0.9,0.0
445,年假,2026Q3,7.0,0,7,0.0
445,调休,2026Q3,0.9,0,0.9,0.0
446,年假,2025Q1,6.0,0,6,0.0
446,调休,2025Q1,0.2,0,0.2,0.0
447,年假,2025Q1,7.0,0,7,0.0
447,调休,2025Q1,3.0,0,3.0,0.0
447,年假,2025Q2,7.0,0,7,0.0
447,调休,2025Q2,3.0,2.0,1.0,0.0
447,年假,2025Q3,7.0,0,7,0.0
447,调休,2025Q3,3.0,2.0,1.0,0.0
447,年假,2026Q1,7.0,0,7,7
447,调休,2026Q1,3.0,0,3.0,0.0
447,年假,2026Q2,7.0,0,7,0.0
447,调休,2026Q2,3.0,0,3.0,0.0
447,年假,2026Q3,7.0,0,7,0.0
447,调休,2026Q3,3.0,0,3.0,0.0
448,年假,2025Q1,7.0,0,7,0.0
448,调休,2025Q1,1.8,0,1.8,0.0
448,年假,2025Q2,7.0,0,7,0.0
448,调休,2025Q2,1.8,0,1.8,0.0
448,年假,2025Q3,7.0,0,7,0.0
448,调休,2025Q3,1.8,0,1.8,0.0
448,年假,2026Q1,7.0,0,7,7
448,调休,2026Q1,1.8,0,1.8,0.0
448,年假,2026Q2,7.0,0,7,0.0
448,调休,2026Q2,1.8,0,1.8,0.0
448,年假,2026Q3,7.0,3.0,4.0,0.0
448,调休,2026Q3,1.8,0,1.8,0.0
449,年假,2025Q1,7.0,0,7,0.0
449,调休,2025Q1,1.2,0.5,0.8,0.0
449,年假,2025Q2,7.0,0,7,0.0
449,调休,2025Q2,1.2,0.5,0.8,0.0
449,年假,2025Q3,7.0,0,7,0.0
449,调休,2025Q3,1.2,0.5,0.8,0.0
449,年假,2026Q1,7.0,0,7,7
449,调休,2026Q1,1.2,0,1.2,0.0
449,年假,2026Q2,7.0,0,7,0.0
449,调休,2026Q2,1.2,1.0,0.2,0.0
449,年假,2026Q3,7.0,0,7,0.0
449,调休,2026Q3,1.2,1.0,0.2,0.0
450,年假,2025Q1,7.0,3.0,4.0,0.0
450,调休,2025Q1,1.8,0,1.8,0.0
450,年假,2025Q2,7.0,3.0,4.0,0.0
450,调休,2025Q2,1.8,0,1.8,0.0
450,年假,2025Q3,7.0,3.0,4.0,0.0
450,调休,2025Q3,1.8,0,1.8,0.0
450,年假,2026Q1,7.0,0,7,7
450,调休,2026Q1,1.8,0,1.8,0.0
450,年假,2026Q2,7.0,0,7,0.0
450,调休,2026Q2,1.8,0,1.8,0.0
450,年假,2026Q3,7.0,0,7,0.0
450,调休,2026Q3,1.8,0,1.8,0.0
452,年假,2025Q1,6.0,0,6,0.0
452,调休,2025Q1,0.5,0,0.5,0.0
452,年假,2025Q2,6.0,0,6,0.0
452,调休,2025Q2,0.5,0,0.5,0.0
453,年假,2025Q1,7.0,0,7,0.0
453,调休,2025Q1,2.0,0,2.0,0.0
453,年假,2025Q2,7.0,0,7,0.0
453,调休,2025Q2,2.0,0,2.0,0.0
453,年假,2025Q3,7.0,0,7,0.0
453,调休,2025Q3,2.0,0,2.0,0.0
453,年假,2026Q1,7.0,0,7,7
453,调休,2026Q1,2.0,0,2.0,0.0
453,年假,2026Q2,7.0,0,7,0.0
453,调休,2026Q2,2.0,1.0,1.0,0.0
453,年假,2026Q3,7.0,0,7,0.0
453,调休,2026Q3,2.0,1.0,1.0,0.0
456,年假,2025Q1,7.0,0,7,0.0
456,调休,2025Q1,0.0,0,0.0,0.0
456,年假,2025Q2,7.0,0,7,0.0
456,调休,2025Q2,0.0,0,0.0,0.0
456,年假,2025Q3,7.0,0,7,0.0
456,调休,2025Q3,0.0,0,0.0,0.0
456,年假,2026Q1,7.0,4.0,3.0,3.0
456,调休,2026Q1,0.0,0,0.0,0.0
456,年假,2026Q2,7.0,6.0,1.0,0.0
456,调休,2026Q2,0.0,0,0.0,0.0
456,年假,2026Q3,7.0,6.0,1.0,0.0
456,调休,2026Q3,0.0,0,0.0,0.0
457,年假,2025Q1,7.0,0,7,0.0
457,调休,2025Q1,0.0,0,0.0,0.0
457,年假,2025Q2,7.0,0,7,0.0
457,调休,2025Q2,0.0,0,0.0,0.0
457,年假,2025Q3,7.0,4.0,3.0,0.0
457,调休,2025Q3,0.0,0,0.0,0.0
457,年假,2026Q1,7.0,3.0,4.0,4.0
457,调休,2026Q1,0.0,0,0.0,0.0
457,年假,2026Q2,7.0,3.0,4.0,0.0
457,调休,2026Q2,0.0,0,0.0,0.0
457,年假,2026Q3,7.0,3.0,4.0,0.0
457,调休,2026Q3,0.0,0,0.0,0.0
458,年假,2025Q1,7.0,0,7,0.0
458,调休,2025Q1,0.0,0,0.0,0.0
458,年假,2025Q2,7.0,0,7,0.0
458,调休,2025Q2,0.0,0,0.0,0.0
458,年假,2025Q3,7.0,5.0,2.0,0.0
458,调休,2025Q3,0.0,0,0.0,0.0
458,年假,2026Q1,7.0,0,7,7
458,调休,2026Q1,0.0,0,0.0,0.0
458,年假,2026Q2,7.0,0,7,0.0
458,调休,2026Q2,0.0,0,0.0,0.0
458,年假,2026Q3,7.0,0,7,0.0
458,调休,2026Q3,0.0,0,0.0,0.0
459,年假,2025Q1,7.0,3.0,4.0,0.0
459,调休,2025Q1,1.2,0,1.2,0.0
459,年假,2025Q2,7.0,3.0,4.0,0.0
459,调休,2025Q2,1.2,0,1.2,0.0
459,年假,2025Q3,7.0,3.0,4.0,0.0
459,调休,2025Q3,1.2,0,1.2,0.0
459,年假,2026Q1,7.0,0,7,7
459,调休,2026Q1,1.2,0,1.2,0.0
459,年假,2026Q2,7.0,2.0,5.0,0.0
459,调休,2026Q2,1.2,0,1.2,0.0
459,年假,2026Q3,7.0,2.0,5.0,0.0
459,调休,2026Q3,1.2,0,1.2,0.0
460,年假,2025Q1,7.0,5.0,2.0,0.0
460,调休,2025Q1,2.6,0,2.6,0.0
460,年假,2025Q2,7.0,6.0,1.0,0.0
460,调休,2025Q2,2.6,0,2.6,0.0
460,年假,2025Q3,7.0,6.0,1.0,0.0
460,调休,2025Q3,2.6,0,2.6,0.0
460,年假,2026Q1,7.0,0,7,7
460,调休,2026Q1,2.6,1.0,1.6,0.0
460,年假,2026Q2,7.0,0,7,0.0
460,调休,2026Q2,2.6,1.0,1.6,0.0
460,年假,2026Q3,7.0,0,7,0.0
460,调休,2026Q3,2.6,1.0,1.6,0.0
461,年假,2025Q1,7.0,0,7,0.0
461,调休,2025Q1,2.8,0,2.8,0.0
461,年假,2025Q2,7.0,0,7,0.0
461,调休,2025Q2,2.8,0,2.8,0.0
461,年假,2025Q3,7.0,0,7,0.0
461,调休,2025Q3,2.8,2.0,0.8,0.0
461,年假,2026Q1,7.0,0,7,7
461,调休,2026Q1,2.8,0,2.8,0.0
461,年假,2026Q2,7.0,0,7,0.0
461,调休,2026Q2,2.8,0,2.8,0.0
461,年假,2026Q3,7.0,0,7,0.0
461,调休,2026Q3,2.8,0,2.8,0.0
462,年假,2025Q1,7.0,0.5,6.5,0.0
462,调休,2025Q1,3.0,0,3.0,0.0
462,年假,2025Q2,7.0,3.5,3.5,0.0
462,调休,2025Q2,3.0,0,3.0,0.0
462,年假,2025Q3,7.0,3.5,3.5,0.0
462,调休,2025Q3,3.0,0,3.0,0.0
462,年假,2026Q1,7.0,0,7,7
462,调休,2026Q1,3.0,0,3.0,0.0
462,年假,2026Q2,7.0,0,7,0.0
462,调休,2026Q2,3.0,0,3.0,0.0
462,年假,2026Q3,7.0,0,7,0.0
462,调休,2026Q3,3.0,0,3.0,0.0
464,年假,2025Q1,7.0,0,7,0.0
464,调休,2025Q1,1.1,0,1.1,0.0
464,年假,2025Q2,7.0,0,7,0.0
464,调休,2025Q2,1.1,0,1.1,0.0
464,年假,2025Q3,7.0,0,7,0.0
464,调休,2025Q3,1.1,0,1.1,0.0
464,年假,2026Q1,7.0,0,7,7
464,调休,2026Q1,1.1,0,1.1,0.0
464,年假,2026Q2,7.0,0,7,0.0
464,调休,2026Q2,1.1,0,1.1,0.0
464,年假,2026Q3,7.0,0,7,0.0
464,调休,2026Q3,1.1,0,1.1,0.0
466,年假,2025Q1,7.0,0,7,0.0
466,调休,2025Q1,1.5,0,1.5,0.0
466,年假,2025Q2,7.0,0,7,0.0
466,调休,2025Q2,1.5,2.0,0.0,0.0
466,年假,2025Q3,7.0,0,7,0.0
466,调休,2025Q3,1.5,2.0,0.0,0.0
466,年假,2026Q1,7.0,1.0,6.0,6.0
466,调休,2026Q1,1.5,0,1.5,0.0
466,年假,2026Q2,7.0,1.0,6.0,0.0
466,调休,2026Q2,1.5,0,1.5,0.0
466,年假,2026Q3,7.0,1.0,6.0,0.0
466,调休,2026Q3,1.5,0,1.5,0.0
469,年假,2025Q1,7.0,0,7,0.0
469,调休,2025Q1,3.8,0,3.8,0.0
469,年假,2025Q2,7.0,0,7,0.0
469,调休,2025Q2,3.8,0,3.8,0.0
469,年假,2025Q3,7.0,0,7,0.0
469,调休,2025Q3,3.8,0,3.8,0.0
469,年假,2026Q1,7.0,0,7,7
469,调休,2026Q1,3.8,0,3.8,0.0
469,年假,2026Q2,7.0,1.0,6.0,0.0
469,调休,2026Q2,3.8,0,3.8,0.0
469,年假,2026Q3,7.0,1.0,6.0,0.0
469,调休,2026Q3,3.8,0,3.8,0.0
470,年假,2025Q1,7.0,0,7,0.0
470,调休,2025Q1,2.4,0,2.4,0.0
470,年假,2025Q2,7.0,0,7,0.0
470,调休,2025Q2,2.4,0,2.4,0.0
470,年假,2025Q3,7.0,0,7,0.0
470,调休,2025Q3,2.4,0,2.4,0.0
470,年假,2026Q1,7.0,0,7,7
470,调休,2026Q1,2.4,0,2.4,0.0
470,年假,2026Q2,7.0,0,7,0.0
470,调休,2026Q2,2.4,0,2.4,0.0
470,年假,2026Q3,7.0,0,7,0.0
470,调休,2026Q3,2.4,0,2.4,0.0
471,年假,2025Q1,7.0,1.0,6.0,0.0
471,调休,2025Q1,2.2,0,2.2,0.0
471,年假,2025Q2,7.0,1.0,6.0,0.0
471,调休,2025Q2,2.2,0,2.2,0.0
471,年假,2025Q3,7.0,1.0,6.0,0.0
471,调休,2025Q3,2.2,0,2.2,0.0
471,年假,2026Q1,7.0,0,7,7
471,调休,2026Q1,2.2,0,2.2,0.0
471,年假,2026Q2,7.0,0,7,0.0
471,调休,2026Q2,2.2,0,2.2,0.0
471,年假,2026Q3,7.0,0,7,0.0
471,调休,2026Q3,2.2,1.0,1.2,0.0
472,年假,2025Q1,7.0,0,7,0.0
472,调休,2025Q1,0.4,0,0.4,0.0
472,年假,2025Q2,7.0,0,7,0.0
472,调休,2025Q2,0.4,0,0.4,0.0
472,年假,2025Q3,7.0,0,7,0.0
472,调休,2025Q3,0.4,0,0.4,0.0
472,年假,2026Q1,7.0,0,7,7
472,调休,2026Q1,0.4,1.0,0.0,0.0
472,年假,2026Q2,7.0,0,7,0.0
472,调休,2026Q2,0.4,1.0,0.0,0.0
472,年假,2026Q3,7.0,0,7,0.0
472,调休,2026Q3,0.4,1.0,0.0,0.0
473,年假,2025Q1,7.0,0,7,0.0
473,调休,2025Q1,0.2,0,0.2,0.0
473,年假,2025Q2,7.0,0,7,0.0
473,调休,2025Q2,0.2,0,0.2,0.0
473,年假,2025Q3,7.0,0,7,0.0
473,调休,2025Q3,0.2,0,0.2,0.0
473,年假,2026Q1,7.0,2.0,5.0,5.0
473,调休,2026Q1,0.2,0,0.2,0.0
473,年假,2026Q2,7.0,2.0,5.0,0.0
473,调休,2026Q2,0.2,0,0.2,0.0
473,年假,2026Q3,7.0,2.0,5.0,0.0
473,调休,2026Q3,0.2,0,0.2,0.0
474,年假,2025Q1,7.0,0,7,0.0
474,调休,2025Q1,1.0,0,1.0,0.0
474,年假,2025Q2,7.0,0,7,0.0
474,调休,2025Q2,1.0,0,1.0,0.0
474,年假,2025Q3,7.0,0,7,0.0
474,调休,2025Q3,1.0,0,1.0,0.0
474,年假,2026Q1,7.0,0,7,7
474,调休,2026Q1,1.0,1.0,0.0,0.0
474,年假,2026Q2,7.0,2.0,5.0,0.0
474,调休,2026Q2,1.0,1.0,0.0,0.0
474,年假,2026Q3,7.0,2.0,5.0,0.0
474,调休,2026Q3,1.0,1.0,0.0,0.0
475,年假,2025Q1,6.0,0,6,0.0
475,调休,2025Q1,0.0,0,0.0,0.0
475,年假,2025Q2,6.0,0,6,0.0
475,调休,2025Q2,0.0,0,0.0,0.0
476,年假,2025Q1,7.0,0,7,0.0
476,调休,2025Q1,0.4,0,0.4,0.0
476,年假,2025Q2,7.0,0,7,0.0
476,调休,2025Q2,0.4,0,0.4,0.0
476,年假,2025Q3,7.0,0,7,0.0
476,调休,2025Q3,0.4,0,0.4,0.0
476,年假,2026Q1,7.0,0,7,7
476,调休,2026Q1,0.4,0,0.4,0.0
476,年假,2026Q2,7.0,0,7,0.0
476,调休,2026Q2,0.4,0,0.4,0.0
476,年假,2026Q3,7.0,0,7,0.0
476,调休,2026Q3,0.4,0,0.4,0.0
477,年假,2025Q1,7.0,0,7,0.0
477,调休,2025Q1,2.0,0,2.0,0.0
477,年假,2025Q2,7.0,0,7,0.0
477,调休,2025Q2,2.0,0,2.0,0.0
477,年假,2025Q3,7.0,0,7,0.0
477,调休,2025Q3,2.0,1.0,1.0,0.0
477,年假,2026Q1,7.0,0,7,7
477,调休,2026Q1,2.0,0,2.0,0.0
477,年假,2026Q2,7.0,0,7,0.0
477,调休,2026Q2,2.0,0,2.0,0.0
477,年假,2026Q3,7.0,0,7,0.0
477,调休,2026Q3,2.0,0,2.0,0.0
479,年假,2025Q1,7.0,3.0,4.0,0.0
479,调休,2025Q1,0.0,0,0.0,0.0
479,年假,2025Q2,7.0,3.0,4.0,0.0
479,调休,2025Q2,0.0,0,0.0,0.0
479,年假,2025Q3,7.0,3.0,4.0,0.0
479,调休,2025Q3,0.0,0,0.0,0.0
479,年假,2026Q1,7.0,0,7,7
479,调休,2026Q1,0.0,0,0.0,0.0
479,年假,2026Q2,7.0,0,7,0.0
479,调休,2026Q2,0.0,0,0.0,0.0
479,年假,2026Q3,7.0,0,7,0.0
479,调休,2026Q3,0.0,0,0.0,0.0
480,年假,2025Q1,5.0,0,5,0.0
480,调休,2025Q1,0.0,0,0.0,0.0
480,年假,2025Q2,5.0,0,5,0.0
480,调休,2025Q2,0.0,0,0.0,0.0
481,年假,2025Q1,7.0,0,7,0.0
481,调休,2025Q1,0.0,0,0.0,0.0
481,年假,2025Q2,7.0,0,7,0.0
481,调休,2025Q2,0.0,0,0.0,0.0
481,年假,2025Q3,7.0,0,7,0.0
481,调休,2025Q3,0.0,0,0.0,0.0
481,年假,2026Q1,7.0,0,7,7
481,调休,2026Q1,0.0,0,0.0,0.0
481,年假,2026Q2,7.0,0,7,0.0
481,调休,2026Q2,0.0,0,0.0,0.0
483,年假,2025Q1,7.0,0,7,0.0
483,调休,2025Q1,0.0,0,0.0,0.0
483,年假,2025Q2,7.0,0,7,0.0
483,调休,2025Q2,0.0,0,0.0,0.0
483,年假,2025Q3,7.0,0,7,0.0
483,调休,2025Q3,0.0,0,0.0,0.0
483,年假,2026Q1,7.0,0,7,7
483,调休,2026Q1,0.0,0,0.0,0.0
483,年假,2026Q2,7.0,0,7,0.0
483,调休,2026Q2,0.0,0,0.0,0.0
483,年假,2026Q3,7.0,0,7,0.0
483,调休,2026Q3,0.0,0,0.0,0.0
484,年假,2025Q1,6.0,0,6,0.0
484,调休,2025Q1,0.0,1.0,0.0,0.0
484,年假,2025Q2,6.0,0,6,0.0
484,调休,2025Q2,0.0,1.0,0.0,0.0
486,年假,2025Q1,7.0,0,7,0.0
486,调休,2025Q1,2.9,0,2.9,0.0
486,年假,2025Q2,7.0,1.0,6.0,0.0
486,调休,2025Q2,2.9,0,2.9,0.0
486,年假,2025Q3,7.0,1.5,5.5,0.0
486,调休,2025Q3,2.9,0,2.9,0.0
486,年假,2026Q1,7.0,0,7,7
486,调休,2026Q1,2.9,0,2.9,0.0
486,年假,2026Q2,7.0,0,7,0.0
486,调休,2026Q2,2.9,0,2.9,0.0
486,年假,2026Q3,7.0,2.0,5.0,0.0
486,调休,2026Q3,2.9,0,2.9,0.0
487,年假,2025Q1,7.0,0,7,0.0
487,调休,2025Q1,3.5,0,3.5,0.0
487,年假,2025Q2,7.0,0,7,0.0
487,调休,2025Q2,3.5,0,3.5,0.0
487,年假,2025Q3,7.0,0,7,0.0
487,调休,2025Q3,3.5,0,3.5,0.0
487,年假,2026Q1,7.0,3.0,4.0,4.0
487,调休,2026Q1,3.5,0,3.5,0.0
487,年假,2026Q2,7.0,3.0,4.0,0.0
487,调休,2026Q2,3.5,0,3.5,0.0
487,年假,2026Q3,7.0,3.0,4.0,0.0
487,调休,2026Q3,3.5,0,3.5,0.0
488,年假,2025Q1,5.0,0,5,0.0
488,调休,2025Q1,0.0,0,0.0,0.0
489,年假,2025Q1,7.0,0,7,0.0
489,调休,2025Q1,0.5,0,0.5,0.0
489,年假,2025Q2,7.0,0,7,0.0
489,调休,2025Q2,0.5,0,0.5,0.0
489,年假,2025Q3,7.0,7.0,0.0,0.0
489,调休,2025Q3,0.5,0,0.5,0.0
489,年假,2026Q1,7.0,0,7,7
489,调休,2026Q1,0.5,0,0.5,0.0
489,年假,2026Q2,7.0,0,7,0.0
489,调休,2026Q2,0.5,0,0.5,0.0
489,年假,2026Q3,7.0,0,7,0.0
489,调休,2026Q3,0.5,0,0.5,0.0
490,年假,2025Q1,7.0,0,7,0.0
490,调休,2025Q1,0.0,1.0,0.0,0.0
490,年假,2025Q2,7.0,0,7,0.0
490,调休,2025Q2,0.0,1.0,0.0,0.0
490,年假,2025Q3,7.0,2.0,5.0,0.0
490,调休,2025Q3,0.0,1.0,0.0,0.0
490,年假,2026Q1,7.0,0,7,7
490,调休,2026Q1,0.0,0,0.0,0.0
490,年假,2026Q2,7.0,0,7,0.0
490,调休,2026Q2,0.0,0,0.0,0.0
490,年假,2026Q3,7.0,0,7,0.0
490,调休,2026Q3,0.0,0,0.0,0.0
491,年假,2025Q1,7.0,0,7,0.0
491,调休,2025Q1,1.1,0,1.1,0.0
491,年假,2025Q2,7.0,0,7,0.0
491,调休,2025Q2,1.1,0,1.1,0.0
491,年假,2025Q3,7.0,0.5,6.5,0.0
491,调休,2025Q3,1.1,1.0,0.1,0.0
491,年假,2026Q1,7.0,0,7,7
491,调休,2026Q1,1.1,0,1.1,0.0
491,年假,2026Q2,7.0,0,7,0.0
491,调休,2026Q2,1.1,0,1.1,0.0
491,年假,2026Q3,7.0,0,7,0.0
491,调休,2026Q3,1.1,0,1.1,0.0
492,年假,2025Q1,7.0,2.0,5.0,0.0
492,调休,2025Q1,1.0,0,1.0,0.0
492,年假,2025Q2,7.0,2.0,5.0,0.0
492,调休,2025Q2,1.0,0,1.0,0.0
492,年假,2025Q3,7.0,2.0,5.0,0.0
492,调休,2025Q3,1.0,0,1.0,0.0
492,年假,2026Q1,7.0,0,7,7
492,调休,2026Q1,1.0,0,1.0,0.0
492,年假,2026Q2,7.0,5.0,2.0,0.0
492,调休,2026Q2,1.0,0,1.0,0.0
492,年假,2026Q3,7.0,5.0,2.0,0.0
492,调休,2026Q3,1.0,0,1.0,0.0
493,年假,2025Q1,7.0,0,7,0.0
493,调休,2025Q1,0.5,0,0.5,0.0
493,年假,2025Q2,7.0,0,7,0.0
493,调休,2025Q2,0.5,0,0.5,0.0
493,年假,2025Q3,7.0,0,7,0.0
493,调休,2025Q3,0.5,0,0.5,0.0
493,年假,2026Q1,7.0,0,7,7
493,调休,2026Q1,0.5,0,0.5,0.0
493,年假,2026Q2,7.0,0,7,0.0
493,调休,2026Q2,0.5,0,0.5,0.0
493,年假,2026Q3,7.0,0,7,0.0
493,调休,2026Q3,0.5,0,0.5,0.0
494,年假,2025Q1,7.0,0,7,0.0
494,调休,2025Q1,1.1,0,1.1,0.0
494,年假,2025Q2,7.0,0,7,0.0
494,调休,2025Q2,1.1,0,1.1,0.0
494,年假,2025Q3,7.0,0,7,0.0
494,调休,2025Q3,1.1,0,1.1,0.0
494,年假,2026Q1,7.0,0,7,7
494,调休,2026Q1,1.1,0,1.1,0.0
494,年假,2026Q2,7.0,0,7,0.0
494,调休,2026Q2,1.1,0,1.1,0.0
494,年假,2026Q3,7.0,0,7,0.0
494,调休,2026Q3,1.1,0,1.1,0.0
496,年假,2025Q1,6.0,0,6,0.0
496,调休,2025Q1,0.2,0,0.2,0.0
496,年假,2025Q2,6.0,0,6,0.0
496,调休,2025Q2,0.2,1.0,0.0,0.0
496,年假,2025Q3,6.0,2.0,4.0,0.0
496,调休,2025Q3,0.2,1.0,0.0,0.0
496,年假,2026Q1,6.0,0,6,6
496,调休,2026Q1,0.2,0,0.2,0.0
496,年假,2026Q2,6.0,0,6,0.0
496,调休,2026Q2,0.2,0,0.2,0.0
496,年假,2026Q3,6.0,0,6,0.0
496,调休,2026Q3,0.2,0,0.2,0.0
497,年假,2025Q1,6.0,0,6,0.0
497,调休,2025Q1,1.0,0,1.0,0.0
497,年假,2025Q2,6.0,3.0,3.0,0.0
497,调休,2025Q2,1.0,0,1.0,0.0
497,年假,2025Q3,6.0,3.0,3.0,0.0
497,调休,2025Q3,1.0,0,1.0,0.0
497,年假,2026Q1,6.0,0,6,6
497,调休,2026Q1,1.0,0,1.0,0.0
497,年假,2026Q2,6.0,0,6,0.0
497,调休,2026Q2,1.0,0,1.0,0.0
497,年假,2026Q3,6.0,0,6,0.0
497,调休,2026Q3,1.0,0,1.0,0.0
498,年假,2025Q1,6.0,0,6,0.0
498,调休,2025Q1,1.2,0,1.2,0.0
498,年假,2025Q2,6.0,0,6,0.0
498,调休,2025Q2,1.2,0,1.2,0.0
498,年假,2025Q3,6.0,0,6,0.0
498,调休,2025Q3,1.2,0,1.2,0.0
498,年假,2026Q1,6.0,0,6,6
498,调休,2026Q1,1.2,0,1.2,0.0
498,年假,2026Q2,6.0,0,6,0.0
498,调休,2026Q2,1.2,0,1.2,0.0
498,年假,2026Q3,6.0,0,6,0.0
498,调休,2026Q3,1.2,0,1.2,0.0
499,年假,2025Q1,6.0,0,6,0.0
499,调休,2025Q1,0.8,0,0.8,0.0
499,年假,2025Q2,6.0,0,6,0.0
499,调休,2025Q2,0.8,0,0.8,0.0
499,年假,2025Q3,6.0,0,6,0.0
499,调休,2025Q3,0.8,0,0.8,0.0
499,年假,2026Q1,6.0,0,6,6
499,调休,2026Q1,0.8,0.5,0.2,0.0
499,年假,2026Q2,6.0,3.0,3.0,0.0
499,调休,2026Q2,0.8,0.5,0.2,0.0
499,年假,2026Q3,6.0,3.0,3.0,0.0
499,调休,2026Q3,0.8,0.5,0.2,0.0
500,年假,2025Q1,5.0,0,5,0.0
500,调休,2025Q1,0.5,0,0.5,0.0
502,年假,2025Q1,6.0,0,6,0.0
502,调休,2025Q1,3.4,0,3.4,0.0
502,年假,2025Q2,6.0,0,6,0.0
502,调休,2025Q2,3.4,0,3.4,0.0
502,年假,2025Q3,6.0,0,6,0.0
502,调休,2025Q3,3.4,0,3.4,0.0
502,年假,2026Q1,6.0,0,6,6
502,调休,2026Q1,3.4,0,3.4,0.0
502,年假,2026Q2,6.0,0,6,0.0
502,调休,2026Q2,3.4,0,3.4,0.0
502,年假,2026Q3,6.0,0,6,0.0
502,调休,2026Q3,3.4,0,3.4,0.0
503,年假,2025Q1,6.0,0,6,0.0
503,调休,2025Q1,1.2,0,1.2,0.0
503,年假,2025Q2,6.0,0,6,0.0
503,调休,2025Q2,1.2,2.0,0.0,0.0
503,年假,2025Q3,6.0,0,6,0.0
503,调休,2025Q3,1.2,2.0,0.0,0.0
503,年假,2026Q1,6.0,0,6,6
503,调休,2026Q1,1.2,0,1.2,0.0
503,年假,2026Q2,6.0,0,6,0.0
503,调休,2026Q2,1.2,0,1.2,0.0
503,年假,2026Q3,6.0,0,6,0.0
503,调休,2026Q3,1.2,0,1.2,0.0
504,年假,2025Q1,6.0,0,6,0.0
504,调休,2025Q1,1.4,0,1.4,0.0
504,年假,2025Q2,6.0,3.0,3.0,0.0
504,调休,2025Q2,1.4,0,1.4,0.0
504,年假,2025Q3,6.0,3.0,3.0,0.0
504,调休,2025Q3,1.4,0,1.4,0.0
504,年假,2026Q1,6.0,0,6,6
504,调休,2026Q1,1.4,0,1.4,0.0
504,年假,2026Q2,6.0,0,6,0.0
504,调休,2026Q2,1.4,0,1.4,0.0
504,年假,2026Q3,6.0,0.5,5.5,0.0
504,调休,2026Q3,1.4,0,1.4,0.0
505,年假,2025Q1,5.0,0,5,0.0
505,调休,2025Q1,0.5,0,0.5,0.0
506,年假,2025Q1,5.0,0,5,0.0
506,调休,2025Q1,0.5,0,0.5,0.0
507,年假,2025Q1,6.0,0,6,0.0
507,调休,2025Q1,2.2,1.0,1.2,0.0
507,年假,2025Q2,6.0,0,6,0.0
507,调休,2025Q2,2.2,1.0,1.2,0.0
507,年假,2025Q3,6.0,0,6,0.0
507,调休,2025Q3,2.2,1.0,1.2,0.0
507,年假,2026Q1,6.0,0,6,6
507,调休,2026Q1,2.2,0,2.2,0.0
507,年假,2026Q2,6.0,0,6,0.0
507,调休,2026Q2,2.2,0.5,1.8,0.0
507,年假,2026Q3,6.0,0,6,0.0
507,调休,2026Q3,2.2,0.5,1.8,0.0
508,年假,2025Q1,6.0,5.0,1.0,0.0
508,调休,2025Q1,2.1,2.0,0.1,0.0
508,年假,2025Q2,6.0,5.0,1.0,0.0
508,调休,2025Q2,2.1,2.0,0.1,0.0
508,年假,2025Q3,6.0,5.0,1.0,0.0
508,调休,2025Q3,2.1,2.0,0.1,0.0
508,年假,2026Q1,6.0,0,6,6
508,调休,2026Q1,2.1,0,2.1,0.0
508,年假,2026Q2,6.0,0,6,0.0
508,调休,2026Q2,2.1,0,2.1,0.0
508,年假,2026Q3,6.0,0,6,0.0
508,调休,2026Q3,2.1,0,2.1,0.0
509,年假,2025Q1,6.0,0,6,0.0
509,调休,2025Q1,1.5,0,1.5,0.0
509,年假,2025Q2,6.0,0,6,0.0
509,调休,2025Q2,1.5,0,1.5,0.0
509,年假,2025Q3,6.0,0,6,0.0
509,调休,2025Q3,1.5,0,1.5,0.0
509,年假,2026Q1,6.0,0,6,6
509,调休,2026Q1,1.5,0,1.5,0.0
509,年假,2026Q2,6.0,0,6,0.0
509,调休,2026Q2,1.5,0,1.5,0.0
509,年假,2026Q3,6.0,0,6,0.0
509,调休,2026Q3,1.5,0,1.5,0.0
510,年假,2025Q1,6.0,0,6,0.0
510,调休,2025Q1,0.4,0,0.4,0.0
510,年假,2025Q2,6.0,0,6,0.0
510,调休,2025Q2,0.4,0,0.4,0.0
510,年假,2025Q3,6.0,0,6,0.0
510,调休,2025Q3,0.4,0,0.4,0.0
510,年假,2026Q1,6.0,0,6,6
510,调休,2026Q1,0.4,0,0.4,0.0
510,年假,2026Q2,6.0,2.0,4.0,0.0
510,调休,2026Q2,0.4,0,0.4,0.0
510,年假,2026Q3,6.0,2.5,3.5,0.0
510,调休,2026Q3,0.4,0,0.4,0.0
511,年假,2025Q1,6.0,0,6,0.0
511,调休,2025Q1,0.9,0,0.9,0.0
511,年假,2025Q2,6.0,0,6,0.0
511,调休,2025Q2,0.9,0,0.9,0.0
511,年假,2025Q3,6.0,0,6,0.0
511,调休,2025Q3,0.9,0,0.9,0.0
512,年假,2025Q1,6.0,2.0,4.0,0.0
512,调休,2025Q1,2.8,0,2.8,0.0
512,年假,2025Q2,6.0,2.0,4.0,0.0
512,调休,2025Q2,2.8,0,2.8,0.0
512,年假,2025Q3,6.0,2.0,4.0,0.0
512,调休,2025Q3,2.8,0,2.8,0.0
512,年假,2026Q1,6.0,1.0,5.0,5.0
512,调休,2026Q1,2.8,0,2.8,0.0
512,年假,2026Q2,6.0,1.0,5.0,0.0
512,调休,2026Q2,2.8,0,2.8,0.0
512,年假,2026Q3,6.0,1.0,5.0,0.0
512,调休,2026Q3,2.8,0,2.8,0.0
513,年假,2025Q1,6.0,1.0,5.0,0.0
513,调休,2025Q1,2.9,0,2.9,0.0
513,年假,2025Q2,6.0,1.0,5.0,0.0
513,调休,2025Q2,2.9,0,2.9,0.0
513,年假,2025Q3,6.0,1.0,5.0,0.0
513,调休,2025Q3,2.9,0,2.9,0.0
513,年假,2026Q1,6.0,0,6,6
513,调休,2026Q1,2.9,0,2.9,0.0
513,年假,2026Q2,6.0,0,6,0.0
513,调休,2026Q2,2.9,0,2.9,0.0
513,年假,2026Q3,6.0,0,6,0.0
513,调休,2026Q3,2.9,0,2.9,0.0
514,年假,2025Q1,6.0,0,6,0.0
514,调休,2025Q1,0.0,0,0.0,0.0
514,年假,2025Q2,6.0,0,6,0.0
514,调休,2025Q2,0.0,0,0.0,0.0
514,年假,2025Q3,6.0,0,6,0.0
514,调休,2025Q3,0.0,0,0.0,0.0
514,年假,2026Q1,6.0,3.0,3.0,3.0
514,调休,2026Q1,0.0,0,0.0,0.0
514,年假,2026Q2,6.0,3.0,3.0,0.0
514,调休,2026Q2,0.0,0,0.0,0.0
514,年假,2026Q3,6.0,3.0,3.0,0.0
514,调休,2026Q3,0.0,0,0.0,0.0
515,年假,2025Q1,6.0,0,6,0.0
515,调休,2025Q1,0.4,0,0.4,0.0
515,年假,2025Q2,6.0,0,6,0.0
515,调休,2025Q2,0.4,0,0.4,0.0
515,年假,2025Q3,6.0,0,6,0.0
515,调休,2025Q3,0.4,0,0.4,0.0
515,年假,2026Q1,6.0,0,6,6
515,调休,2026Q1,0.4,0,0.4,0.0
515,年假,2026Q2,6.0,0,6,0.0
515,调休,2026Q2,0.4,0,0.4,0.0
515,年假,2026Q3,6.0,0,6,0.0
515,调休,2026Q3,0.4,0,0.4,0.0
516,年假,2025Q1,6.0,0,6,0.0
516,调休,2025Q1,2.0,0,2.0,0.0
516,年假,2025Q2,6.0,0.5,5.5,0.0
516,调休,2025Q2,2.0,0,2.0,0.0
516,年假,2025Q3,6.0,0.5,5.5,0.0
516,调休,2025Q3,2.0,0,2.0,0.0
516,年假,2026Q1,6.0,0,6,6
516,调休,2026Q1,2.0,0,2.0,0.0
516,年假,2026Q2,6.0,0,6,0.0
516,调休,2026Q2,2.0,0,2.0,0.0
516,年假,2026Q3,6.0,0,6,0.0
516,调休,2026Q3,2.0,0,2.0,0.0
517,年假,2025Q1,6.0,0,6,0.0
517,调休,2025Q1,0.5,0,0.5,0.0
517,年假,2025Q2,6.0,0,6,0.0
517,调休,2025Q2,0.5,0,0.5,0.0
517,年假,2025Q3,6.0,5.0,1.0,0.0
517,调休,2025Q3,0.5,0,0.5,0.0
517,年假,2026Q1,6.0,0,6,6
517,调休,2026Q1,0.5,0,0.5,0.0
517,年假,2026Q2,6.0,0,6,0.0
517,调休,2026Q2,0.5,0,0.5,0.0
517,年假,2026Q3,6.0,0,6,0.0
517,调休,2026Q3,0.5,0,0.5,0.0
519,年假,2025Q1,6.0,1.0,5.0,0.0
519,调休,2025Q1,1.8,0,1.8,0.0
519,年假,2025Q2,6.0,1.0,5.0,0.0
519,调休,2025Q2,1.8,0,1.8,0.0
519,年假,2025Q3,6.0,1.0,5.0,0.0
519,调休,2025Q3,1.8,0,1.8,0.0
519,年假,2026Q1,6.0,3.0,3.0,3.0
519,调休,2026Q1,1.8,0,1.8,0.0
519,年假,2026Q2,6.0,3.0,3.0,0.0
519,调休,2026Q2,1.8,0,1.8,0.0
519,年假,2026Q3,6.0,3.0,3.0,0.0
519,调休,2026Q3,1.8,0,1.8,0.0
521,年假,2025Q1,5.0,2.0,3.0,0.0
521,调休,2025Q1,0.4,0,0.4,0.0
522,年假,2025Q1,6.0,0,6,0.0
522,调休,2025Q1,0.2,0.5,0.0,0.0
522,年假,2025Q2,6.0,0,6,0.0
522,调休,2025Q2,0.2,0.5,0.0,0.0
522,年假,2025Q3,6.0,3.0,3.0,0.0
522,调休,2025Q3,0.2,0.5,0.0,0.0
522,年假,2026Q1,6.0,0,6,6
522,调休,2026Q1,0.2,0,0.2,0.0
522,年假,2026Q2,6.0,0,6,0.0
522,调休,2026Q2,0.2,0,0.2,0.0
522,年假,2026Q3,6.0,0,6,0.0
522,调休,2026Q3,0.2,0,0.2,0.0
523,年假,2025Q1,5.0,0,5,0.0
523,调休,2025Q1,0.0,0,0.0,0.0
524,年假,2025Q1,5.0,0,5,0.0
524,调休,2025Q1,0.5,0,0.5,0.0
526,年假,2025Q1,6.0,0,6,0.0
526,调休,2025Q1,0.8,0,0.8,0.0
526,年假,2025Q2,6.0,0,6,0.0
526,调休,2025Q2,0.8,0,0.8,0.0
526,年假,2025Q3,6.0,0,6,0.0
526,调休,2025Q3,0.8,0.5,0.2,0.0
526,年假,2026Q1,6.0,0,6,6
526,调休,2026Q1,0.8,0,0.8,0.0
526,年假,2026Q2,6.0,0,6,0.0
526,调休,2026Q2,0.8,0,0.8,0.0
526,年假,2026Q3,6.0,0,6,0.0
526,调休,2026Q3,0.8,0,0.8,0.0
527,年假,2025Q1,6.0,1.0,5.0,0.0
527,调休,2025Q1,1.0,0,1.0,0.0
527,年假,2025Q2,6.0,1.0,5.0,0.0
527,调休,2025Q2,1.0,0,1.0,0.0
527,年假,2025Q3,6.0,1.0,5.0,0.0
527,调休,2025Q3,1.0,0,1.0,0.0
527,年假,2026Q1,6.0,0,6,6
527,调休,2026Q1,1.0,0,1.0,0.0
527,年假,2026Q2,6.0,0,6,0.0
527,调休,2026Q2,1.0,0,1.0,0.0
527,年假,2026Q3,6.0,0,6,0.0
527,调休,2026Q3,1.0,0,1.0,0.0
528,年假,2025Q1,6.0,0,6,0.0
528,调休,2025Q1,1.5,0,1.5,0.0
528,年假,2025Q2,6.0,0,6,0.0
528,调休,2025Q2,1.5,0,1.5,0.0
528,年假,2025Q3,6.0,0,6,0.0
528,调休,2025Q3,1.5,2.0,0.0,0.0
528,年假,2026Q1,6.0,0,6,6
528,调休,2026Q1,1.5,0.5,1.0,0.0
528,年假,2026Q2,6.0,0,6,0.0
528,调休,2026Q2,1.5,0.5,1.0,0.0
528,年假,2026Q3,6.0,0,6,0.0
528,调休,2026Q3,1.5,0.5,1.0,0.0
529,年假,2025Q1,6.0,0,6,0.0
529,调休,2025Q1,1.2,0,1.2,0.0
529,年假,2025Q2,6.0,0,6,0.0
529,调休,2025Q2,1.2,0,1.2,0.0
529,年假,2025Q3,6.0,0,6,0.0
529,调休,2025Q3,1.2,0,1.2,0.0
529,年假,2026Q1,6.0,0,6,6
529,调休,2026Q1,1.2,0,1.2,0.0
529,年假,2026Q2,6.0,0,6,0.0
529,调休,2026Q2,1.2,0,1.2,0.0
529,年假,2026Q3,6.0,0,6,0.0
529,调休,2026Q3,1.2,1.0,0.2,0.0
531,年假,2025Q1,5.0,0,5,0.0
531,调休,2025Q1,0.0,0,0.0,0.0
532,年假,2025Q1,6.0,0,6,0.0
532,调休,2025Q1,2.1,0,2.1,0.0
532,年假,2025Q2,6.0,0,6,0.0
532,调休,2025Q2,2.1,0,2.1,0.0
532,年假,2025Q3,6.0,2.0,4.0,0.0
532,调休,2025Q3,2.1,0,2.1,0.0
532,年假,2026Q1,6.0,0,6,6
532,调休,2026Q1,2.1,0,2.1,0.0
532,年假,2026Q2,6.0,0,6,0.0
532,调休,2026Q2,2.1,0,2.1,0.0
533,年假,2025Q1,6.0,0,6,0.0
533,调休,2025Q1,1.2,2.0,0.0,0.0
533,年假,2025Q2,6.0,0,6,0.0
533,调休,2025Q2,1.2,2.0,0.0,0.0
533,年假,2025Q3,6.0,0,6,0.0
533,调休,2025Q3,1.2,2.0,0.0,0.0
533,年假,2026Q1,6.0,0,6,6
533,调休,2026Q1,1.2,0,1.2,0.0
533,年假,2026Q2,6.0,0,6,0.0
533,调休,2026Q2,1.2,2.0,0.0,0.0
533,年假,2026Q3,6.0,0,6,0.0
533,调休,2026Q3,1.2,2.0,0.0,0.0
534,年假,2025Q1,5.0,1.0,4.0,0.0
534,调休,2025Q1,0.0,0,0.0,0.0
535,年假,2025Q1,6.0,2.0,4.0,0.0
535,调休,2025Q1,2.0,0,2.0,0.0
535,年假,2025Q2,6.0,2.0,4.0,0.0
535,调休,2025Q2,2.0,0,2.0,0.0
535,年假,2025Q3,6.0,2.0,4.0,0.0
535,调休,2025Q3,2.0,0,2.0,0.0
535,年假,2026Q1,6.0,0,6,6
535,调休,2026Q1,2.0,0,2.0,0.0
535,年假,2026Q2,6.0,3.0,3.0,0.0
535,调休,2026Q2,2.0,0,2.0,0.0
536,年假,2025Q1,6.0,0,6,0.0
536,调休,2025Q1,2.1,0,2.1,0.0
536,年假,2025Q2,6.0,0,6,0.0
536,调休,2025Q2,2.1,0,2.1,0.0
536,年假,2025Q3,6.0,0,6,0.0
536,调休,2025Q3,2.1,0,2.1,0.0
536,年假,2026Q1,6.0,5.0,1.0,1.0
536,调休,2026Q1,2.1,0,2.1,0.0
536,年假,2026Q2,6.0,5.5,0.5,0.0
536,调休,2026Q2,2.1,0,2.1,0.0
536,年假,2026Q3,6.0,5.5,0.5,0.0
536,调休,2026Q3,2.1,0,2.1,0.0
537,年假,2025Q1,6.0,1.0,5.0,0.0
537,调休,2025Q1,1.8,0,1.8,0.0
537,年假,2025Q2,6.0,1.0,5.0,0.0
537,调休,2025Q2,1.8,0,1.8,0.0
537,年假,2025Q3,6.0,1.0,5.0,0.0
537,调休,2025Q3,1.8,0,1.8,0.0
537,年假,2026Q1,6.0,0,6,6
537,调休,2026Q1,1.8,0,1.8,0.0
537,年假,2026Q2,6.0,0,6,0.0
537,调休,2026Q2,1.8,0,1.8,0.0
537,年假,2026Q3,6.0,0,6,0.0
537,调休,2026Q3,1.8,0,1.8,0.0
538,年假,2025Q1,6.0,0,6,0.0
538,调休,2025Q1,1.5,0,1.5,0.0
538,年假,2025Q2,6.0,5.0,1.0,0.0
538,调休,2025Q2,1.5,0,1.5,0.0
538,年假,2025Q3,6.0,5.0,1.0,0.0
538,调休,2025Q3,1.5,0,1.5,0.0
538,年假,2026Q1,6.0,0,6,6
538,调休,2026Q1,1.5,0,1.5,0.0
538,年假,2026Q2,6.0,3.5,2.5,0.0
538,调休,2026Q2,1.5,0,1.5,0.0
538,年假,2026Q3,6.0,3.5,2.5,0.0
538,调休,2026Q3,1.5,0,1.5,0.0
539,年假,2025Q1,6.0,0,6,0.0
539,调休,2025Q1,0.6,0,0.6,0.0
539,年假,2025Q2,6.0,0,6,0.0
539,调休,2025Q2,0.6,0,0.6,0.0
539,年假,2025Q3,6.0,2.0,4.0,0.0
539,调休,2025Q3,0.6,0,0.6,0.0
540,年假,2025Q1,5.0,0,5,0.0
540,调休,2025Q1,1.2,0,1.2,0.0
540,年假,2025Q2,5.0,0,5,0.0
540,调休,2025Q2,1.2,0,1.2,0.0
541,年假,2025Q1,6.0,0,6,0.0
541,调休,2025Q1,1.5,0,1.5,0.0
541,年假,2025Q2,6.0,0,6,0.0
541,调休,2025Q2,1.5,0,1.5,0.0
541,年假,2025Q3,6.0,0,6,0.0
541,调休,2025Q3,1.5,0,1.5,0.0
541,年假,2026Q1,6.0,0,6,6
541,调休,2026Q1,1.5,0,1.5,0.0
541,年假,2026Q2,6.0,0,6,0.0
541,调休,2026Q2,1.5,0,1.5,0.0
541,年假,2026Q3,6.0,0,6,0.0
541,调休,2026Q3,1.5,0,1.5,0.0
542,年假,2025Q1,6.0,0,6,0.0
542,调休,2025Q1,1.0,0,1.0,0.0
542,年假,2025Q2,6.0,0,6,0.0
542,调休,2025Q2,1.0,0,1.0,0.0
542,年假,2025Q3,6.0,0,6,0.0
542,调休,2025Q3,1.0,0,1.0,0.0
542,年假,2026Q1,6.0,0,6,6
542,调休,2026Q1,1.0,0,1.0,0.0
542,年假,2026Q2,6.0,0,6,0.0
542,调休,2026Q2,1.0,0,1.0,0.0
542,年假,2026Q3,6.0,0,6,0.0
542,调休,2026Q3,1.0,0,1.0,0.0
543,年假,2025Q1,6.0,0,6,0.0
543,调休,2025Q1,1.8,0,1.8,0.0
543,年假,2025Q2,6.0,0,6,0.0
543,调休,2025Q2,1.8,0,1.8,0.0
543,年假,2025Q3,6.0,0,6,0.0
543,调休,2025Q3,1.8,0,1.8,0.0
543,年假,2026Q1,6.0,0,6,6
543,调休,2026Q1,1.8,0,1.8,0.0
543,年假,2026Q2,6.0,0,6,0.0
543,调休,2026Q2,1.8,0,1.8,0.0
543,年假,2026Q3,6.0,0,6,0.0
543,调休,2026Q3,1.8,0,1.8,0.0
544,年假,2025Q1,6.0,0,6,0.0
544,调休,2025Q1,3.2,0,3.2,0.0
544,年假,2025Q2,6.0,0,6,0.0
544,调休,2025Q2,3.2,0,3.2,0.0
544,年假,2025Q3,6.0,0,6,0.0
544,调休,2025Q3,3.2,0,3.2,0.0
544,年假,2026Q1,6.0,0,6,6
544,调休,2026Q1,3.2,0,3.2,0.0
544,年假,2026Q2,6.0,0,6,0.0
544,调休,2026Q2,3.2,2.0,1.2,0.0
544,年假,2026Q3,6.0,0,6,0.0
544,调休,2026Q3,3.2,2.0,1.2,0.0
545,年假,2025Q1,6.0,0,6,0.0
545,调休,2025Q1,2.8,0,2.8,0.0
545,年假,2025Q2,6.0,0,6,0.0
545,调休,2025Q2,2.8,0,2.8,0.0
545,年假,2025Q3,6.0,0,6,0.0
545,调休,2025Q3,2.8,0,2.8,0.0
546,年假,2025Q1,6.0,0,6,0.0
546,调休,2025Q1,0.0,0,0.0,0.0
546,年假,2025Q2,6.0,0,6,0.0
546,调休,2025Q2,0.0,0,0.0,0.0
546,年假,2025Q3,6.0,0,6,0.0
546,调休,2025Q3,0.0,0,0.0,0.0
546,年假,2026Q1,6.0,0,6,6
546,调休,2026Q1,0.0,0,0.0,0.0
546,年假,2026Q2,6.0,2.0,4.0,0.0
546,调休,2026Q2,0.0,2.0,0.0,0.0
546,年假,2026Q3,6.0,4.0,2.0,0.0
546,调休,2026Q3,0.0,2.0,0.0,0.0
547,年假,2025Q1,6.0,0,6,0.0
547,调休,2025Q1,2.0,0,2.0,0.0
547,年假,2025Q2,6.0,0,6,0.0
547,调休,2025Q2,2.0,0,2.0,0.0
547,年假,2025Q3,6.0,0,6,0.0
547,调休,2025Q3,2.0,0,2.0,0.0
547,年假,2026Q1,6.0,0,6,6
547,调休,2026Q1,2.0,0,2.0,0.0
547,年假,2026Q2,6.0,0,6,0.0
547,调休,2026Q2,2.0,0,2.0,0.0
547,年假,2026Q3,6.0,0,6,0.0
547,调休,2026Q3,2.0,0,2.0,0.0
548,年假,2025Q1,6.0,0,6,0.0
548,调休,2025Q1,2.6,0,2.6,0.0
548,年假,2025Q2,6.0,0,6,0.0
548,调休,2025Q2,2.6,0,2.6,0.0
548,年假,2025Q3,6.0,2.0,4.0,0.0
548,调休,2025Q3,2.6,0,2.6,0.0
548,年假,2026Q1,6.0,0,6,6
548,调休,2026Q1,2.6,0,2.6,0.0
548,年假,2026Q2,6.0,0,6,0.0
548,调休,2026Q2,2.6,0,2.6,0.0
548,年假,2026Q3,6.0,0,6,0.0
548,调休,2026Q3,2.6,0,2.6,0.0
549,年假,2025Q1,6.0,0,6,0.0
549,调休,2025Q1,1.5,0,1.5,0.0
549,年假,2025Q2,6.0,0,6,0.0
549,调休,2025Q2,1.5,0,1.5,0.0
549,年假,2025Q3,6.0,0,6,0.0
549,调休,2025Q3,1.5,0,1.5,0.0
549,年假,2026Q1,6.0,0,6,6
549,调休,2026Q1,1.5,1.0,0.5,0.0
549,年假,2026Q2,6.0,0,6,0.0
549,调休,2026Q2,1.5,1.0,0.5,0.0
549,年假,2026Q3,6.0,0,6,0.0
549,调休,2026Q3,1.5,1.0,0.5,0.0
550,年假,2025Q1,6.0,0,6,0.0
550,调休,2025Q1,0.0,0,0.0,0.0
550,年假,2025Q2,6.0,0,6,0.0
550,调休,2025Q2,0.0,0,0.0,0.0
550,年假,2025Q3,6.0,0,6,0.0
550,调休,2025Q3,0.0,0,0.0,0.0
550,年假,2026Q1,6.0,2.0,4.0,4.0
550,调休,2026Q1,0.0,1.0,0.0,0.0
550,年假,2026Q2,6.0,2.0,4.0,0.0
550,调休,2026Q2,0.0,2.0,0.0,0.0
550,年假,2026Q3,6.0,2.0,4.0,0.0
550,调休,2026Q3,0.0,2.0,0.0,0.0
551,年假,2025Q1,6.0,0,6,0.0
551,调休,2025Q1,0.0,0,0.0,0.0
551,年假,2025Q2,6.0,0,6,0.0
551,调休,2025Q2,0.0,0,0.0,0.0
551,年假,2025Q3,6.0,0,6,0.0
551,调休,2025Q3,0.0,0,0.0,0.0
551,年假,2026Q1,6.0,2.0,4.0,4.0
551,调休,2026Q1,0.0,0,0.0,0.0
551,年假,2026Q2,6.0,4.0,2.0,0.0
551,调休,2026Q2,0.0,0,0.0,0.0
551,年假,2026Q3,6.0,4.0,2.0,0.0
551,调休,2026Q3,0.0,0,0.0,0.0
552,年假,2025Q1,6.0,0,6,0.0
552,调休,2025Q1,1.8,0,1.8,0.0
552,年假,2025Q2,6.0,2.0,4.0,0.0
552,调休,2025Q2,1.8,0,1.8,0.0
552,年假,2025Q3,6.0,2.0,4.0,0.0
552,调休,2025Q3,1.8,0,1.8,0.0
552,年假,2026Q1,6.0,0,6,6
552,调休,2026Q1,1.8,0,1.8,0.0
552,年假,2026Q2,6.0,5.0,1.0,0.0
552,调休,2026Q2,1.8,0,1.8,0.0
552,年假,2026Q3,6.0,5.0,1.0,0.0
552,调休,2026Q3,1.8,0,1.8,0.0
553,年假,2025Q1,6.0,2.0,4.0,0.0
553,调休,2025Q1,2.6,0,2.6,0.0
553,年假,2025Q2,6.0,2.0,4.0,0.0
553,调休,2025Q2,2.6,0,2.6,0.0
553,年假,2025Q3,6.0,2.0,4.0,0.0
553,调休,2025Q3,2.6,0,2.6,0.0
553,年假,2026Q1,6.0,0,6,6
553,调休,2026Q1,2.6,0,2.6,0.0
553,年假,2026Q2,6.0,0,6,0.0
553,调休,2026Q2,2.6,0,2.6,0.0
553,年假,2026Q3,6.0,0,6,0.0
553,调休,2026Q3,2.6,0,2.6,0.0
554,年假,2025Q1,6.0,0,6,0.0
554,调休,2025Q1,1.4,0,1.4,0.0
554,年假,2025Q2,6.0,0,6,0.0
554,调休,2025Q2,1.4,0,1.4,0.0
554,年假,2025Q3,6.0,1.0,5.0,0.0
554,调休,2025Q3,1.4,0,1.4,0.0
554,年假,2026Q1,6.0,0,6,6
554,调休,2026Q1,1.4,0,1.4,0.0
554,年假,2026Q2,6.0,0,6,0.0
554,调休,2026Q2,1.4,0,1.4,0.0
554,年假,2026Q3,6.0,3.0,3.0,0.0
554,调休,2026Q3,1.4,0,1.4,0.0
555,年假,2025Q1,6.0,0,6,0.0
555,调休,2025Q1,0.2,0,0.2,0.0
555,年假,2025Q2,6.0,0,6,0.0
555,调休,2025Q2,0.2,0,0.2,0.0
555,年假,2025Q3,6.0,0,6,0.0
555,调休,2025Q3,0.2,0,0.2,0.0
556,年假,2025Q1,6.0,0,6,0.0
556,调休,2025Q1,2.2,0,2.2,0.0
556,年假,2025Q2,6.0,0,6,0.0
556,调休,2025Q2,2.2,0,2.2,0.0
556,年假,2025Q3,6.0,0,6,0.0
556,调休,2025Q3,2.2,0,2.2,0.0
556,年假,2026Q1,6.0,0.5,5.5,5.5
556,调休,2026Q1,2.2,0,2.2,0.0
556,年假,2026Q2,6.0,0.5,5.5,0.0
556,调休,2026Q2,2.2,0,2.2,0.0
556,年假,2026Q3,6.0,3.5,2.5,0.0
556,调休,2026Q3,2.2,0,2.2,0.0
557,年假,2025Q1,6.0,0,6,0.0
557,调休,2025Q1,2.2,0,2.2,0.0
557,年假,2025Q2,6.0,0,6,0.0
557,调休,2025Q2,2.2,0,2.2,0.0
557,年假,2025Q3,6.0,0,6,0.0
557,调休,2025Q3,2.2,0,2.2,0.0
557,年假,2026Q1,6.0,0,6,6
557,调休,2026Q1,2.2,0,2.2,0.0
557,年假,2026Q2,6.0,0,6,0.0
557,调休,2026Q2,2.2,0,2.2,0.0
557,年假,2026Q3,6.0,0,6,0.0
557,调休,2026Q3,2.2,0,2.2,0.0
558,年假,2025Q1,6.0,0,6,0.0
558,调休,2025Q1,0.0,0,0.0,0.0
558,年假,2025Q2,6.0,0,6,0.0
558,调休,2025Q2,0.0,0,0.0,0.0
558,年假,2025Q3,6.0,2.0,4.0,0.0
558,调休,2025Q3,0.0,0,0.0,0.0
558,年假,2026Q1,6.0,0,6,6
558,调休,2026Q1,0.0,0,0.0,0.0
558,年假,2026Q2,6.0,0,6,0.0
558,调休,2026Q2,0.0,0,0.0,0.0
558,年假,2026Q3,6.0,0,6,0.0
558,调休,2026Q3,0.0,0,0.0,0.0
559,年假,2025Q1,6.0,0,6,0.0
559,调休,2025Q1,2.0,0,2.0,0.0
559,年假,2025Q2,6.0,0,6,0.0
559,调休,2025Q2,2.0,0,2.0,0.0
559,年假,2025Q3,6.0,1.0,5.0,0.0
559,调休,2025Q3,2.0,0,2.0,0.0
559,年假,2026Q1,6.0,0,6,6
559,调休,2026Q1,2.0,0,2.0,0.0
559,年假,2026Q2,6.0,0,6,0.0
559,调休,2026Q2,2.0,0,2.0,0.0
559,年假,2026Q3,6.0,0,6,0.0
559,调休,2026Q3,2.0,0,2.0,0.0
560,年假,2025Q1,6.0,0,6,0.0
560,调休,2025Q1,2.9,0,2.9,0.0
560,年假,2025Q2,6.0,0,6,0.0
560,调休,2025Q2,2.9,0,2.9,0.0
560,年假,2025Q3,6.0,1.0,5.0,0.0
560,调休,2025Q3,2.9,0,2.9,0.0
560,年假,2026Q1,6.0,2.0,4.0,4.0
560,调休,2026Q1,2.9,0,2.9,0.0
560,年假,2026Q2,6.0,2.0,4.0,0.0
560,调休,2026Q2,2.9,2.0,0.9,0.0
561,年假,2025Q1,6.0,0,6,0.0
561,调休,2025Q1,2.2,0,2.2,0.0
561,年假,2025Q2,6.0,0,6,0.0
561,调休,2025Q2,2.2,0,2.2,0.0
561,年假,2025Q3,6.0,0,6,0.0
561,调休,2025Q3,2.2,0,2.2,0.0
561,年假,2026Q1,6.0,1.0,5.0,5.0
561,调休,2026Q1,2.2,0,2.2,0.0
562,年假,2025Q1,6.0,0,6,0.0
562,调休,2025Q1,1.9,0,1.9,0.0
562,年假,2025Q2,6.0,5.0,1.0,0.0
562,调休,2025Q2,1.9,0,1.9,0.0
562,年假,2025Q3,6.0,10.0,0.0,0.0
562,调休,2025Q3,1.9,0,1.9,0.0
562,年假,2026Q1,6.0,0,6,6
562,调休,2026Q1,1.9,0,1.9,0.0
562,年假,2026Q2,6.0,2.0,4.0,0.0
562,调休,2026Q2,1.9,0,1.9,0.0
562,年假,2026Q3,6.0,2.0,4.0,0.0
562,调休,2026Q3,1.9,0,1.9,0.0
563,年假,2025Q1,6.0,0,6,0.0
563,调休,2025Q1,1.1,0,1.1,0.0
563,年假,2025Q2,6.0,0,6,0.0
563,调休,2025Q2,1.1,2.0,0.0,0.0
563,年假,2025Q3,6.0,0,6,0.0
563,调休,2025Q3,1.1,2.0,0.0,0.0
563,年假,2026Q1,6.0,0.5,5.5,5.5
563,调休,2026Q1,1.1,0,1.1,0.0
563,年假,2026Q2,6.0,0.5,5.5,0.0
563,调休,2026Q2,1.1,0,1.1,0.0
563,年假,2026Q3,6.0,1.5,4.5,0.0
563,调休,2026Q3,1.1,0,1.1,0.0
564,年假,2025Q1,5.0,0,5,0.0
564,调休,2025Q1,0.5,0,0.5,0.0
564,年假,2025Q2,5.0,5.0,0.0,0.0
564,调休,2025Q2,0.5,0,0.5,0.0
565,年假,2025Q1,6.0,0,6,0.0
565,调休,2025Q1,3.6,0,3.6,0.0
565,年假,2025Q2,6.0,0,6,0.0
565,调休,2025Q2,3.6,0,3.6,0.0
565,年假,2025Q3,6.0,3.0,3.0,0.0
565,调休,2025Q3,3.6,0,3.6,0.0
565,年假,2026Q1,6.0,0,6,6
565,调休,2026Q1,3.6,0,3.6,0.0
565,年假,2026Q2,6.0,0,6,0.0
565,调休,2026Q2,3.6,0,3.6,0.0
565,年假,2026Q3,6.0,0,6,0.0
565,调休,2026Q3,3.6,0,3.6,0.0
566,年假,2025Q1,6.0,0,6,0.0
566,调休,2025Q1,1.1,0,1.1,0.0
566,年假,2025Q2,6.0,0,6,0.0
566,调休,2025Q2,1.1,0,1.1,0.0
566,年假,2025Q3,6.0,0,6,0.0
566,调休,2025Q3,1.1,0,1.1,0.0
566,年假,2026Q1,6.0,0,6,6
566,调休,2026Q1,1.1,0,1.1,0.0
566,年假,2026Q2,6.0,0,6,0.0
566,调休,2026Q2,1.1,0,1.1,0.0
566,年假,2026Q3,6.0,0,6,0.0
566,调休,2026Q3,1.1,0,1.1,0.0
567,年假,2025Q1,6.0,0,6,0.0
567,调休,2025Q1,2.0,0,2.0,0.0
567,年假,2025Q2,6.0,0,6,0.0
567,调休,2025Q2,2.0,0,2.0,0.0
567,年假,2025Q3,6.0,1.0,5.0,0.0
567,调休,2025Q3,2.0,0,2.0,0.0
567,年假,2026Q1,6.0,0,6,6
567,调休,2026Q1,2.0,0,2.0,0.0
567,年假,2026Q2,6.0,0,6,0.0
567,调休,2026Q2,2.0,0,2.0,0.0
567,年假,2026Q3,6.0,0,6,0.0
567,调休,2026Q3,2.0,0,2.0,0.0
568,年假,2025Q1,6.0,0,6,0.0
568,调休,2025Q1,0.0,0,0.0,0.0
568,年假,2025Q2,6.0,0,6,0.0
568,调休,2025Q2,0.0,0,0.0,0.0
568,年假,2025Q3,6.0,0,6,0.0
568,调休,2025Q3,0.0,0,0.0,0.0
568,年假,2026Q1,6.0,0,6,6
568,调休,2026Q1,0.0,0,0.0,0.0
569,年假,2025Q1,6.0,0,6,0.0
569,调休,2025Q1,1.0,0,1.0,0.0
569,年假,2025Q2,6.0,0,6,0.0
569,调休,2025Q2,1.0,0,1.0,0.0
569,年假,2025Q3,6.0,0,6,0.0
569,调休,2025Q3,1.0,0,1.0,0.0
569,年假,2026Q1,6.0,0,6,6
569,调休,2026Q1,1.0,0,1.0,0.0
569,年假,2026Q2,6.0,0,6,0.0
569,调休,2026Q2,1.0,0,1.0,0.0
569,年假,2026Q3,6.0,0,6,0.0
569,调休,2026Q3,1.0,0,1.0,0.0
570,年假,2025Q1,5.0,0,5,0.0
570,调休,2025Q1,0.0,0,0.0,0.0
570,年假,2025Q2,5.0,0,5,0.0
570,调休,2025Q2,0.0,0,0.0,0.0
571,年假,2025Q1,5.0,0,5,0.0
571,调休,2025Q1,0.0,0,0.0,0.0
571,年假,2025Q2,5.0,0,5,0.0
571,调休,2025Q2,0.0,0,0.0,0.0
572,年假,2025Q1,5.0,0,5,0.0
572,调休,2025Q1,0.8,0,0.8,0.0
572,年假,2025Q2,5.0,0,5,0.0
572,调休,2025Q2,0.8,0,0.8,0.0
572,年假,2025Q3,5.0,0,5,0.0
572,调休,2025Q3,0.8,0,0.8,0.0
573,年假,2025Q2,6.0,0,6,0.0
573,调休,2025Q2,1.2,0,1.2,0.0
573,年假,2025Q3,6.0,0,6,0.0
573,调休,2025Q3,1.2,0,1.2,0.0
573,年假,2026Q1,6.0,0,6,6
573,调休,2026Q1,1.2,0,1.2,0.0
573,年假,2026Q2,6.0,0,6,0.0
573,调休,2026Q2,1.2,0,1.2,0.0
574,年假,2025Q2,6.0,0,6,0.0
574,调休,2025Q2,0.5,0,0.5,0.0
574,年假,2025Q3,6.0,3.0,3.0,0.0
574,调休,2025Q3,0.5,0,0.5,0.0
574,年假,2026Q1,6.0,1.0,5.0,5.0
574,调休,2026Q1,0.5,0,0.5,0.0
574,年假,2026Q2,6.0,2.0,4.0,0.0
574,调休,2026Q2,0.5,0,0.5,0.0
574,年假,2026Q3,6.0,2.0,4.0,0.0
574,调休,2026Q3,0.5,0,0.5,0.0
575,年假,2025Q2,6.0,1.0,5.0,0.0
575,调休,2025Q2,0.5,0,0.5,0.0
575,年假,2025Q3,6.0,1.0,5.0,0.0
575,调休,2025Q3,0.5,0.5,0.0,0.0
575,年假,2026Q1,6.0,0,6,6
575,调休,2026Q1,0.5,0.5,0.0,0.0
575,年假,2026Q2,6.0,0,6,0.0
575,调休,2026Q2,0.5,0.5,0.0,0.0
575,年假,2026Q3,6.0,0,6,0.0
575,调休,2026Q3,0.5,0.5,0.0,0.0
576,年假,2025Q2,6.0,0,6,0.0
576,调休,2025Q2,1.8,0,1.8,0.0
576,年假,2025Q3,6.0,0,6,0.0
576,调休,2025Q3,1.8,0,1.8,0.0
576,年假,2026Q1,6.0,0,6,6
576,调休,2026Q1,1.8,0,1.8,0.0
576,年假,2026Q2,6.0,0,6,0.0
576,调休,2026Q2,1.8,0,1.8,0.0
576,年假,2026Q3,6.0,0,6,0.0
576,调休,2026Q3,1.8,0,1.8,0.0
577,年假,2025Q2,5.0,0,5,0.0
577,调休,2025Q2,0.5,0,0.5,0.0
578,年假,2025Q2,6.0,0,6,0.0
578,调休,2025Q2,1.0,0,1.0,0.0
578,年假,2025Q3,6.0,0,6,0.0
578,调休,2025Q3,1.0,0,1.0,0.0
578,年假,2026Q1,6.0,0,6,6
578,调休,2026Q1,1.0,0,1.0,0.0
578,年假,2026Q2,6.0,0,6,0.0
578,调休,2026Q2,1.0,0,1.0,0.0
578,年假,2026Q3,6.0,0,6,0.0
578,调休,2026Q3,1.0,0,1.0,0.0
579,年假,2025Q2,5.0,0,5,0.0
579,调休,2025Q2,2.1,0,2.1,0.0
579,年假,2025Q3,5.0,0,5,0.0
579,调休,2025Q3,2.1,0,2.1,0.0
580,年假,2025Q2,6.0,2.0,4.0,0.0
580,调休,2025Q2,1.0,0,1.0,0.0
580,年假,2025Q3,6.0,2.0,4.0,0.0
580,调休,2025Q3,1.0,0.5,0.5,0.0
580,年假,2026Q1,6.0,0,6,6
580,调休,2026Q1,1.0,0,1.0,0.0
580,年假,2026Q2,6.0,0,6,0.0
580,调休,2026Q2,1.0,0,1.0,0.0
580,年假,2026Q3,6.0,0,6,0.0
580,调休,2026Q3,1.0,0,1.0,0.0
581,年假,2025Q2,6.0,0,6,0.0
581,调休,2025Q2,0.6,0,0.6,0.0
581,年假,2025Q3,6.0,0,6,0.0
581,调休,2025Q3,0.6,0,0.6,0.0
581,年假,2026Q1,6.0,0,6,6
581,调休,2026Q1,0.6,0,0.6,0.0
581,年假,2026Q2,6.0,0,6,0.0
581,调休,2026Q2,0.6,2.0,0.0,0.0
581,年假,2026Q3,6.0,0,6,0.0
581,调休,2026Q3,0.6,2.0,0.0,0.0
582,年假,2025Q2,6.0,0,6,0.0
582,调休,2025Q2,0.4,0,0.4,0.0
582,年假,2025Q3,6.0,3.0,3.0,0.0
582,调休,2025Q3,0.4,0,0.4,0.0
582,年假,2026Q1,6.0,0,6,6
582,调休,2026Q1,0.4,0,0.4,0.0
582,年假,2026Q2,6.0,0,6,0.0
582,调休,2026Q2,0.4,0,0.4,0.0
582,年假,2026Q3,6.0,0,6,0.0
582,调休,2026Q3,0.4,0,0.4,0.0
583,年假,2025Q2,6.0,0,6,0.0
583,调休,2025Q2,0.2,0,0.2,0.0
583,年假,2025Q3,6.0,0,6,0.0
583,调休,2025Q3,0.2,0,0.2,0.0
583,年假,2026Q1,6.0,0,6,6
583,调休,2026Q1,0.2,0,0.2,0.0
583,年假,2026Q2,6.0,0,6,0.0
583,调休,2026Q2,0.2,0,0.2,0.0
583,年假,2026Q3,6.0,0,6,0.0
583,调休,2026Q3,0.2,0,0.2,0.0
584,年假,2025Q2,6.0,0,6,0.0
584,调休,2025Q2,0.5,0,0.5,0.0
584,年假,2025Q3,6.0,0,6,0.0
584,调休,2025Q3,0.5,1.0,0.0,0.0
584,年假,2026Q1,6.0,0,6,6
584,调休,2026Q1,0.5,0,0.5,0.0
584,年假,2026Q2,6.0,0,6,0.0
584,调休,2026Q2,0.5,0,0.5,0.0
584,年假,2026Q3,6.0,0,6,0.0
584,调休,2026Q3,0.5,0,0.5,0.0
585,年假,2025Q2,6.0,0,6,0.0
585,调休,2025Q2,2.1,0,2.1,0.0
585,年假,2025Q3,6.0,0,6,0.0
585,调休,2025Q3,2.1,0,2.1,0.0
585,年假,2026Q1,6.0,0,6,6
585,调休,2026Q1,2.1,0,2.1,0.0
585,年假,2026Q2,6.0,0,6,0.0
585,调休,2026Q2,2.1,0,2.1,0.0
585,年假,2026Q3,6.0,0,6,0.0
585,调休,2026Q3,2.1,0,2.1,0.0
586,年假,2025Q2,6.0,0,6,0.0
586,调休,2025Q2,1.1,0,1.1,0.0
586,年假,2025Q3,6.0,0,6,0.0
586,调休,2025Q3,1.1,0,1.1,0.0
586,年假,2026Q1,6.0,0,6,6
586,调休,2026Q1,1.1,0,1.1,0.0
586,年假,2026Q2,6.0,0,6,0.0
586,调休,2026Q2,1.1,0,1.1,0.0
586,年假,2026Q3,6.0,3.0,3.0,0.0
586,调休,2026Q3,1.1,0,1.1,0.0
587,年假,2025Q2,5.0,3.0,2.0,0.0
587,调休,2025Q2,0.2,0,0.2,0.0
588,年假,2025Q2,5.0,0,5,0.0
588,调休,2025Q2,0.5,0,0.5,0.0
588,年假,2025Q3,5.0,0,5,0.0
588,调休,2025Q3,0.5,0,0.5,0.0
589,年假,2025Q2,5.0,0,5,0.0
589,调休,2025Q2,0.0,0,0.0,0.0
589,年假,2025Q3,5.0,0,5,0.0
589,调休,2025Q3,0.0,0,0.0,0.0
590,年假,2025Q2,6.0,0,6,0.0
590,调休,2025Q2,2.2,0,2.2,0.0
590,年假,2025Q3,6.0,0,6,0.0
590,调休,2025Q3,2.2,0,2.2,0.0
590,年假,2026Q1,6.0,0,6,6
590,调休,2026Q1,2.2,0,2.2,0.0
590,年假,2026Q2,6.0,0.5,5.5,0.0
590,调休,2026Q2,2.2,0,2.2,0.0
590,年假,2026Q3,6.0,0.5,5.5,0.0
590,调休,2026Q3,2.2,0,2.2,0.0
591,年假,2025Q2,6.0,0,6,0.0
591,调休,2025Q2,0.5,0,0.5,0.0
591,年假,2025Q3,6.0,0,6,0.0
591,调休,2025Q3,0.5,1.0,0.0,0.0
591,年假,2026Q1,6.0,0,6,6
591,调休,2026Q1,0.5,0,0.5,0.0
591,年假,2026Q2,6.0,0,6,0.0
591,调休,2026Q2,0.5,0,0.5,0.0
591,年假,2026Q3,6.0,0,6,0.0
591,调休,2026Q3,0.5,0,0.5,0.0
592,年假,2025Q2,6.0,0,6,0.0
592,调休,2025Q2,1.4,0,1.4,0.0
592,年假,2025Q3,6.0,0,6,0.0
592,调休,2025Q3,1.4,0,1.4,0.0
592,年假,2026Q1,6.0,0,6,6
592,调休,2026Q1,1.4,2.0,0.0,0.0
592,年假,2026Q2,6.0,0,6,0.0
592,调休,2026Q2,1.4,2.0,0.0,0.0
592,年假,2026Q3,6.0,0,6,0.0
592,调休,2026Q3,1.4,2.0,0.0,0.0
593,年假,2025Q2,6.0,0,6,0.0
593,调休,2025Q2,0.0,0,0.0,0.0
593,年假,2025Q3,6.0,0,6,0.0
593,调休,2025Q3,0.0,0,0.0,0.0
593,年假,2026Q1,6.0,0,6,6
593,调休,2026Q1,0.0,0,0.0,0.0
593,年假,2026Q2,6.0,0,6,0.0
593,调休,2026Q2,0.0,0,0.0,0.0
593,年假,2026Q3,6.0,0,6,0.0
593,调休,2026Q3,0.0,0,0.0,0.0
594,年假,2025Q2,5.0,0,5,0.0
594,调休,2025Q2,0.0,0,0.0,0.0
594,年假,2025Q3,5.0,3.0,2.0,0.0
594,调休,2025Q3,0.0,0,0.0,0.0
594,年假,2026Q1,5.0,2.0,3.0,3.0
594,调休,2026Q1,0.0,2.0,0.0,0.0
595,年假,2025Q2,6.0,0,6,0.0
595,调休,2025Q2,1.2,0,1.2,0.0
595,年假,2025Q3,6.0,0,6,0.0
595,调休,2025Q3,1.2,0,1.2,0.0
595,年假,2026Q1,6.0,0,6,6
595,调休,2026Q1,1.2,0,1.2,0.0
595,年假,2026Q2,6.0,0,6,0.0
595,调休,2026Q2,1.2,0,1.2,0.0
595,年假,2026Q3,6.0,0,6,0.0
595,调休,2026Q3,1.2,0,1.2,0.0
596,年假,2025Q2,6.0,0,6,0.0
596,调休,2025Q2,1.5,0,1.5,0.0
596,年假,2025Q3,6.0,0,6,0.0
596,调休,2025Q3,1.5,0,1.5,0.0
596,年假,2026Q1,6.0,3.0,3.0,3.0
596,调休,2026Q1,1.5,0,1.5,0.0
596,年假,2026Q2,6.0,3.0,3.0,0.0
596,调休,2026Q2,1.5,0,1.5,0.0
596,年假,2026Q3,6.0,3.0,3.0,0.0
596,调休,2026Q3,1.5,0,1.5,0.0
597,年假,2025Q2,6.0,0,6,0.0
597,调休,2025Q2,2.1,0,2.1,0.0
597,年假,2025Q3,6.0,0,6,0.0
597,调休,2025Q3,2.1,0,2.1,0.0
597,年假,2026Q1,6.0,0,6,6
597,调休,2026Q1,2.1,0,2.1,0.0
597,年假,2026Q2,6.0,0,6,0.0
597,调休,2026Q2,2.1,0,2.1,0.0
597,年假,2026Q3,6.0,1.0,5.0,0.0
597,调休,2026Q3,2.1,0,2.1,0.0
598,年假,2025Q2,6.0,0,6,0.0
598,调休,2025Q2,2.0,0,2.0,0.0
598,年假,2025Q3,6.0,0,6,0.0
598,调休,2025Q3,2.0,0,2.0,0.0
598,年假,2026Q1,6.0,0,6,6
598,调休,2026Q1,2.0,0,2.0,0.0
598,年假,2026Q2,6.0,0.5,5.5,0.0
598,调休,2026Q2,2.0,0,2.0,0.0
598,年假,2026Q3,6.0,0.5,5.5,0.0
598,调休,2026Q3,2.0,0,2.0,0.0
599,年假,2025Q2,6.0,0,6,0.0
599,调休,2025Q2,2.2,0,2.2,0.0
599,年假,2025Q3,6.0,0,6,0.0
599,调休,2025Q3,2.2,0,2.2,0.0
599,年假,2026Q1,6.0,3.0,3.0,3.0
599,调休,2026Q1,2.2,0,2.2,0.0
599,年假,2026Q2,6.0,3.0,3.0,0.0
599,调休,2026Q2,2.2,0,2.2,0.0
599,年假,2026Q3,6.0,3.0,3.0,0.0
599,调休,2026Q3,2.2,0,2.2,0.0
600,年假,2025Q2,6.0,0,6,0.0
600,调休,2025Q2,1.0,0,1.0,0.0
600,年假,2025Q3,6.0,0,6,0.0
600,调休,2025Q3,1.0,0,1.0,0.0
600,年假,2026Q1,6.0,0,6,6
600,调休,2026Q1,1.0,0,1.0,0.0
600,年假,2026Q2,6.0,2.0,4.0,0.0
600,调休,2026Q2,1.0,0,1.0,0.0
600,年假,2026Q3,6.0,2.0,4.0,0.0
600,调休,2026Q3,1.0,0,1.0,0.0
601,年假,2025Q2,6.0,0,6,0.0
601,调休,2025Q2,0.0,0,0.0,0.0
601,年假,2025Q3,6.0,0,6,0.0
601,调休,2025Q3,0.0,0,0.0,0.0
601,年假,2026Q1,6.0,0,6,6
601,调休,2026Q1,0.0,0,0.0,0.0
601,年假,2026Q2,6.0,0,6,0.0
601,调休,2026Q2,0.0,0,0.0,0.0
601,年假,2026Q3,6.0,0,6,0.0
601,调休,2026Q3,0.0,0,0.0,0.0
602,年假,2025Q2,6.0,0,6,0.0
602,调休,2025Q2,2.0,0,2.0,0.0
602,年假,2025Q3,6.0,0,6,0.0
602,调休,2025Q3,2.0,0,2.0,0.0
602,年假,2026Q1,6.0,1.0,5.0,5.0
602,调休,2026Q1,2.0,0,2.0,0.0
602,年假,2026Q2,6.0,1.0,5.0,0.0
602,调休,2026Q2,2.0,0,2.0,0.0
602,年假,2026Q3,6.0,1.0,5.0,0.0
602,调休,2026Q3,2.0,0.5,1.5,0.0
603,年假,2025Q2,6.0,0,6,0.0
603,调休,2025Q2,2.4,0,2.4,0.0
603,年假,2025Q3,6.0,0,6,0.0
603,调休,2025Q3,2.4,0,2.4,0.0
603,年假,2026Q1,6.0,0.5,5.5,5.5
603,调休,2026Q1,2.4,0,2.4,0.0
603,年假,2026Q2,6.0,0.5,5.5,0.0
603,调休,2026Q2,2.4,0,2.4,0.0
603,年假,2026Q3,6.0,0.5,5.5,0.0
603,调休,2026Q3,2.4,0,2.4,0.0
604,年假,2025Q2,6.0,0,6,0.0
604,调休,2025Q2,4.8,0,4.8,0.0
604,年假,2025Q3,6.0,1.0,5.0,0.0
604,调休,2025Q3,4.8,0,4.8,0.0
604,年假,2026Q1,6.0,0,6,6
604,调休,2026Q1,4.8,0,4.8,0.0
604,年假,2026Q2,6.0,0,6,0.0
604,调休,2026Q2,4.8,0,4.8,0.0
604,年假,2026Q3,6.0,0,6,0.0
604,调休,2026Q3,4.8,0,4.8,0.0
605,年假,2025Q2,6.0,0,6,0.0
605,调休,2025Q2,1.0,0,1.0,0.0
605,年假,2025Q3,6.0,0,6,0.0
605,调休,2025Q3,1.0,0,1.0,0.0
605,年假,2026Q1,6.0,0,6,6
605,调休,2026Q1,1.0,0,1.0,0.0
605,年假,2026Q2,6.0,3.0,3.0,0.0
605,调休,2026Q2,1.0,0,1.0,0.0
605,年假,2026Q3,6.0,3.0,3.0,0.0
605,调休,2026Q3,1.0,0.5,0.5,0.0
606,年假,2025Q2,6.0,0,6,0.0
606,调休,2025Q2,0.0,0,0.0,0.0
606,年假,2025Q3,6.0,0,6,0.0
606,调休,2025Q3,0.0,0,0.0,0.0
606,年假,2026Q1,6.0,0,6,6
606,调休,2026Q1,0.0,0,0.0,0.0
606,年假,2026Q2,6.0,0,6,0.0
606,调休,2026Q2,0.0,0,0.0,0.0
606,年假,2026Q3,6.0,0,6,0.0
606,调休,2026Q3,0.0,0,0.0,0.0
607,年假,2025Q2,6.0,0,6,0.0
607,调休,2025Q2,0.8,0,0.8,0.0
607,年假,2025Q3,6.0,0,6,0.0
607,调休,2025Q3,0.8,0,0.8,0.0
607,年假,2026Q1,6.0,0,6,6
607,调休,2026Q1,0.8,0,0.8,0.0
607,年假,2026Q2,6.0,0,6,0.0
607,调休,2026Q2,0.8,0,0.8,0.0
607,年假,2026Q3,6.0,0.5,5.5,0.0
607,调休,2026Q3,0.8,0,0.8,0.0
608,年假,2025Q2,6.0,0,6,0.0
608,调休,2025Q2,0.0,0,0.0,0.0
608,年假,2025Q3,6.0,0,6,0.0
608,调休,2025Q3,0.0,0,0.0,0.0
608,年假,2026Q1,6.0,0,6,6
608,调休,2026Q1,0.0,0,0.0,0.0
608,年假,2026Q2,6.0,0,6,0.0
608,调休,2026Q2,0.0,0,0.0,0.0
608,年假,2026Q3,6.0,0,6,0.0
608,调休,2026Q3,0.0,0,0.0,0.0
609,年假,2025Q2,6.0,0,6,0.0
609,调休,2025Q2,0.8,0,0.8,0.0
609,年假,2025Q3,6.0,0,6,0.0
609,调休,2025Q3,0.8,0,0.8,0.0
609,年假,2026Q1,6.0,0,6,6
609,调休,2026Q1,0.8,0,0.8,0.0
609,年假,2026Q2,6.0,0,6,0.0
609,调休,2026Q2,0.8,0,0.8,0.0
609,年假,2026Q3,6.0,0,6,0.0
609,调休,2026Q3,0.8,0,0.8,0.0
610,年假,2025Q2,6.0,0,6,0.0
610,调休,2025Q2,1.2,0,1.2,0.0
610,年假,2025Q3,6.0,0,6,0.0
610,调休,2025Q3,1.2,0,1.2,0.0
610,年假,2026Q1,6.0,1.0,5.0,5.0
610,调休,2026Q1,1.2,0,1.2,0.0
610,年假,2026Q2,6.0,1.0,5.0,0.0
610,调休,2026Q2,1.2,0,1.2,0.0
610,年假,2026Q3,6.0,1.0,5.0,0.0
610,调休,2026Q3,1.2,0,1.2,0.0
611,年假,2025Q3,6.0,0,6,0.0
611,调休,2025Q3,2.0,0,2.0,0.0
611,年假,2026Q1,6.0,0,6,6
611,调休,2026Q1,2.0,0,2.0,0.0
611,年假,2026Q2,6.0,0,6,0.0
611,调休,2026Q2,2.0,0,2.0,0.0
611,年假,2026Q3,6.0,0,6,0.0
611,调休,2026Q3,2.0,0,2.0,0.0
612,年假,2025Q3,5.0,0,5,0.0
612,调休,2025Q3,0.0,0,0.0,0.0
614,年假,2025Q3,6.0,0,6,0.0
614,调休,2025Q3,0.2,0,0.2,0.0
614,年假,2026Q1,6.0,0,6,6
614,调休,2026Q1,0.2,0,0.2,0.0
614,年假,2026Q2,6.0,0,6,0.0
614,调休,2026Q2,0.2,0,0.2,0.0
614,年假,2026Q3,6.0,0,6,0.0
614,调休,2026Q3,0.2,0,0.2,0.0
615,年假,2025Q3,5.0,0,5,0.0
615,调休,2025Q3,0.4,0,0.4,0.0
616,年假,2025Q3,5.0,0,5,0.0
616,调休,2025Q3,0.0,0,0.0,0.0
616,年假,2026Q1,5.0,5.0,0.0,0.0
616,调休,2026Q1,0.0,0,0.0,0.0
617,年假,2025Q3,5.0,0,5,0.0
617,调休,2025Q3,0.8,0,0.8,0.0
617,年假,2026Q1,5.0,0,5,5
617,调休,2026Q1,0.8,0,0.8,0.0
618,年假,2025Q3,5.0,0,5,0.0
618,调休,2025Q3,0.0,0,0.0,0.0
619,年假,2025Q3,6.0,3.0,3.0,0.0
619,调休,2025Q3,1.0,0,1.0,0.0
619,年假,2026Q1,6.0,0,6,6
619,调休,2026Q1,1.0,0,1.0,0.0
619,年假,2026Q2,6.0,0,6,0.0
619,调休,2026Q2,1.0,0,1.0,0.0
619,年假,2026Q3,6.0,0,6,0.0
619,调休,2026Q3,1.0,2.0,0.0,0.0
620,年假,2025Q3,6.0,0,6,0.0
620,调休,2025Q3,0.8,0,0.8,0.0
620,年假,2026Q1,6.0,0,6,6
620,调休,2026Q1,0.8,0,0.8,0.0
620,年假,2026Q2,6.0,0,6,0.0
620,调休,2026Q2,0.8,0,0.8,0.0
620,年假,2026Q3,6.0,1.0,5.0,0.0
620,调休,2026Q3,0.8,0,0.8,0.0
621,年假,2025Q3,6.0,0,6,0.0
621,调休,2025Q3,1.2,0,1.2,0.0
621,年假,2026Q1,6.0,0,6,6
621,调休,2026Q1,1.2,0,1.2,0.0
621,年假,2026Q2,6.0,1.0,5.0,0.0
621,调休,2026Q2,1.2,0,1.2,0.0
621,年假,2026Q3,6.0,3.0,3.0,0.0
621,调休,2026Q3,1.2,0,1.2,0.0
622,年假,2025Q3,6.0,0,6,0.0
622,调休,2025Q3,1.8,0,1.8,0.0
622,年假,2026Q1,6.0,0,6,6
622,调休,2026Q1,1.8,0,1.8,0.0
622,年假,2026Q2,6.0,2.0,4.0,0.0
622,调休,2026Q2,1.8,0,1.8,0.0
622,年假,2026Q3,6.0,2.0,4.0,0.0
622,调休,2026Q3,1.8,0,1.8,0.0
623,年假,2025Q3,6.0,0,6,0.0
623,调休,2025Q3,0.0,0,0.0,0.0
623,年假,2026Q1,6.0,0,6,6
623,调休,2026Q1,0.0,0,0.0,0.0
623,年假,2026Q2,6.0,0,6,0.0
623,调休,2026Q2,0.0,0,0.0,0.0
623,年假,2026Q3,6.0,0,6,0.0
623,调休,2026Q3,0.0,0,0.0,0.0
624,年假,2025Q3,6.0,0,6,0.0
624,调休,2025Q3,0.8,0,0.8,0.0
624,年假,2026Q1,6.0,0,6,6
624,调休,2026Q1,0.8,1.0,0.0,0.0
624,年假,2026Q2,6.0,0,6,0.0
624,调休,2026Q2,0.8,1.0,0.0,0.0
624,年假,2026Q3,6.0,0,6,0.0
624,调休,2026Q3,0.8,1.0,0.0,0.0
625,年假,2025Q3,6.0,0,6,0.0
625,调休,2025Q3,0.8,0,0.8,0.0
625,年假,2026Q1,6.0,0,6,6
625,调休,2026Q1,0.8,1.0,0.0,0.0
625,年假,2026Q2,6.0,0,6,0.0
625,调休,2026Q2,0.8,1.0,0.0,0.0
625,年假,2026Q3,6.0,5.0,1.0,0.0
625,调休,2026Q3,0.8,1.0,0.0,0.0
626,年假,2025Q3,6.0,0,6,0.0
626,调休,2025Q3,0.5,0,0.5,0.0
626,年假,2026Q1,6.0,0,6,6
626,调休,2026Q1,0.5,0,0.5,0.0
626,年假,2026Q2,6.0,0,6,0.0
626,调休,2026Q2,0.5,2.0,0.0,0.0
626,年假,2026Q3,6.0,0,6,0.0
626,调休,2026Q3,0.5,2.0,0.0,0.0
627,年假,2025Q3,6.0,0,6,0.0
627,调休,2025Q3,0.5,0,0.5,0.0
627,年假,2026Q1,6.0,0,6,6
627,调休,2026Q1,0.5,0,0.5,0.0
627,年假,2026Q2,6.0,0,6,0.0
627,调休,2026Q2,0.5,1.0,0.0,0.0
627,年假,2026Q3,6.0,0,6,0.0
627,调休,2026Q3,0.5,1.0,0.0,0.0
628,年假,2025Q3,6.0,1.0,5.0,0.0
628,调休,2025Q3,1.5,0,1.5,0.0
628,年假,2026Q1,6.0,0,6,6
628,调休,2026Q1,1.5,0,1.5,0.0
628,年假,2026Q2,6.0,0,6,0.0
628,调休,2026Q2,1.5,0,1.5,0.0
628,年假,2026Q3,6.0,0,6,0.0
628,调休,2026Q3,1.5,0,1.5,0.0
629,年假,2025Q3,5.0,0,5,0.0
629,调休,2025Q3,0.0,0,0.0,0.0
629,年假,2026Q1,5.0,0,5,5
629,调休,2026Q1,0.0,0,0.0,0.0
630,年假,2025Q3,6.0,0,6,0.0
630,调休,2025Q3,1.0,0,1.0,0.0
630,年假,2026Q1,6.0,0,6,6
630,调休,2026Q1,1.0,0,1.0,0.0
630,年假,2026Q2,6.0,0,6,0.0
630,调休,2026Q2,1.0,0,1.0,0.0
630,年假,2026Q3,6.0,0,6,0.0
630,调休,2026Q3,1.0,0,1.0,0.0
631,年假,2025Q3,5.0,0,5,0.0
631,调休,2025Q3,1.0,0,1.0,0.0
631,年假,2026Q1,5.0,0,5,5
631,调休,2026Q1,1.0,0,1.0,0.0
631,年假,2026Q2,5.0,0,5,0.0
631,调休,2026Q2,1.0,0,1.0,0.0
631,年假,2026Q3,5.0,0,5,0.0
631,调休,2026Q3,1.0,0,1.0,0.0
632,年假,2025Q3,5.0,0,5,0.0
632,调休,2025Q3,0.2,0,0.2,0.0
632,年假,2026Q1,5.0,0,5,5
632,调休,2026Q1,0.2,0,0.2,0.0
632,年假,2026Q2,5.0,0,5,0.0
632,调休,2026Q2,0.2,0,0.2,0.0
632,年假,2026Q3,5.0,0,5,0.0
632,调休,2026Q3,0.2,0,0.2,0.0
633,年假,2025Q3,5.0,0,5,0.0
633,调休,2025Q3,0.9,0,0.9,0.0
633,年假,2026Q1,5.0,0,5,5
633,调休,2026Q1,0.9,0,0.9,0.0
633,年假,2026Q2,5.0,0,5,0.0
633,调休,2026Q2,0.9,0,0.9,0.0
633,年假,2026Q3,5.0,1.0,4.0,0.0
633,调休,2026Q3,0.9,0,0.9,0.0
634,年假,2025Q3,5.0,0,5,0.0
634,调休,2025Q3,2.1,0,2.1,0.0
634,年假,2026Q1,5.0,0,5,5
634,调休,2026Q1,2.1,0,2.1,0.0
634,年假,2026Q2,5.0,0,5,0.0
634,调休,2026Q2,2.1,0,2.1,0.0
634,年假,2026Q3,5.0,0,5,0.0
634,调休,2026Q3,2.1,0,2.1,0.0
635,年假,2025Q3,5.0,0,5,0.0
635,调休,2025Q3,0.0,0,0.0,0.0
635,年假,2026Q1,5.0,0,5,5
635,调休,2026Q1,0.0,0,0.0,0.0
635,年假,2026Q2,5.0,0,5,0.0
635,调休,2026Q2,0.0,0,0.0,0.0
635,年假,2026Q3,5.0,0,5,0.0
635,调休,2026Q3,0.0,0,0.0,0.0
636,年假,2025Q3,5.0,0,5,0.0
636,调休,2025Q3,0.8,0,0.8,0.0
636,年假,2026Q1,5.0,0,5,5
636,调休,2026Q1,0.8,0,0.8,0.0
636,年假,2026Q2,5.0,0,5,0.0
636,调休,2026Q2,0.8,0,0.8,0.0
636,年假,2026Q3,5.0,0,5,0.0
636,调休,2026Q3,0.8,0,0.8,0.0
637,年假,2025Q3,5.0,0,5,0.0
637,调休,2025Q3,1.0,0,1.0,0.0
637,年假,2026Q1,5.0,0,5,5
637,调休,2026Q1,1.0,0,1.0,0.0
637,年假,2026Q2,5.0,0,5,0.0
637,调休,2026Q2,1.0,0,1.0,0.0
637,年假,2026Q3,5.0,1.0,4.0,0.0
637,调休,2026Q3,1.0,0,1.0,0.0
638,年假,2025Q3,5.0,0,5,0.0
638,调休,2025Q3,1.0,0,1.0,0.0
638,年假,2026Q1,5.0,0,5,5
638,调休,2026Q1,1.0,0,1.0,0.0
638,年假,2026Q2,5.0,0,5,0.0
638,调休,2026Q2,1.0,0,1.0,0.0
638,年假,2026Q3,5.0,0,5,0.0
638,调休,2026Q3,1.0,0,1.0,0.0
639,年假,2025Q3,5.0,0,5,0.0
639,调休,2025Q3,0.0,0,0.0,0.0
639,年假,2026Q1,5.0,3.0,2.0,2.0
639,调休,2026Q1,0.0,0,0.0,0.0
639,年假,2026Q2,5.0,3.0,2.0,0.0
639,调休,2026Q2,0.0,0,0.0,0.0
639,年假,2026Q3,5.0,3.0,2.0,0.0
639,调休,2026Q3,0.0,0,0.0,0.0
640,年假,2025Q3,5.0,0,5,0.0
640,调休,2025Q3,0.0,0,0.0,0.0
640,年假,2026Q1,5.0,0,5,5
640,调休,2026Q1,0.0,0,0.0,0.0
640,年假,2026Q2,5.0,0,5,0.0
640,调休,2026Q2,0.0,0,0.0,0.0
640,年假,2026Q3,5.0,0,5,0.0
640,调休,2026Q3,0.0,0,0.0,0.0
641,年假,2025Q3,5.0,0,5,0.0
641,调休,2025Q3,2.0,0,2.0,0.0
641,年假,2026Q1,5.0,0,5,5
641,调休,2026Q1,2.0,0,2.0,0.0
641,年假,2026Q2,5.0,0,5,0.0
641,调休,2026Q2,2.0,0,2.0,0.0
641,年假,2026Q3,5.0,0,5,0.0
641,调休,2026Q3,2.0,0,2.0,0.0
642,年假,2025Q3,5.0,0,5,0.0
642,调休,2025Q3,0.9,0,0.9,0.0
642,年假,2026Q1,5.0,0,5,5
642,调休,2026Q1,0.9,0,0.9,0.0
642,年假,2026Q2,5.0,0,5,0.0
642,调休,2026Q2,0.9,0,0.9,0.0
642,年假,2026Q3,5.0,0,5,0.0
642,调休,2026Q3,0.9,0,0.9,0.0
643,年假,2025Q3,5.0,0,5,0.0
643,调休,2025Q3,0.8,0,0.8,0.0
643,年假,2026Q1,5.0,0,5,5
643,调休,2026Q1,0.8,0,0.8,0.0
643,年假,2026Q2,5.0,0,5,0.0
643,调休,2026Q2,0.8,1.0,0.0,0.0
643,年假,2026Q3,5.0,0,5,0.0
643,调休,2026Q3,0.8,1.0,0.0,0.0
644,年假,2025Q3,5.0,0,5,0.0
644,调休,2025Q3,1.8,0,1.8,0.0
644,年假,2026Q1,5.0,0,5,5
644,调休,2026Q1,1.8,0,1.8,0.0
645,年假,2025Q3,5.0,0,5,0.0
645,调休,2025Q3,2.0,0,2.0,0.0
645,年假,2026Q1,5.0,0,5,5
645,调休,2026Q1,2.0,0,2.0,0.0
646,年假,2025Q3,5.0,0,5,0.0
646,调休,2025Q3,0.2,0,0.2,0.0
646,年假,2026Q1,5.0,5.0,0.0,0.0
646,调休,2026Q1,0.2,0,0.2,0.0
646,年假,2026Q2,5.0,5.0,0.0,0.0
646,调休,2026Q2,0.2,0,0.2,0.0
646,年假,2026Q3,5.0,5.0,0.0,0.0
646,调休,2026Q3,0.2,0,0.2,0.0
647,年假,2025Q3,5.0,0,5,0.0
647,调休,2025Q3,2.0,0,2.0,0.0
647,年假,2026Q1,5.0,0,5,5
647,调休,2026Q1,2.0,1.0,1.0,0.0
647,年假,2026Q2,5.0,2.0,3.0,0.0
647,调休,2026Q2,2.0,1.0,1.0,0.0
647,年假,2026Q3,5.0,2.0,3.0,0.0
647,调休,2026Q3,2.0,1.0,1.0,0.0
648,年假,2025Q3,5.0,0,5,0.0
648,调休,2025Q3,0.5,0,0.5,0.0
648,年假,2026Q1,5.0,0,5,5
648,调休,2026Q1,0.5,0,0.5,0.0
648,年假,2026Q2,5.0,0,5,0.0
648,调休,2026Q2,0.5,0,0.5,0.0
648,年假,2026Q3,5.0,0,5,0.0
648,调休,2026Q3,0.5,0,0.5,0.0
649,年假,2025Q3,5.0,0,5,0.0
649,调休,2025Q3,0.0,0,0.0,0.0
649,年假,2026Q1,5.0,0,5,5
649,调休,2026Q1,0.0,0,0.0,0.0
649,年假,2026Q2,5.0,0,5,0.0
649,调休,2026Q2,0.0,0,0.0,0.0
649,年假,2026Q3,5.0,0,5,0.0
649,调休,2026Q3,0.0,0,0.0,0.0
650,年假,2025Q3,5.0,0,5,0.0
650,调休,2025Q3,1.1,0,1.1,0.0
650,年假,2026Q1,5.0,0,5,5
650,调休,2026Q1,1.1,0,1.1,0.0
650,年假,2026Q2,5.0,0,5,0.0
650,调休,2026Q2,1.1,0,1.1,0.0
650,年假,2026Q3,5.0,1.0,4.0,0.0
650,调休,2026Q3,1.1,0,1.1,0.0
651,年假,2025Q3,5.0,0,5,0.0
651,调休,2025Q3,2.0,0,2.0,0.0
651,年假,2026Q1,5.0,0,5,5
651,调休,2026Q1,2.0,0.5,1.5,0.0
651,年假,2026Q2,5.0,0,5,0.0
651,调休,2026Q2,2.0,0.5,1.5,0.0
651,年假,2026Q3,5.0,0,5,0.0
651,调休,2026Q3,2.0,2.5,0.0,0.0
653,年假,2026Q1,5.0,3.0,2.0,2.0
653,调休,2026Q1,0.0,0,0.0,0.0
653,年假,2026Q2,5.0,3.0,2.0,0.0
653,调休,2026Q2,0.0,0,0.0,0.0
653,年假,2026Q3,5.0,3.0,2.0,0.0
653,调休,2026Q3,0.0,0,0.0,0.0
654,年假,2026Q1,5.0,0,5,5
654,调休,2026Q1,0.5,0,0.5,0.0
654,年假,2026Q2,5.0,0,5,0.0
654,调休,2026Q2,0.5,0,0.5,0.0
655,年假,2026Q1,5.0,0,5,5
655,调休,2026Q1,1.8,0,1.8,0.0
655,年假,2026Q2,5.0,0,5,0.0
655,调休,2026Q2,1.8,0,1.8,0.0
655,年假,2026Q3,5.0,0,5,0.0
655,调休,2026Q3,1.8,0,1.8,0.0
656,年假,2026Q1,5.0,0,5,5
656,调休,2026Q1,1.4,0,1.4,0.0
656,年假,2026Q2,5.0,0,5,0.0
656,调休,2026Q2,1.4,0,1.4,0.0
656,年假,2026Q3,5.0,0,5,0.0
656,调休,2026Q3,1.4,0,1.4,0.0
657,年假,2026Q1,5.0,0,5,5
657,调休,2026Q1,2.2,0,2.2,0.0
657,年假,2026Q2,5.0,0,5,0.0
657,调休,2026Q2,2.2,0,2.2,0.0
657,年假,2026Q3,5.0,0.5,4.5,0.0
657,调休,2026Q3,2.2,0,2.2,0.0
658,年假,2026Q1,5.0,0,5,5
658,调休,2026Q1,0.0,0,0.0,0.0
658,年假,2026Q2,5.0,0,5,0.0
658,调休,2026Q2,0.0,0,0.0,0.0
658,年假,2026Q3,5.0,3.0,2.0,0.0
658,调休,2026Q3,0.0,0,0.0,0.0
660,年假,2026Q1,5.0,0,5,5
660,调休,2026Q1,0.0,0,0.0,0.0
660,年假,2026Q2,5.0,0,5,0.0
660,调休,2026Q2,0.0,0,0.0,0.0
660,年假,2026Q3,5.0,0,5,0.0
660,调休,2026Q3,0.0,0,0.0,0.0
661,年假,2026Q1,5.0,0,5,5
661,调休,2026Q1,0.5,0,0.5,0.0
661,年假,2026Q2,5.0,0,5,0.0
661,调休,2026Q2,0.5,0,0.5,0.0
661,年假,2026Q3,5.0,0,5,0.0
661,调休,2026Q3,0.5,0,0.5,0.0
662,年假,2026Q1,5.0,0,5,5
662,调休,2026Q1,0.6,0,0.6,0.0
662,年假,2026Q2,5.0,0,5,0.0
662,调休,2026Q2,0.6,0,0.6,0.0
662,年假,2026Q3,5.0,0,5,0.0
662,调休,2026Q3,0.6,0,0.6,0.0
663,年假,2026Q1,5.0,0,5,5
663,调休,2026Q1,0.9,0,0.9,0.0
663,年假,2026Q2,5.0,0,5,0.0
663,调休,2026Q2,0.9,0,0.9,0.0
663,年假,2026Q3,5.0,0,5,0.0
663,调休,2026Q3,0.9,0,0.9,0.0
664,年假,2026Q1,5.0,0,5,5
664,调休,2026Q1,0.2,0,0.2,0.0
664,年假,2026Q2,5.0,0,5,0.0
664,调休,2026Q2,0.2,0,0.2,0.0
664,年假,2026Q3,5.0,0,5,0.0
664,调休,2026Q3,0.2,2.0,0.0,0.0
665,年假,2026Q1,5.0,1.0,4.0,4.0
665,调休,2026Q1,0.0,0,0.0,0.0
665,年假,2026Q2,5.0,1.0,4.0,0.0
665,调休,2026Q2,0.0,0,0.0,0.0
665,年假,2026Q3,5.0,1.0,4.0,0.0
665,调休,2026Q3,0.0,0,0.0,0.0
666,年假,2026Q1,5.0,4.0,1.0,1.0
666,调休,2026Q1,0.0,0,0.0,0.0
666,年假,2026Q2,5.0,4.0,1.0,0.0
666,调休,2026Q2,0.0,0,0.0,0.0
666,年假,2026Q3,5.0,4.0,1.0,0.0
666,调休,2026Q3,0.0,0,0.0,0.0
667,年假,2026Q1,5.0,0,5,5
667,调休,2026Q1,0.9,0,0.9,0.0
667,年假,2026Q2,5.0,0,5,0.0
667,调休,2026Q2,0.9,0,0.9,0.0
668,年假,2026Q1,5.0,0,5,5
668,调休,2026Q1,0.0,0,0.0,0.0
668,年假,2026Q2,5.0,0,5,0.0
668,调休,2026Q2,0.0,0,0.0,0.0
668,年假,2026Q3,5.0,0,5,0.0
668,调休,2026Q3,0.0,0,0.0,0.0
669,年假,2026Q1,5.0,0,5,5
669,调休,2026Q1,0.4,0,0.4,0.0
669,年假,2026Q2,5.0,0,5,0.0
669,调休,2026Q2,0.4,0,0.4,0.0
669,年假,2026Q3,5.0,0,5,0.0
669,调休,2026Q3,0.4,0,0.4,0.0
670,年假,2026Q1,5.0,0,5,5
670,调休,2026Q1,1.2,0,1.2,0.0
670,年假,2026Q2,5.0,0,5,0.0
670,调休,2026Q2,1.2,0,1.2,0.0
670,年假,2026Q3,5.0,0,5,0.0
670,调休,2026Q3,1.2,0,1.2,0.0
671,年假,2026Q1,5.0,0,5,5
671,调休,2026Q1,0.5,0,0.5,0.0
671,年假,2026Q2,5.0,0,5,0.0
671,调休,2026Q2,0.5,0,0.5,0.0
671,年假,2026Q3,5.0,0,5,0.0
671,调休,2026Q3,0.5,0,0.5,0.0
672,年假,2026Q1,5.0,0,5,5
672,调休,2026Q1,0.0,0,0.0,0.0
672,年假,2026Q2,5.0,5.0,0.0,0.0
672,调休,2026Q2,0.0,0,0.0,0.0
672,年假,2026Q3,5.0,5.0,0.0,0.0
672,调休,2026Q3,0.0,0,0.0,0.0
673,年假,2026Q1,5.0,0,5,5
673,调休,2026Q1,0.8,0,0.8,0.0
673,年假,2026Q2,5.0,0,5,0.0
673,调休,2026Q2,0.8,0,0.8,0.0
673,年假,2026Q3,5.0,0,5,0.0
673,调休,2026Q3,0.8,0,0.8,0.0
674,年假,2026Q1,5.0,0,5,5
674,调休,2026Q1,0.5,0,0.5,0.0
674,年假,2026Q2,5.0,0,5,0.0
674,调休,2026Q2,0.5,0,0.5,0.0
674,年假,2026Q3,5.0,0,5,0.0
674,调休,2026Q3,0.5,0,0.5,0.0
675,年假,2026Q1,5.0,0,5,5
675,调休,2026Q1,0.6,0,0.6,0.0
675,年假,2026Q2,5.0,2.0,3.0,0.0
675,调休,2026Q2,0.6,0,0.6,0.0
676,年假,2026Q1,5.0,0,5,5
676,调休,2026Q1,0.0,0,0.0,0.0
677,年假,2026Q1,5.0,0,5,5
677,调休,2026Q1,1.0,0,1.0,0.0
677,年假,2026Q2,5.0,0,5,0.0
677,调休,2026Q2,1.0,0,1.0,0.0
677,年假,2026Q3,5.0,0,5,0.0
677,调休,2026Q3,1.0,1.0,0.0,0.0
679,年假,2026Q1,5.0,0,5,5
679,调休,2026Q1,1.2,0,1.2,0.0
679,年假,2026Q2,5.0,0,5,0.0
679,调休,2026Q2,1.2,0,1.2,0.0
679,年假,2026Q3,5.0,0,5,0.0
679,调休,2026Q3,1.2,0,1.2,0.0
680,年假,2026Q1,5.0,0,5,5
680,调休,2026Q1,0.5,0,0.5,0.0
680,年假,2026Q2,5.0,0,5,0.0
680,调休,2026Q2,0.5,0,0.5,0.0
680,年假,2026Q3,5.0,0,5,0.0
680,调休,2026Q3,0.5,0,0.5,0.0
681,年假,2026Q1,5.0,0,5,5
681,调休,2026Q1,0.0,0,0.0,0.0
681,年假,2026Q2,5.0,0,5,0.0
681,调休,2026Q2,0.0,0,0.0,0.0
681,年假,2026Q3,5.0,0,5,0.0
681,调休,2026Q3,0.0,0,0.0,0.0
682,年假,2026Q1,5.0,0,5,5
682,调休,2026Q1,0.0,0,0.0,0.0
682,年假,2026Q2,5.0,0,5,0.0
682,调休,2026Q2,0.0,0,0.0,0.0
682,年假,2026Q3,5.0,0,5,0.0
682,调休,2026Q3,0.0,0,0.0,0.0
683,年假,2026Q1,5.0,1.0,4.0,4.0
683,调休,2026Q1,0.0,0,0.0,0.0
683,年假,2026Q2,5.0,1.0,4.0,0.0
683,调休,2026Q2,0.0,0,0.0,0.0
683,年假,2026Q3,5.0,1.0,4.0,0.0
683,调休,2026Q3,0.0,0,0.0,0.0
684,年假,2026Q1,5.0,3.0,2.0,2.0
684,调休,2026Q1,0.0,0,0.0,0.0
684,年假,2026Q2,5.0,3.0,2.0,0.0
684,调休,2026Q2,0.0,0,0.0,0.0
684,年假,2026Q3,5.0,3.0,2.0,0.0
684,调休,2026Q3,0.0,0,0.0,0.0
685,年假,2026Q1,5.0,0,5,5
685,调休,2026Q1,0.0,0,0.0,0.0
685,年假,2026Q2,5.0,0,5,0.0
685,调休,2026Q2,0.0,0,0.0,0.0
685,年假,2026Q3,5.0,5.0,0.0,0.0
685,调休,2026Q3,0.0,0,0.0,0.0
686,年假,2026Q1,5.0,0,5,5
686,调休,2026Q1,0.0,0,0.0,0.0
686,年假,2026Q2,5.0,0,5,0.0
686,调休,2026Q2,0.0,0,0.0,0.0
686,年假,2026Q3,5.0,0,5,0.0
686,调休,2026Q3,0.0,0.5,0.0,0.0
687,年假,2026Q1,5.0,0,5,5
687,调休,2026Q1,0.0,0,0.0,0.0
687,年假,2026Q2,5.0,0,5,0.0
687,调休,2026Q2,0.0,0,0.0,0.0
687,年假,2026Q3,5.0,0,5,0.0
687,调休,2026Q3,0.0,0,0.0,0.0
688,年假,2026Q1,5.0,0,5,5
688,调休,2026Q1,2.8,0,2.8,0.0
688,年假,2026Q2,5.0,0,5,0.0
688,调休,2026Q2,2.8,0,2.8,0.0
688,年假,2026Q3,5.0,0.5,4.5,0.0
688,调休,2026Q3,2.8,0,2.8,0.0
689,年假,2026Q1,5.0,3.0,2.0,2.0
689,调休,2026Q1,0.0,0,0.0,0.0
689,年假,2026Q2,5.0,3.0,2.0,0.0
689,调休,2026Q2,0.0,0,0.0,0.0
689,年假,2026Q3,5.0,3.0,2.0,0.0
689,调休,2026Q3,0.0,0,0.0,0.0
690,年假,2026Q1,5.0,0,5,5
690,调休,2026Q1,0.8,0,0.8,0.0
690,年假,2026Q2,5.0,0,5,0.0
690,调休,2026Q2,0.8,0,0.8,0.0
690,年假,2026Q3,5.0,0,5,0.0
690,调休,2026Q3,0.8,0,0.8,0.0
691,年假,2026Q1,5.0,0,5,5
691,调休,2026Q1,0.8,0,0.8,0.0
691,年假,2026Q2,5.0,0,5,0.0
691,调休,2026Q2,0.8,0,0.8,0.0
691,年假,2026Q3,5.0,0,5,0.0
691,调休,2026Q3,0.8,0,0.8,0.0
692,年假,2026Q1,5.0,0,5,5
692,调休,2026Q1,0.0,0,0.0,0.0
692,年假,2026Q2,5.0,0,5,0.0
692,调休,2026Q2,0.0,0,0.0,0.0
692,年假,2026Q3,5.0,0,5,0.0
692,调休,2026Q3,0.0,0,0.0,0.0
693,年假,2026Q1,5.0,0,5,5
693,调休,2026Q1,0.0,0,0.0,0.0
693,年假,2026Q2,5.0,0,5,0.0
693,调休,2026Q2,0.0,0,0.0,0.0
693,年假,2026Q3,5.0,0,5,0.0
693,调休,2026Q3,0.0,0,0.0,0.0
694,年假,2026Q1,5.0,0,5,5
694,调休,2026Q1,0.2,0,0.2,0.0
694,年假,2026Q2,5.0,0,5,0.0
694,调休,2026Q2,0.2,0,0.2,0.0
694,年假,2026Q3,5.0,0,5,0.0
694,调休,2026Q3,0.2,0,0.2,0.0
695,年假,2026Q1,5.0,0,5,5
695,调休,2026Q1,0.0,0,0.0,0.0
696,年假,2026Q1,5.0,0,5,5
696,调休,2026Q1,0.5,0,0.5,0.0
696,年假,2026Q2,5.0,0.5,4.5,0.0
696,调休,2026Q2,0.5,0,0.5,0.0
696,年假,2026Q3,5.0,0.5,4.5,0.0
696,调休,2026Q3,0.5,0,0.5,0.0
697,年假,2026Q1,5.0,0,5,5
697,调休,2026Q1,0.8,0,0.8,0.0
697,年假,2026Q2,5.0,0,5,0.0
697,调休,2026Q2,0.8,1.0,0.0,0.0
697,年假,2026Q3,5.0,0,5,0.0
697,调休,2026Q3,0.8,1.0,0.0,0.0
698,年假,2026Q1,5.0,0,5,5
698,调休,2026Q1,1.8,0,1.8,0.0
698,年假,2026Q2,5.0,0,5,0.0
698,调休,2026Q2,1.8,0,1.8,0.0
698,年假,2026Q3,5.0,0,5,0.0
698,调休,2026Q3,1.8,0,1.8,0.0
699,年假,2026Q1,5.0,0,5,5
699,调休,2026Q1,2.0,0,2.0,0.0
699,年假,2026Q2,5.0,0,5,0.0
699,调休,2026Q2,2.0,0,2.0,0.0
699,年假,2026Q3,5.0,0,5,0.0
699,调休,2026Q3,2.0,0,2.0,0.0
700,年假,2026Q1,5.0,0,5,5
700,调休,2026Q1,0.5,0,0.5,0.0
700,年假,2026Q2,5.0,0,5,0.0
700,调休,2026Q2,0.5,1.0,0.0,0.0
700,年假,2026Q3,5.0,1.0,4.0,0.0
700,调休,2026Q3,0.5,1.0,0.0,0.0
701,年假,2026Q1,5.0,0,5,5
701,调休,2026Q1,0.5,0,0.5,0.0
701,年假,2026Q2,5.0,0,5,0.0
701,调休,2026Q2,0.5,0,0.5,0.0
701,年假,2026Q3,5.0,0,5,0.0
701,调休,2026Q3,0.5,0,0.5,0.0
702,年假,2026Q1,5.0,0,5,5
702,调休,2026Q1,0.0,0,0.0,0.0
702,年假,2026Q2,5.0,0,5,0.0
702,调休,2026Q2,0.0,0,0.0,0.0
702,年假,2026Q3,5.0,0,5,0.0
702,调休,2026Q3,0.0,0,0.0,0.0
703,年假,2026Q1,5.0,0,5,5
703,调休,2026Q1,0.8,0,0.8,0.0
703,年假,2026Q2,5.0,0,5,0.0
703,调休,2026Q2,0.8,0,0.8,0.0
703,年假,2026Q3,5.0,0,5,0.0
703,调休,2026Q3,0.8,0,0.8,0.0
704,年假,2026Q1,5.0,0,5,5
704,调休,2026Q1,0.2,0,0.2,0.0
704,年假,2026Q2,5.0,2.0,3.0,0.0
704,调休,2026Q2,0.2,0,0.2,0.0
704,年假,2026Q3,5.0,2.0,3.0,0.0
704,调休,2026Q3,0.2,0,0.2,0.0
705,年假,2026Q1,5.0,0,5,5
705,调休,2026Q1,0.5,0,0.5,0.0
705,年假,2026Q2,5.0,0,5,0.0
705,调休,2026Q2,0.5,0,0.5,0.0
705,年假,2026Q3,5.0,3.0,2.0,0.0
705,调休,2026Q3,0.5,0,0.5,0.0
706,年假,2026Q1,5.0,0,5,5
706,调休,2026Q1,0.5,0,0.5,0.0
706,年假,2026Q2,5.0,0,5,0.0
706,调休,2026Q2,0.5,0,0.5,0.0
707,年假,2026Q1,5.0,0,5,5
707,调休,2026Q1,0.8,0,0.8,0.0
707,年假,2026Q2,5.0,0,5,0.0
707,调休,2026Q2,0.8,0,0.8,0.0
707,年假,2026Q3,5.0,0,5,0.0
707,调休,2026Q3,0.8,1.0,0.0,0.0
708,年假,2026Q1,5.0,0,5,5
708,调休,2026Q1,0.8,0,0.8,0.0
708,年假,2026Q2,5.0,0,5,0.0
708,调休,2026Q2,0.8,0,0.8,0.0
708,年假,2026Q3,5.0,1.0,4.0,0.0
708,调休,2026Q3,0.8,0,0.8,0.0
709,年假,2026Q1,5.0,0,5,5
709,调休,2026Q1,0.0,0,0.0,0.0
709,年假,2026Q2,5.0,1.0,4.0,0.0
709,调休,2026Q2,0.0,0,0.0,0.0
709,年假,2026Q3,5.0,1.0,4.0,0.0
709,调休,2026Q3,0.0,0,0.0,0.0
710,年假,2026Q1,5.0,0,5,5
710,调休,2026Q1,0.0,0,0.0,0.0
710,年假,2026Q2,5.0,0,5,0.0
710,调休,2026Q2,0.0,0,0.0,0.0
710,年假,2026Q3,5.0,0,5,0.0
710,调休,2026Q3,0.0,0,0.0,0.0
711,年假,2026Q1,5.0,0,5,5
711,调休,2026Q1,0.5,0,0.5,0.0
711,年假,2026Q2,5.0,0,5,0.0
711,调休,2026Q2,0.5,0,0.5,0.0
711,年假,2026Q3,5.0,0,5,0.0
711,调休,2026Q3,0.5,0,0.5,0.0
712,年假,2026Q1,5.0,0,5,5
712,调休,2026Q1,0.4,0,0.4,0.0
712,年假,2026Q2,5.0,0,5,0.0
712,调休,2026Q2,0.4,0,0.4,0.0
713,年假,2026Q1,5.0,0,5,5
713,调休,2026Q1,1.0,0,1.0,0.0
713,年假,2026Q2,5.0,0,5,0.0
713,调休,2026Q2,1.0,0,1.0,0.0
713,年假,2026Q3,5.0,0,5,0.0
713,调休,2026Q3,1.0,0,1.0,0.0
714,年假,2026Q1,5.0,0,5,5
714,调休,2026Q1,0.0,0,0.0,0.0
714,年假,2026Q2,5.0,0,5,0.0
714,调休,2026Q2,0.0,0,0.0,0.0
714,年假,2026Q3,5.0,1.0,4.0,0.0
714,调休,2026Q3,0.0,0,0.0,0.0
715,年假,2026Q1,5.0,0,5,5
715,调休,2026Q1,0.4,0,0.4,0.0
715,年假,2026Q2,5.0,0,5,0.0
715,调休,2026Q2,0.4,0,0.4,0.0
715,年假,2026Q3,5.0,0,5,0.0
715,调休,2026Q3,0.4,0,0.4,0.0
716,年假,2026Q1,5.0,0,5,5
716,调休,2026Q1,0.4,0,0.4,0.0
716,年假,2026Q2,5.0,0,5,0.0
716,调休,2026Q2,0.4,0,0.4,0.0
716,年假,2026Q3,5.0,0,5,0.0
716,调休,2026Q3,0.4,0,0.4,0.0
717,年假,2026Q1,5.0,0,5,5
717,调休,2026Q1,0.5,0,0.5,0.0
717,年假,2026Q2,5.0,0,5,0.0
717,调休,2026Q2,0.5,0,0.5,0.0
717,年假,2026Q3,5.0,0,5,0.0
717,调休,2026Q3,0.5,0,0.5,0.0
718,年假,2026Q1,5.0,0,5,5
718,调休,2026Q1,0.4,0,0.4,0.0
718,年假,2026Q2,5.0,2.0,3.0,0.0
718,调休,2026Q2,0.4,0,0.4,0.0
718,年假,2026Q3,5.0,7.0,0.0,0.0
718,调休,2026Q3,0.4,0,0.4,0.0
719,年假,2026Q1,5.0,0,5,5
719,调休,2026Q1,0.0,0,0.0,0.0
719,年假,2026Q2,5.0,0,5,0.0
719,调休,2026Q2,0.0,0,0.0,0.0
719,年假,2026Q3,5.0,0,5,0.0
719,调休,2026Q3,0.0,0,0.0,0.0
720,年假,2026Q1,5.0,0,5,5
720,调休,2026Q1,0.0,0,0.0,0.0
720,年假,2026Q2,5.0,0,5,0.0
720,调休,2026Q2,0.0,0,0.0,0.0
720,年假,2026Q3,5.0,0,5,0.0
720,调休,2026Q3,0.0,0,0.0,0.0
721,年假,2026Q1,5.0,0,5,5
721,调休,2026Q1,1.0,0,1.0,0.0
721,年假,2026Q2,5.0,0,5,0.0
721,调休,2026Q2,1.0,2.0,0.0,0.0
721,年假,2026Q3,5.0,0,5,0.0
721,调休,2026Q3,1.0,2.0,0.0,0.0
722,年假,2026Q1,5.0,0,5,5
722,调休,2026Q1,0.0,0,0.0,0.0
722,年假,2026Q2,5.0,0,5,0.0
722,调休,2026Q2,0.0,0,0.0,0.0
722,年假,2026Q3,5.0,0,5,0.0
722,调休,2026Q3,0.0,0,0.0,0.0
723,年假,2026Q1,5.0,0,5,5
723,调休,2026Q1,0.4,0,0.4,0.0
723,年假,2026Q2,5.0,0,5,0.0
723,调休,2026Q2,0.4,0,0.4,0.0
723,年假,2026Q3,5.0,0,5,0.0
723,调休,2026Q3,0.4,2.0,0.0,0.0
724,年假,2026Q1,5.0,0,5,5
724,调休,2026Q1,0.5,0,0.5,0.0
724,年假,2026Q2,5.0,0,5,0.0
724,调休,2026Q2,0.5,0,0.5,0.0
724,年假,2026Q3,5.0,0,5,0.0
724,调休,2026Q3,0.5,0,0.5,0.0
725,年假,2026Q1,5.0,0,5,5
725,调休,2026Q1,0.0,0,0.0,0.0
725,年假,2026Q2,5.0,0,5,0.0
725,调休,2026Q2,0.0,0,0.0,0.0
725,年假,2026Q3,5.0,0,5,0.0
725,调休,2026Q3,0.0,0,0.0,0.0
726,年假,2026Q1,5.0,0,5,5
726,调休,2026Q1,0.2,0,0.2,0.0
726,年假,2026Q2,5.0,0,5,0.0
726,调休,2026Q2,0.2,0,0.2,0.0
726,年假,2026Q3,5.0,3.0,2.0,0.0
726,调休,2026Q3,0.2,0,0.2,0.0
727,年假,2026Q1,5.0,0,5,5
727,调休,2026Q1,0.0,0,0.0,0.0
727,年假,2026Q2,5.0,0,5,0.0
727,调休,2026Q2,0.0,0,0.0,0.0
727,年假,2026Q3,5.0,0,5,0.0
727,调休,2026Q3,0.0,0,0.0,0.0
728,年假,2026Q2,5.0,5.0,0.0,0.0
728,调休,2026Q2,0.5,0,0.5,0.0
728,年假,2026Q3,5.0,5.0,0.0,0.0
728,调休,2026Q3,0.5,0,0.5,0.0
729,年假,2026Q2,5.0,0,5,0.0
729,调休,2026Q2,0.2,0,0.2,0.0
729,年假,2026Q3,5.0,0,5,0.0
729,调休,2026Q3,0.2,0,0.2,0.0
730,年假,2026Q2,5.0,0,5,0.0
730,调休,2026Q2,0.8,0,0.8,0.0
730,年假,2026Q3,5.0,0,5,0.0
730,调休,2026Q3,0.8,0,0.8,0.0
731,年假,2026Q2,5.0,0,5,0.0
731,调休,2026Q2,0.0,0,0.0,0.0
731,年假,2026Q3,5.0,0,5,0.0
731,调休,2026Q3,0.0,0,0.0,0.0
732,年假,2026Q2,5.0,0,5,0.0
732,调休,2026Q2,0.8,0,0.8,0.0
732,年假,2026Q3,5.0,0,5,0.0
732,调休,2026Q3,0.8,0,0.8,0.0
733,年假,2026Q2,5.0,0,5,0.0
733,调休,2026Q2,0.0,0,0.0,0.0
733,年假,2026Q3,5.0,0,5,0.0
733,调休,2026Q3,0.0,0,0.0,0.0
734,年假,2026Q2,5.0,0,5,0.0
734,调休,2026Q2,0.4,0,0.4,0.0
734,年假,2026Q3,5.0,0,5,0.0
734,调休,2026Q3,0.4,0,0.4,0.0
735,年假,2026Q2,5.0,0,5,0.0
735,调休,2026Q2,1.0,0,1.0,0.0
735,年假,2026Q3,5.0,0,5,0.0
735,调休,2026Q3,1.0,0,1.0,0.0
736,年假,2026Q2,5.0,0,5,0.0
736,调休,2026Q2,0.0,0,0.0,0.0
736,年假,2026Q3,5.0,0,5,0.0
736,调休,2026Q3,0.0,0,0.0,0.0
738,年假,2026Q2,5.0,0,5,0.0
738,调休,2026Q2,0.8,0,0.8,0.0
738,年假,2026Q3,5.0,0,5,0.0
738,调休,2026Q3,0.8,0,0.8,0.0
739,年假,2026Q2,5.0,0,5,0.0
739,调休,2026Q2,0.0,0,0.0,0.0
739,年假,2026Q3,5.0,0.5,4.5,0.0
739,调休,2026Q3,0.0,0,0.0,0.0
740,年假,2026Q2,5.0,0,5,0.0
740,调休,2026Q2,0.0,0,0.0,0.0
740,年假,2026Q3,5.0,0,5,0.0
740,调休,2026Q3,0.0,0,0.0,0.0
741,年假,2026Q2,5.0,1.0,4.0,0.0
741,调休,2026Q2,0.9,0,0.9,0.0
741,年假,2026Q3,5.0,1.0,4.0,0.0
741,调休,2026Q3,0.9,0,0.9,0.0
742,年假,2026Q2,5.0,0,5,0.0
742,调休,2026Q2,0.0,0,0.0,0.0
742,年假,2026Q3,5.0,0,5,0.0
742,调休,2026Q3,0.0,0,0.0,0.0
743,年假,2026Q2,5.0,0,5,0.0
743,调休,2026Q2,1.4,0,1.4,0.0
743,年假,2026Q3,5.0,0,5,0.0
743,调休,2026Q3,1.4,0,1.4,0.0
744,年假,2026Q2,5.0,0,5,0.0
744,调休,2026Q2,0.0,0,0.0,0.0
745,年假,2026Q2,5.0,0,5,0.0
745,调休,2026Q2,0.0,0,0.0,0.0
745,年假,2026Q3,5.0,0,5,0.0
745,调休,2026Q3,0.0,0,0.0,0.0
746,年假,2026Q2,5.0,0,5,0.0
746,调休,2026Q2,0.0,0,0.0,0.0
746,年假,2026Q3,5.0,0,5,0.0
746,调休,2026Q3,0.0,0,0.0,0.0
747,年假,2026Q2,5.0,0,5,0.0
747,调休,2026Q2,0.0,0,0.0,0.0
747,年假,2026Q3,5.0,0,5,0.0
747,调休,2026Q3,0.0,0,0.0,0.0
748,年假,2026Q2,5.0,0,5,0.0
748,调休,2026Q2,0.0,0,0.0,0.0
748,年假,2026Q3,5.0,0,5,0.0
748,调休,2026Q3,0.0,0,0.0,0.0
749,年假,2026Q2,5.0,0,5,0.0
749,调休,2026Q2,0.0,0,0.0,0.0
749,年假,2026Q3,5.0,0,5,0.0
749,调休,2026Q3,0.0,0,0.0,0.0
750,年假,2026Q2,5.0,0,5,0.0
750,调休,2026Q2,0.0,0,0.0,0.0
750,年假,2026Q3,5.0,0,5,0.0
750,调休,2026Q3,0.0,0,0.0,0.0
751,年假,2026Q2,5.0,0,5,0.0
751,调休,2026Q2,0.0,0,0.0,0.0
751,年假,2026Q3,5.0,0,5,0.0
751,调休,2026Q3,0.0,0,0.0,0.0
752,年假,2026Q2,5.0,0,5,0.0
752,调休,2026Q2,0.0,0,0.0,0.0
752,年假,2026Q3,5.0,0,5,0.0
752,调休,2026Q3,0.0,0,0.0,0.0
753,年假,2026Q2,5.0,0,5,0.0
753,调休,2026Q2,0.0,0,0.0,0.0
753,年假,2026Q3,5.0,0,5,0.0
753,调休,2026Q3,0.0,0,0.0,0.0
754,年假,2026Q2,5.0,0,5,0.0
754,调休,2026Q2,0.5,0,0.5,0.0
754,年假,2026Q3,5.0,0,5,0.0
754,调休,2026Q3,0.5,0,0.5,0.0
755,年假,2026Q2,5.0,0,5,0.0
755,调休,2026Q2,1.2,0,1.2,0.0
756,年假,2026Q2,5.0,0,5,0.0
756,调休,2026Q2,0.0,0,0.0,0.0
756,年假,2026Q3,5.0,0,5,0.0
756,调休,2026Q3,0.0,0,0.0,0.0
757,年假,2026Q2,5.0,0,5,0.0
757,调休,2026Q2,0.5,0,0.5,0.0
757,年假,2026Q3,5.0,0,5,0.0
757,调休,2026Q3,0.5,0,0.5,0.0
758,年假,2026Q2,5.0,0,5,0.0
758,调休,2026Q2,0.0,0,0.0,0.0
758,年假,2026Q3,5.0,0,5,0.0
758,调休,2026Q3,0.0,0,0.0,0.0
759,年假,2026Q2,5.0,0,5,0.0
759,调休,2026Q2,0.0,0,0.0,0.0
759,年假,2026Q3,5.0,2.0,3.0,0.0
759,调休,2026Q3,0.0,1.0,0.0,0.0
760,年假,2026Q2,5.0,0,5,0.0
760,调休,2026Q2,0.0,0,0.0,0.0
760,年假,2026Q3,5.0,3.0,2.0,0.0
760,调休,2026Q3,0.0,0,0.0,0.0
761,年假,2026Q2,5.0,0,5,0.0
761,调休,2026Q2,1.0,0,1.0,0.0
761,年假,2026Q3,5.0,0,5,0.0
761,调休,2026Q3,1.0,0,1.0,0.0
762,年假,2026Q2,5.0,0,5,0.0
762,调休,2026Q2,0.0,0,0.0,0.0
762,年假,2026Q3,5.0,0,5,0.0
762,调休,2026Q3,0.0,0,0.0,0.0
763,年假,2026Q2,5.0,0,5,0.0
763,调休,2026Q2,0.0,0,0.0,0.0
763,年假,2026Q3,5.0,0,5,0.0
763,调休,2026Q3,0.0,0,0.0,0.0
764,年假,2026Q2,5.0,0,5,0.0
764,调休,2026Q2,0.0,0,0.0,0.0
764,年假,2026Q3,5.0,0,5,0.0
764,调休,2026Q3,0.0,0,0.0,0.0
765,年假,2026Q2,5.0,0,5,0.0
765,调休,2026Q2,0.0,0,0.0,0.0
765,年假,2026Q3,5.0,0,5,0.0
765,调休,2026Q3,0.0,0,0.0,0.0
766,年假,2026Q2,5.0,0,5,0.0
766,调休,2026Q2,0.0,0,0.0,0.0
766,年假,2026Q3,5.0,0,5,0.0
766,调休,2026Q3,0.0,0,0.0,0.0
767,年假,2026Q3,5.0,0,5,0.0
767,调休,2026Q3,0.0,0,0.0,0.0
768,年假,2026Q3,5.0,0,5,0.0
768,调休,2026Q3,0.0,1.0,0.0,0.0
769,年假,2026Q3,5.0,0,5,0.0
769,调休,2026Q3,0.2,1.0,0.0,0.0
770,年假,2026Q3,5.0,0,5,0.0
770,调休,2026Q3,0.0,0,0.0,0.0
771,年假,2026Q3,5.0,0,5,0.0
771,调休,2026Q3,0.0,0,0.0,0.0
772,年假,2026Q3,5.0,0,5,0.0
772,调休,2026Q3,0.0,0,0.0,0.0
773,年假,2026Q3,5.0,0,5,0.0
773,调休,2026Q3,0.0,0,0.0,0.0
774,年假,2026Q3,5.0,0,5,0.0
774,调休,2026Q3,0.0,0,0.0,0.0
775,年假,2026Q3,5.0,0,5,0.0
775,调休,2026Q3,0.5,0,0.5,0.0
776,年假,2026Q3,5.0,0,5,0.0
776,调休,2026Q3,0.0,0,0.0,0.0
777,年假,2026Q3,5.0,0,5,0.0
777,调休,2026Q3,1.0,1.0,0.0,0.0
778,年假,2026Q3,5.0,0,5,0.0
778,调休,2026Q3,0.0,0,0.0,0.0
779,年假,2026Q3,5.0,0,5,0.0
779,调休,2026Q3,0.0,0,0.0,0.0
780,年假,2026Q3,5.0,0,5,0.0
780,调休,2026Q3,0.0,0,0.0,0.0
781,年假,2026Q3,5.0,0,5,0.0
781,调休,2026Q3,0.0,0,0.0,0.0
782,年假,2026Q3,5.0,0,5,0.0
782,调休,2026Q3,0.0,0,0.0,0.0
783,年假,2026Q3,5.0,0,5,0.0
783,调休,2026Q3,0.0,0,0.0,0.0
784,年假,2026Q3,5.0,0,5,0.0
784,调休,2026Q3,0.0,0,0.0,0.0
785,年假,2026Q3,5.0,0,5,0.0
785,调休,2026Q3,0.0,0,0.0,0.0
786,年假,2026Q3,5.0,0,5,0.0
786,调休,2026Q3,0.0,0,0.0,0.0
