emp_id,leave_type,start_date,end_date,days,status,approver_id,applied_at
1,年假,2024-06-07,2024-06-08,2,已批准,,2024-06-03 10:31:00
1,年假,2026-01-21,2026-01-22,2,已批准,,2026-01-10 10:38:00
1,调休,2026-08-14,2026-08-14,1,待审批,,2026-08-11 10:43:00
2,年假,2023-08-21,2023-08-21,1,已批准,1,2023-08-19 10:14:00
2,年假,2023-04-17,2023-04-17,1,已批准,1,2023-04-11 10:11:00
2,年假,2023-08-22,2023-08-23,2,已批准,1,2023-08-17 10:53:00
2,调休,2024-02-15,2024-02-16,2,已批准,1,2024-02-14 10:49:00
2,年假,2025-03-20,2025-03-20,1,已拒绝,1,2025-03-11 10:10:00
2,病假,2025-10-14,2025-10-15,2,已批准,1,2025-10-10 10:21:00
3,病假,2023-08-16,2023-08-16,0.5,已批准,1,2023-08-07 10:36:00
3,事假,2023-10-27,2023-10-27,1,已拒绝,1,2023-10-15 10:35:00
3,年假,2024-09-17,2024-09-17,1,已批准,1,2024-09-05 10:29:00
3,年假,2025-08-12,2025-08-12,1,已批准,1,2025-08-04 10:13:00
3,调休,2025-01-20,2025-01-20,1,已批准,1,2025-01-08 10:20:00
4,调休,2024-06-25,2024-06-25,1,已批准,1,2024-06-23 10:36:00
4,年假,2024-10-11,2024-10-15,5,已批准,1,2024-10-10 10:15:00
4,事假,2025-10-17,2025-10-17,1,已批准,1,2025-10-05 10:48:00
4,年假,2026-08-06,2026-08-06,1,已批准,1,2026-08-04 10:12:00
4,年假,2026-04-20,2026-04-21,2,已批准,1,2026-04-16 10:22:00
5,年假,2024-08-09,2024-08-13,5,已批准,1,2024-08-06 10:40:00
5,调休,2024-05-28,2024-05-28,0.5,已批准,1,2024-05-20 10:45:00
5,年假,2024-01-23,2024-01-24,2,已批准,1,2024-01-22 10:14:00
5,年假,2025-11-17,2025-11-17,1,已批准,1,2025-11-16 10:28:00
7,病假,2023-07-06,2023-07-06,1,已批准,1,2023-06-27 10:27:00
7,调休,2024-07-26,2024-07-26,0.5,已批准,1,2024-07-18 10:16:00
7,事假,2025-09-08,2025-09-08,0.5,已批准,1,2025-08-26 10:23:00
7,病假,2025-03-04,2025-03-04,0.5,已批准,1,2025-02-20 10:22:00
7,产假,2026-02-17,2026-06-24,128,已批准,1,2026-02-05 10:27:00
7,事假,2026-04-16,2026-04-17,2,已批准,1,2026-04-05 10:20:00
8,年假,2023-03-27,2023-03-29,3,已批准,1,2023-03-16 10:31:00
9,年假,2023-09-28,2023-10-02,5,已批准,1,2023-09-25 10:44:00
9,年假,2024-12-12,2024-12-13,2,已批准,1,2024-12-08 10:37:00
9,调休,2025-08-13,2025-08-13,0.5,已批准,1,2025-07-30 10:27:00
9,病假,2026-03-04,2026-03-04,1,已批准,1,2026-02-27 10:50:00
10,事假,2024-12-26,2024-12-26,1,已批准,1,2024-12-17 10:44:00
10,年假,2024-12-23,2024-12-23,1,已批准,1,2024-12-21 10:15:00
10,调休,2024-08-09,2024-08-09,1,已批准,1,2024-07-29 10:30:00
10,年假,2024-10-17,2024-10-19,3,已批准,1,2024-10-05 10:35:00
10,年假,2025-02-12,2025-02-12,1,已批准,1,2025-02-05 10:28:00
10,调休,2026-02-18,2026-02-19,2,已批准,1,2026-02-07 10:28:00
10,年假,2026-07-02,2026-07-03,2,已批准,1,2026-06-19 10:42:00
11,年假,2023-11-03,2023-11-04,2,已批准,2,2023-10-20 10:25:00
11,事假,2024-04-18,2024-04-18,1,已批准,2,2024-04-14 10:15:00
11,年假,2025-01-20,2025-01-20,0.5,已批准,2,2025-01-12 10:43:00
11,年假,2025-05-22,2025-05-23,2,已批准,2,2025-05-08 10:54:00
11,事假,2025-07-11,2025-07-12,2,已批准,2,2025-06-27 10:13:00
11,年假,2026-08-05,2026-08-05,1,已批准,2,2026-07-30 10:12:00
12,年假,2023-09-05,2023-09-06,2,已批准,3,2023-08-28 10:26:00
12,年假,2023-12-28,2023-12-29,2,已批准,3,2023-12-25 10:20:00
12,年假,2025-06-13,2025-06-15,3,已拒绝,3,2025-06-12 10:18:00
12,婚假,2026-05-19,2026-05-28,10,已批准,3,2026-05-13 10:16:00
14,事假,2023-06-13,2023-06-13,0.5,已批准,4,2023-06-11 10:23:00
14,年假,2023-05-12,2023-05-13,2,已批准,4,2023-05-09 10:14:00
15,年假,2023-03-01,2023-03-01,1,已批准,3,2023-02-27 10:10:00
15,产假,2023-07-19,2023-12-23,158,已批准,3,2023-07-17 10:22:00
15,病假,2024-11-21,2024-11-21,1,已批准,3,2024-11-15 10:40:00
15,调休,2024-01-23,2024-01-23,0.5,已批准,3,2024-01-19 10:29:00
15,事假,2025-08-05,2025-08-05,1,已批准,3,2025-08-04 10:20:00
16,病假,2023-11-07,2023-11-07,0.5,已批准,2,2023-10-26 10:23:00
16,病假,2024-09-04,2024-09-06,3,已批准,2,2024-08-28 10:25:00
17,年假,2023-09-28,2023-09-28,0.5,已批准,4,2023-09-23 10:26:00
17,年假,2023-04-14,2023-04-15,2,已拒绝,4,2023-04-04 10:53:00
17,年假,2023-08-25,2023-08-25,1,已批准,4,2023-08-23 10:26:00
17,年假,2024-05-13,2024-05-13,1,已批准,4,2024-04-30 10:40:00
17,年假,2024-03-12,2024-03-16,5,已批准,4,2024-02-28 10:34:00
17,事假,2024-04-02,2024-04-02,1,已批准,4,2024-03-25 10:51:00
18,年假,2023-07-13,2023-07-14,2,已批准,8,2023-07-08 10:35:00
18,调休,2023-07-04,2023-07-04,1,已批准,8,2023-07-01 10:53:00
19,病假,2023-06-08,2023-06-08,0.5,已批准,9,2023-05-29 10:20:00
19,年假,2024-01-01,2024-01-03,3,已批准,9,2023-12-22 10:44:00
19,事假,2024-02-16,2024-02-17,2,已批准,9,2024-02-12 10:26:00
19,婚假,2026-02-17,2026-02-26,10,已批准,9,2026-02-10 10:54:00
19,事假,2026-01-02,2026-01-02,1,已批准,9,2025-12-30 10:21:00
20,病假,2023-07-10,2023-07-10,0.5,已拒绝,9,2023-07-01 10:51:00
20,调休,2023-04-21,2023-04-21,1,已批准,9,2023-04-08 10:21:00
21,病假,2026-06-25,2026-06-26,2,已批准,5,2026-06-20 10:10:00
23,病假,2023-11-14,2023-11-14,1,已批准,8,2023-11-09 10:14:00
23,调休,2024-11-08,2024-11-08,0.5,已批准,8,2024-11-01 10:46:00
23,年假,2025-09-26,2025-09-30,5,已拒绝,8,2025-09-20 10:22:00
24,年假,2023-10-11,2023-10-13,3,已批准,4,2023-10-09 10:26:00
24,病假,2023-01-03,2023-01-05,3,已批准,4,2022-12-24 10:27:00
24,病假,2025-02-25,2025-02-26,2,已批准,4,2025-02-21 10:46:00
24,年假,2025-10-07,2025-10-09,3,已批准,4,2025-09-30 10:41:00
25,年假,2023-07-24,2023-07-26,3,已批准,4,2023-07-11 10:17:00
25,事假,2024-04-25,2024-04-25,1,已批准,4,2024-04-14 10:40:00
25,事假,2024-01-05,2024-01-06,2,已批准,4,2024-01-03 10:30:00
25,年假,2024-04-25,2024-04-26,2,已批准,4,2024-04-14 10:48:00
26,年假,2023-02-01,2023-02-03,3,已批准,2,2023-01-18 10:13:00
26,事假,2023-10-11,2023-10-11,1,已拒绝,2,2023-10-08 10:50:00
27,事假,2023-10-06,2023-10-06,0.5,已批准,7,2023-09-25 10:14:00
27,事假,2024-01-22,2024-01-22,0.5,已批准,7,2024-01-20 10:25:00
27,调休,2024-04-03,2024-04-03,1,已批准,7,2024-03-31 10:47:00
27,事假,2025-12-25,2025-12-26,2,已批准,7,2025-12-24 10:10:00
27,年假,2025-02-26,2025-02-28,3,已批准,7,2025-02-20 10:14:00
28,年假,2024-04-01,2024-04-01,1,已批准,3,2024-03-25 10:31:00
28,病假,2024-06-24,2024-06-24,1,已批准,3,2024-06-10 10:21:00
28,年假,2025-01-10,2025-01-11,2,已批准,3,2024-12-27 10:12:00
28,年假,2025-11-18,2025-11-22,5,已批准,3,2025-11-05 10:13:00
28,调休,2025-05-21,2025-05-21,0.5,已批准,3,2025-05-19 10:18:00
28,婚假,2026-05-20,2026-05-24,5,已拒绝,3,2026-05-11 10:55:00
28,年假,2026-04-16,2026-04-18,3,已批准,3,2026-04-02 10:17:00
28,年假,2026-03-12,2026-03-16,5,已批准,3,2026-03-07 10:28:00
28,年假,2026-08-27,2026-08-28,2,已批准,3,2026-08-16 10:16:00
29,病假,2023-05-26,2023-05-26,1,已拒绝,3,2023-05-24 10:33:00
29,病假,2024-03-19,2024-03-21,3,已批准,3,2024-03-12 10:45:00
29,事假,2025-11-04,2025-11-05,2,已批准,3,2025-11-03 10:38:00
30,年假,2023-10-19,2023-10-23,5,已批准,6,2023-10-11 10:17:00
30,病假,2024-04-04,2024-04-04,1,已批准,6,2024-03-29 10:19:00
31,年假,2023-06-22,2023-06-24,3,已批准,10,2023-06-15 10:54:00
31,年假,2025-10-13,2025-10-14,2,已批准,10,2025-10-09 10:52:00
31,年假,2025-04-25,2025-04-26,2,已批准,10,2025-04-13 10:36:00
31,年假,2025-11-24,2025-11-24,1,已批准,10,2025-11-15 10:20:00
31,调休,2026-06-08,2026-06-09,2,已批准,10,2026-06-05 10:45:00
32,陪产假,2023-05-02,2023-05-16,15,已批准,4,2023-04-28 10:48:00
32,事假,2023-04-12,2023-04-12,1,已批准,4,2023-04-08 10:24:00
32,年假,2023-07-03,2023-07-03,1,已批准,4,2023-07-01 10:34:00
33,年假,2023-03-15,2023-03-16,2,已批准,6,2023-03-06 10:50:00
33,调休,2023-09-20,2023-09-21,2,已批准,6,2023-09-07 10:53:00
33,年假,2023-08-25,2023-08-29,5,已批准,6,2023-08-12 10:18:00
33,病假,2023-12-28,2023-12-30,3,已批准,6,2023-12-24 10:46:00
33,病假,2024-10-28,2024-10-28,1,已批准,6,2024-10-17 10:24:00
33,事假,2024-11-11,2024-11-11,1,已批准,6,2024-11-08 10:36:00
33,调休,2024-04-26,2024-04-26,1,已批准,6,2024-04-18 10:54:00
34,病假,2023-01-11,2023-01-11,0.5,已批准,9,2022-12-30 10:40:00
34,事假,2023-06-27,2023-06-27,1,已批准,9,2023-06-26 10:49:00
34,调休,2023-05-03,2023-05-04,2,已批准,9,2023-04-28 10:49:00
35,事假,2023-07-21,2023-07-21,1,已批准,10,2023-07-12 10:16:00
35,事假,2023-11-15,2023-11-15,1,已批准,10,2023-11-09 10:45:00
35,事假,2023-01-03,2023-01-03,0.5,已批准,10,2022-12-25 10:11:00
35,陪产假,2023-08-07,2023-08-21,15,已批准,10,2023-07-31 10:50:00
35,年假,2024-09-04,2024-09-08,5,已批准,10,2024-08-27 10:53:00
35,调休,2024-01-04,2024-01-04,1,已拒绝,10,2023-12-22 10:45:00
35,事假,2025-03-25,2025-03-26,2,已批准,10,2025-03-16 10:32:00
35,年假,2025-07-14,2025-07-14,1,已批准,10,2025-07-06 10:22:00
35,年假,2025-09-15,2025-09-15,1,已批准,10,2025-09-12 10:15:00
35,病假,2025-03-25,2025-03-27,3,已批准,10,2025-03-14 10:19:00
36,调休,2023-11-23,2023-11-23,0.5,已批准,8,2023-11-09 10:35:00
36,事假,2023-06-07,2023-06-07,1,已批准,8,2023-06-02 10:45:00
36,年假,2023-10-25,2023-10-25,1,已批准,8,2023-10-23 10:26:00
36,年假,2024-03-13,2024-03-17,5,已拒绝,8,2024-03-12 10:34:00
36,病假,2025-04-22,2025-04-22,1,已批准,8,2025-04-15 10:16:00
36,事假,2026-08-17,2026-08-17,1,已批准,8,2026-08-05 10:15:00
36,事假,2026-03-19,2026-03-19,1,已批准,8,2026-03-17 10:15:00
37,陪产假,2023-10-10,2023-10-24,15,已批准,10,2023-09-26 10:32:00
37,调休,2023-07-17,2023-07-17,0.5,已批准,10,2023-07-03 10:29:00
37,年假,2023-12-20,2023-12-20,0.5,已批准,10,2023-12-17 10:41:00
37,陪产假,2023-03-13,2023-03-27,15,已拒绝,10,2023-03-09 10:28:00
37,事假,2024-01-09,2024-01-09,0.5,已批准,10,2024-01-05 10:17:00
38,年假,2023-07-10,2023-07-10,0.5,已批准,8,2023-07-05 10:26:00
38,婚假,2023-06-27,2023-06-29,3,已批准,8,2023-06-24 10:29:00
38,调休,2024-12-11,2024-12-11,1,已批准,8,2024-12-07 10:41:00
38,调休,2025-11-05,2025-11-05,0.5,已批准,8,2025-10-22 10:46:00
38,事假,2025-02-21,2025-02-21,0.5,已批准,8,2025-02-12 10:31:00
38,调休,2025-02-17,2025-02-17,1,已批准,8,2025-02-12 10:54:00
38,事假,2026-01-15,2026-01-16,2,已批准,8,2026-01-13 10:24:00
39,调休,2023-04-05,2023-04-05,1,已批准,3,2023-03-22 10:14:00
39,调休,2023-05-04,2023-05-05,2,已批准,3,2023-04-26 10:49:00
40,病假,2023-12-06,2023-12-06,0.5,已批准,6,2023-12-02 10:31:00
40,病假,2023-03-17,2023-03-17,1,已批准,6,2023-03-10 10:53:00
40,年假,2024-06-28,2024-06-30,3,已批准,6,2024-06-25 10:31:00
40,年假,2024-08-05,2024-08-06,2,已批准,6,2024-08-01 10:37:00
41,病假,2023-08-23,2023-08-23,1,已批准,4,2023-08-12 10:31:00
41,婚假,2023-04-07,2023-04-09,3,已批准,4,2023-03-28 10:28:00
41,调休,2023-04-26,2023-04-26,1,已批准,4,2023-04-15 10:36:00
41,事假,2023-10-11,2023-10-12,2,已批准,4,2023-10-07 10:14:00
41,调休,2024-01-10,2024-01-10,1,已批准,4,2024-01-03 10:25:00
41,年假,2025-07-21,2025-07-21,1,已批准,4,2025-07-17 10:19:00
41,年假,2025-01-07,2025-01-08,2,已拒绝,4,2025-01-06 10:43:00
41,年假,2026-04-06,2026-04-06,1,已批准,4,2026-04-01 10:26:00
41,事假,2026-01-06,2026-01-06,1,已拒绝,4,2025-12-24 10:15:00
42,病假,2023-08-02,2023-08-04,3,已拒绝,6,2023-07-31 10:27:00
42,调休,2023-04-24,2023-04-25,2,已批准,6,2023-04-16 10:27:00
42,年假,2025-03-14,2025-03-14,1,已批准,6,2025-03-10 10:52:00
42,调休,2025-02-20,2025-02-20,0.5,已批准,6,2025-02-08 10:20:00
42,事假,2025-10-28,2025-10-28,0.5,已批准,6,2025-10-19 10:54:00
42,年假,2026-06-11,2026-06-11,0.5,已批准,6,2026-06-05 10:35:00
43,年假,2023-04-06,2023-04-06,0.5,已批准,6,2023-03-30 10:43:00
44,年假,2025-02-24,2025-02-24,1,已批准,3,2025-02-21 10:39:00
44,年假,2025-05-28,2025-05-28,1,已拒绝,3,2025-05-25 10:31:00
44,年假,2026-07-14,2026-07-14,1,已批准,3,2026-07-11 10:13:00
45,年假,2023-07-17,2023-07-17,1,已批准,8,2023-07-13 10:12:00
46,婚假,2023-12-20,2023-12-24,5,已批准,6,2023-12-19 10:45:00
46,病假,2023-04-27,2023-04-27,1,已批准,6,2023-04-21 10:16:00
46,事假,2024-12-03,2024-12-03,0.5,已批准,6,2024-11-19 10:23:00
47,年假,2023-09-04,2023-09-08,5,已批准,2,2023-09-01 10:35:00
47,调休,2023-06-05,2023-06-05,1,已批准,2,2023-05-31 10:27:00
47,病假,2024-10-21,2024-10-21,1,已拒绝,2,2024-10-09 10:55:00
47,病假,2024-06-13,2024-06-13,0.5,已批准,2,2024-06-12 10:12:00
47,年假,2025-12-08,2025-12-08,0.5,已批准,2,2025-11-30 10:54:00
47,调休,2025-02-11,2025-02-11,1,已批准,2,2025-02-10 10:46:00
47,调休,2025-06-05,2025-06-05,1,已批准,2,2025-05-30 10:35:00
47,年假,2026-08-03,2026-08-04,2,待审批,2,2026-07-28 10:35:00
48,病假,2023-10-12,2023-10-14,3,已批准,2,2023-10-09 10:32:00
48,年假,2024-01-02,2024-01-06,5,已批准,2,2023-12-27 10:17:00
48,年假,2025-02-24,2025-02-28,5,已拒绝,2,2025-02-17 10:21:00
48,年假,2025-04-22,2025-04-24,3,已批准,2,2025-04-17 10:41:00
49,年假,2023-07-06,2023-07-08,3,已拒绝,5,2023-07-01 10:21:00
49,调休,2024-09-20,2024-09-20,1,已批准,5,2024-09-08 10:10:00
49,年假,2024-12-11,2024-12-12,2,已拒绝,5,2024-12-08 10:32:00
49,调休,2025-04-18,2025-04-19,2,已批准,5,2025-04-17 10:38:00
49,病假,2025-07-11,2025-07-11,1,已批准,5,2025-06-27 10:42:00
50,年假,2023-04-13,2023-04-15,3,已批准,8,2023-03-30 10:39:00
50,病假,2023-01-09,2023-01-09,0.5,已批准,8,2022-12-27 10:30:00
50,调休,2024-04-23,2024-04-24,2,已批准,8,2024-04-10 10:17:00
50,事假,2024-03-25,2024-03-26,2,已批准,8,2024-03-21 10:11:00
50,调休,2024-12-12,2024-12-12,0.5,已批准,8,2024-12-03 10:45:00
50,病假,2024-03-04,2024-03-04,1,已批准,8,2024-02-29 10:37:00
50,年假,2025-05-23,2025-05-23,0.5,已批准,8,2025-05-13 10:26:00
52,年假,2023-09-26,2023-09-30,5,已批准,6,2023-09-14 10:43:00
52,年假,2023-12-04,2023-12-08,5,已批准,6,2023-11-21 10:27:00
52,年假,2023-08-01,2023-08-02,2,已批准,6,2023-07-18 10:26:00
52,调休,2023-05-12,2023-05-12,1,已批准,6,2023-05-07 10:32:00
52,年假,2024-12-11,2024-12-15,5,已拒绝,6,2024-12-04 10:36:00
52,事假,2024-03-14,2024-03-15,2,已批准,6,2024-03-11 10:32:00
53,年假,2023-09-01,2023-09-01,0.5,已批准,8,2023-08-24 10:45:00
53,调休,2023-01-10,2023-01-10,0.5,已批准,8,2022-12-31 10:42:00
53,调休,2023-05-03,2023-05-03,1,已批准,8,2023-04-26 10:14:00
53,病假,2024-04-05,2024-04-05,1,已批准,8,2024-03-28 10:36:00
53,年假,2025-05-19,2025-05-21,3,已批准,8,2025-05-11 10:39:00
53,年假,2026-06-09,2026-06-10,2,已批准,8,2026-06-03 10:13:00
53,调休,2026-05-14,2026-05-14,1,已批准,8,2026-05-09 10:53:00
54,调休,2023-10-20,2023-10-20,1,已批准,7,2023-10-11 10:51:00
54,年假,2023-12-22,2023-12-26,5,已批准,7,2023-12-20 10:12:00
54,陪产假,2024-11-08,2024-11-22,15,已批准,7,2024-11-04 10:24:00
54,年假,2025-02-06,2025-02-10,5,已批准,7,2025-01-25 10:43:00
54,调休,2025-01-22,2025-01-22,0.5,已拒绝,7,2025-01-08 10:46:00
54,年假,2025-09-09,2025-09-13,5,已批准,7,2025-08-31 10:18:00
54,年假,2025-10-10,2025-10-11,2,已批准,7,2025-09-27 10:33:00
55,调休,2023-04-12,2023-04-12,1,已批准,4,2023-03-30 10:24:00
57,年假,2023-04-18,2023-04-18,1,已批准,5,2023-04-05 10:17:00
57,婚假,2023-10-06,2023-10-15,10,已批准,5,2023-09-28 10:15:00
57,年假,2023-10-25,2023-10-25,1,已批准,5,2023-10-15 10:53:00
57,病假,2023-04-28,2023-04-28,1,已拒绝,5,2023-04-15 10:39:00
57,年假,2024-02-20,2024-02-20,1,已批准,5,2024-02-12 10:13:00
57,病假,2024-11-15,2024-11-15,1,已批准,5,2024-11-14 10:49:00
57,事假,2026-05-05,2026-05-05,1,已批准,5,2026-05-03 10:47:00
57,病假,2026-03-11,2026-03-11,0.5,已拒绝,5,2026-03-04 10:19:00
57,年假,2026-01-14,2026-01-14,1,已批准,5,2026-01-10 10:42:00
58,年假,2023-06-16,2023-06-16,0.5,已批准,2,2023-06-02 10:12:00
58,病假,2024-01-08,2024-01-09,2,已批准,2,2024-01-07 10:54:00
58,年假,2024-02-22,2024-02-22,0.5,已批准,2,2024-02-10 10:39:00
58,年假,2025-07-25,2025-07-26,2,已批准,2,2025-07-15 10:24:00
58,病假,2026-06-12,2026-06-13,2,已批准,2,2026-06-10 10:18:00
59,年假,2023-06-23,2023-06-25,3,已批准,9,2023-06-17 10:37:00
59,年假,2023-12-08,2023-12-12,5,已批准,9,2023-11-26 10:36:00
59,病假,2023-04-18,2023-04-19,2,已批准,9,2023-04-16 10:11:00
59,病假,2024-03-19,2024-03-19,1,已批准,9,2024-03-12 10:28:00
59,调休,2024-08-27,2024-08-27,0.5,已批准,9,2024-08-13 10:24:00
59,病假,2024-07-02,2024-07-04,3,已拒绝,9,2024-06-23 10:53:00
59,年假,2025-06-19,2025-06-23,5,已批准,9,2025-06-10 10:19:00
59,年假,2026-04-07,2026-04-09,3,已批准,9,2026-03-28 10:26:00
60,病假,2023-07-27,2023-07-27,1,已批准,8,2023-07-26 10:40:00
60,病假,2023-02-17,2023-02-17,1,已批准,8,2023-02-03 10:16:00
60,病假,2024-06-03,2024-06-04,2,已批准,8,2024-06-02 10:30:00
61,年假,2023-10-06,2023-10-07,2,已批准,2,2023-10-02 10:46:00
61,调休,2023-09-22,2023-09-23,2,已批准,2,2023-09-18 10:36:00
62,事假,2023-03-06,2023-03-06,1,已批准,3,2023-02-24 10:20:00
63,调休,2023-04-13,2023-04-14,2,已批准,9,2023-04-06 10:36:00
63,年假,2023-12-21,2023-12-21,1,已批准,9,2023-12-09 10:13:00
63,病假,2024-11-07,2024-11-08,2,已批准,9,2024-11-05 10:34:00
63,年假,2024-02-08,2024-02-08,1,已批准,9,2024-01-28 10:19:00
63,病假,2024-09-25,2024-09-25,0.5,已批准,9,2024-09-24 10:23:00
64,调休,2023-02-14,2023-02-15,2,已批准,6,2023-02-10 10:27:00
64,婚假,2023-06-01,2023-06-05,5,已批准,6,2023-05-29 10:49:00
64,年假,2023-07-06,2023-07-10,5,已批准,6,2023-07-05 10:44:00
64,病假,2023-02-27,2023-02-27,0.5,已批准,6,2023-02-19 10:18:00
64,调休,2025-01-20,2025-01-21,2,已批准,6,2025-01-14 10:19:00
65,调休,2023-11-02,2023-11-02,0.5,已拒绝,7,2023-10-31 10:45:00
65,病假,2023-01-26,2023-01-26,0.5,已批准,7,2023-01-23 10:50:00
65,年假,2023-08-03,2023-08-05,3,已批准,7,2023-07-25 10:17:00
65,年假,2024-12-03,2024-12-05,3,已批准,7,2024-11-29 10:16:00
65,病假,2024-12-18,2024-12-20,3,已批准,7,2024-12-16 10:10:00
65,调休,2025-08-04,2025-08-04,1,已批准,7,2025-08-02 10:31:00
65,婚假,2025-08-15,2025-08-24,10,已批准,7,2025-08-11 10:24:00
65,调休,2025-11-20,2025-11-20,0.5,已批准,7,2025-11-12 10:50:00
65,病假,2026-02-24,2026-02-24,1,已批准,7,2026-02-22 10:34:00
66,调休,2023-04-24,2023-04-25,2,已批准,3,2023-04-13 10:48:00
66,事假,2023-05-22,2023-05-23,2,已批准,3,2023-05-09 10:45:00
66,事假,2024-05-27,2024-05-27,1,已批准,3,2024-05-18 10:44:00
66,病假,2025-12-23,2025-12-23,0.5,已批准,3,2025-12-19 10:17:00
66,年假,2026-02-19,2026-02-19,1,已批准,3,2026-02-10 10:18:00
66,病假,2026-01-07,2026-01-07,1,已批准,3,2025-12-28 10:26:00
66,事假,2026-03-04,2026-03-04,0.5,已批准,3,2026-02-25 10:12:00
67,陪产假,2023-01-25,2023-02-08,15,已批准,3,2023-01-19 10:53:00
67,病假,2023-02-27,2023-02-28,2,已批准,3,2023-02-15 10:55:00
67,年假,2024-03-07,2024-03-07,0.5,已批准,3,2024-03-01 10:41:00
67,病假,2024-12-27,2024-12-27,1,已批准,3,2024-12-16 10:54:00
67,调休,2024-02-27,2024-02-27,1,已批准,3,2024-02-13 10:54:00
67,年假,2025-08-25,2025-08-29,5,已批准,3,2025-08-23 10:20:00
67,年假,2025-03-12,2025-03-12,0.5,已批准,3,2025-03-11 10:46:00
67,调休,2026-05-27,2026-05-27,1,已批准,3,2026-05-19 10:51:00
67,事假,2026-08-06,2026-08-06,1,已拒绝,3,2026-07-29 10:40:00
69,病假,2023-04-24,2023-04-24,0.5,已批准,7,2023-04-22 10:37:00
70,年假,2023-05-19,2023-05-20,2,已批准,5,2023-05-11 10:16:00
70,年假,2023-12-20,2023-12-20,1,已批准,5,2023-12-18 10:24:00
70,年假,2024-11-07,2024-11-07,1,已批准,5,2024-11-02 10:48:00
70,年假,2024-07-16,2024-07-16,0.5,已批准,5,2024-07-09 10:38:00
73,病假,2023-12-11,2023-12-13,3,已批准,8,2023-12-06 10:49:00
73,调休,2025-11-12,2025-11-12,1,已批准,8,2025-10-31 10:32:00
73,年假,2025-07-03,2025-07-03,0.5,已批准,8,2025-06-19 10:34:00
73,病假,2026-04-03,2026-04-03,1,已批准,8,2026-03-29 10:30:00
74,事假,2023-08-21,2023-08-22,2,已批准,2,2023-08-17 10:26:00
74,年假,2024-04-15,2024-04-16,2,已批准,2,2024-04-01 10:50:00
74,年假,2025-05-20,2025-05-20,1,已批准,2,2025-05-17 10:41:00
74,调休,2025-02-21,2025-02-22,2,已批准,2,2025-02-17 10:21:00
75,年假,2025-04-15,2025-04-15,1,已批准,2,2025-04-03 10:24:00
75,调休,2025-10-03,2025-10-03,0.5,已批准,2,2025-09-19 10:29:00
75,事假,2025-07-04,2025-07-04,0.5,已批准,2,2025-06-21 10:23:00
76,病假,2023-06-02,2023-06-02,1,已批准,3,2023-05-24 10:52:00
76,调休,2023-09-15,2023-09-15,1,已批准,3,2023-09-08 10:53:00
76,年假,2023-06-07,2023-06-07,1,已批准,3,2023-05-25 10:12:00
76,病假,2024-01-04,2024-01-05,2,已批准,3,2023-12-28 10:44:00
76,年假,2025-05-20,2025-05-22,3,已拒绝,3,2025-05-19 10:36:00
76,年假,2026-07-16,2026-07-16,1,已批准,3,2026-07-12 10:36:00
78,年假,2023-08-23,2023-08-23,0.5,已批准,3,2023-08-20 10:32:00
78,年假,2023-05-19,2023-05-19,0.5,已批准,3,2023-05-07 10:36:00
78,年假,2023-11-08,2023-11-08,1,已拒绝,3,2023-10-27 10:49:00
79,调休,2023-03-23,2023-03-23,0.5,已批准,6,2023-03-10 10:51:00
79,年假,2023-05-18,2023-05-18,1,已批准,6,2023-05-11 10:11:00
79,调休,2025-01-13,2025-01-13,0.5,已拒绝,6,2025-01-04 10:36:00
79,事假,2026-08-20,2026-08-20,1,已批准,6,2026-08-17 10:51:00
80,事假,2023-09-12,2023-09-12,0.5,已批准,2,2023-09-05 10:13:00
80,事假,2023-11-20,2023-11-20,0.5,已批准,2,2023-11-17 10:11:00
80,年假,2024-06-13,2024-06-15,3,已批准,2,2024-06-03 10:16:00
80,年假,2025-07-16,2025-07-18,3,已批准,2,2025-07-14 10:26:00
80,事假,2025-03-25,2025-03-26,2,已批准,2,2025-03-17 10:44:00
80,年假,2026-03-05,2026-03-05,1,已拒绝,2,2026-02-23 10:38:00
81,调休,2023-04-03,2023-04-03,1,已批准,6,2023-04-01 10:43:00
81,产假,2023-04-28,2023-08-03,98,已批准,6,2023-04-16 10:16:00
82,年假,2023-06-09,2023-06-13,5,已批准,8,2023-06-03 10:24:00
82,年假,2023-11-21,2023-11-23,3,已批准,8,2023-11-07 10:35:00
82,年假,2023-08-21,2023-08-25,5,已批准,8,2023-08-09 10:16:00
82,调休,2025-04-16,2025-04-16,1,已批准,8,2025-04-08 10:55:00
84,年假,2023-08-09,2023-08-11,3,已批准,3,2023-07-31 10:51:00
84,病假,2023-10-27,2023-10-27,0.5,已批准,3,2023-10-23 10:41:00
84,年假,2024-09-20,2024-09-21,2,已批准,3,2024-09-16 10:42:00
84,事假,2024-04-08,2024-04-08,0.5,已批准,3,2024-03-28 10:24:00
85,调休,2023-08-02,2023-08-02,1,已拒绝,2,2023-07-21 10:53:00
85,婚假,2024-11-07,2024-11-11,5,已批准,2,2024-11-06 10:29:00
85,婚假,2025-01-20,2025-01-22,3,已批准,2,2025-01-15 10:52:00
85,调休,2025-09-23,2025-09-23,1,已批准,2,2025-09-19 10:11:00
85,病假,2026-07-10,2026-07-10,0.5,已批准,2,2026-06-28 10:19:00
85,病假,2026-06-19,2026-06-19,1,已批准,2,2026-06-16 10:14:00
86,年假,2023-08-01,2023-08-05,5,已批准,4,2023-07-19 10:50:00
86,事假,2025-11-27,2025-11-28,2,已批准,4,2025-11-18 10:34:00
86,年假,2025-01-06,2025-01-07,2,已拒绝,4,2024-12-25 10:35:00
87,调休,2023-05-12,2023-05-13,2,已批准,2,2023-05-03 10:43:00
87,调休,2023-11-07,2023-11-07,1,已批准,2,2023-11-03 10:25:00
87,年假,2023-03-20,2023-03-21,2,已批准,2,2023-03-08 10:50:00
87,年假,2023-02-02,2023-02-03,2,已批准,2,2023-02-01 10:30:00
87,事假,2024-02-21,2024-02-21,1,已批准,2,2024-02-17 10:47:00
87,病假,2024-02-09,2024-02-10,2,已批准,2,2024-02-04 10:20:00
87,年假,2024-10-15,2024-10-15,1,已批准,2,2024-10-12 10:26:00
87,年假,2024-11-05,2024-11-06,2,已批准,2,2024-10-28 10:53:00
87,年假,2026-04-06,2026-04-06,1,已批准,2,2026-03-23 10:19:00
87,年假,2026-04-20,2026-04-20,0.5,已批准,2,2026-04-11 10:39:00
88,调休,2023-06-22,2023-06-22,1,已批准,3,2023-06-12 10:16:00
88,调休,2024-03-18,2024-03-18,1,已批准,3,2024-03-12 10:16:00
88,产假,2024-09-13,2025-01-18,128,已批准,3,2024-09-05 10:30:00
88,调休,2024-01-26,2024-01-26,1,已批准,3,2024-01-17 10:34:00
89,病假,2023-05-08,2023-05-09,2,已批准,6,2023-04-29 10:18:00
91,年假,2023-05-09,2023-05-09,0.5,已批准,8,2023-04-28 10:37:00
91,病假,2023-07-26,2023-07-26,1,已批准,8,2023-07-17 10:35:00
91,年假,2025-03-20,2025-03-20,1,已批准,8,2025-03-13 10:15:00
91,年假,2025-08-01,2025-08-01,1,已批准,8,2025-07-20 10:11:00
91,事假,2026-05-25,2026-05-25,0.5,已拒绝,8,2026-05-24 10:35:00
92,年假,2023-04-06,2023-04-07,2,已批准,3,2023-03-25 10:53:00
92,调休,2023-01-13,2023-01-13,1,已批准,3,2023-01-08 10:43:00
92,病假,2026-08-14,2026-08-14,1,已批准,3,2026-08-05 10:54:00
92,年假,2026-08-24,2026-08-28,5,已批准,3,2026-08-12 10:22:00
92,年假,2026-05-06,2026-05-07,2,已批准,3,2026-04-29 10:32:00
93,病假,2023-10-06,2023-10-06,0.5,已批准,2,2023-09-25 10:54:00
93,事假,2023-05-18,2023-05-18,1,已批准,2,2023-05-09 10:33:00
93,事假,2023-09-08,2023-09-09,2,已批准,2,2023-08-31 10:27:00
93,病假,2024-02-02,2024-02-04,3,已批准,2,2024-01-23 10:44:00
93,调休,2024-01-05,2024-01-05,1,已批准,2,2023-12-25 10:10:00
93,事假,2025-07-04,2025-07-04,1,已批准,2,2025-06-25 10:33:00
95,年假,2024-01-26,2024-01-27,2,已拒绝,2,2024-01-23 10:43:00
95,病假,2024-02-26,2024-02-26,0.5,已批准,2,2024-02-19 10:45:00
97,调休,2024-01-19,2024-01-19,1,已拒绝,6,2024-01-17 10:54:00
97,产假,2024-04-18,2024-08-23,128,已批准,6,2024-04-17 10:18:00
97,产假,2025-09-19,2026-01-24,128,已批准,6,2025-09-09 10:20:00
97,年假,2025-01-08,2025-01-08,0.5,已拒绝,6,2024-12-27 10:16:00
97,年假,2026-07-21,2026-07-21,1,已批准,6,2026-07-16 10:18:00
97,年假,2026-08-27,2026-08-28,2,待审批,6,2026-08-14 10:37:00
98,年假,2024-10-11,2024-10-11,1,已拒绝,2,2024-10-01 10:25:00
98,病假,2024-03-13,2024-03-13,1,已批准,2,2024-03-08 10:13:00
98,年假,2024-08-22,2024-08-23,2,已批准,2,2024-08-20 10:38:00
98,年假,2024-08-12,2024-08-12,0.5,已批准,2,2024-08-06 10:34:00
98,年假,2025-04-23,2025-04-24,2,已批准,2,2025-04-22 10:22:00
98,产假,2025-07-03,2025-10-08,98,已批准,2,2025-06-21 10:50:00
99,调休,2023-07-06,2023-07-07,2,已批准,6,2023-06-26 10:10:00
99,年假,2023-05-25,2023-05-27,3,已批准,6,2023-05-24 10:17:00
99,事假,2024-04-25,2024-04-26,2,已批准,6,2024-04-17 10:52:00
99,调休,2024-07-09,2024-07-10,2,已批准,6,2024-07-02 10:27:00
99,婚假,2025-01-21,2025-01-30,10,已批准,6,2025-01-17 10:18:00
99,病假,2025-06-23,2025-06-24,2,已批准,6,2025-06-11 10:24:00
99,年假,2026-02-02,2026-02-03,2,已批准,6,2026-01-19 10:10:00
100,年假,2023-05-02,2023-05-04,3,已批准,6,2023-04-27 10:29:00
100,年假,2023-01-18,2023-01-18,0.5,已批准,6,2023-01-09 10:25:00
100,陪产假,2024-09-26,2024-10-10,15,已批准,6,2024-09-23 10:51:00
100,事假,2024-07-12,2024-07-12,0.5,已批准,6,2024-07-10 10:31:00
100,事假,2025-11-18,2025-11-18,1,已批准,6,2025-11-11 10:54:00
100,调休,2025-07-17,2025-07-17,1,已批准,6,2025-07-12 10:46:00
100,调休,2025-07-14,2025-07-14,1,已拒绝,6,2025-07-07 10:23:00
100,年假,2026-01-22,2026-01-23,2,已拒绝,6,2026-01-13 10:12:00
101,年假,2023-07-12,2023-07-13,2,已批准,3,2023-07-11 10:40:00
101,病假,2023-04-18,2023-04-18,1,已批准,3,2023-04-06 10:23:00
101,年假,2024-12-17,2024-12-21,5,已批准,3,2024-12-13 10:38:00
101,年假,2024-12-18,2024-12-18,1,已批准,3,2024-12-13 10:54:00
101,年假,2024-05-24,2024-05-26,3,已批准,3,2024-05-22 10:54:00
101,调休,2024-05-06,2024-05-07,2,已拒绝,3,2024-04-23 10:13:00
101,病假,2026-04-28,2026-04-28,1,已批准,3,2026-04-24 10:21:00
102,事假,2023-03-03,2023-03-03,1,已拒绝,8,2023-02-20 10:15:00
102,病假,2023-01-25,2023-01-25,0.5,已批准,8,2023-01-22 10:54:00
102,病假,2024-03-18,2024-03-19,2,已批准,8,2024-03-10 10:42:00
102,事假,2024-09-19,2024-09-19,1,已批准,8,2024-09-10 10:32:00
102,事假,2024-02-16,2024-02-16,1,已批准,8,2024-02-05 10:20:00
102,事假,2025-02-07,2025-02-07,1,已批准,8,2025-01-28 10:15:00
103,调休,2023-12-25,2023-12-25,1,已批准,2,2023-12-11 10:10:00
103,病假,2023-05-23,2023-05-25,3,已批准,2,2023-05-17 10:34:00
103,事假,2023-12-18,2023-12-19,2,已拒绝,2,2023-12-14 10:20:00
103,病假,2023-09-05,2023-09-07,3,已批准,2,2023-08-24 10:46:00
103,调休,2024-02-08,2024-02-08,1,已批准,2,2024-01-28 10:38:00
103,年假,2025-08-01,2025-08-05,5,已批准,2,2025-07-26 10:37:00
104,年假,2023-09-11,2023-09-13,3,已批准,5,2023-09-05 10:52:00
104,年假,2023-03-20,2023-03-20,0.5,已批准,5,2023-03-15 10:23:00
104,年假,2024-07-23,2024-07-23,0.5,已批准,5,2024-07-11 10:41:00
104,年假,2024-09-03,2024-09-04,2,已批准,5,2024-08-21 10:49:00
104,年假,2024-07-25,2024-07-26,2,已批准,5,2024-07-13 10:28:00
104,调休,2024-07-12,2024-07-12,1,已批准,5,2024-07-05 10:25:00
104,调休,2025-12-16,2025-12-16,1,已批准,5,2025-12-06 10:50:00
104,病假,2025-05-15,2025-05-17,3,已批准,5,2025-05-06 10:16:00
105,病假,2024-09-12,2024-09-12,1,已批准,6,2024-08-30 10:34:00
105,事假,2025-03-12,2025-03-12,1,已批准,6,2025-03-06 10:44:00
105,调休,2025-11-04,2025-11-04,1,已批准,6,2025-10-31 10:12:00
105,病假,2025-12-24,2025-12-24,0.5,已批准,6,2025-12-10 10:29:00
105,病假,2026-01-22,2026-01-22,0.5,已批准,6,2026-01-12 10:15:00
105,年假,2026-03-25,2026-03-25,1,已批准,6,2026-03-22 10:37:00
105,病假,2026-06-03,2026-06-03,0.5,已批准,6,2026-06-01 10:47:00
106,年假,2023-05-08,2023-05-08,0.5,已批准,2,2023-05-03 10:39:00
107,年假,2023-04-03,2023-04-03,0.5,已批准,6,2023-03-30 10:42:00
107,年假,2024-05-27,2024-05-27,0.5,已批准,6,2024-05-26 10:47:00
108,调休,2023-06-16,2023-06-16,1,已批准,5,2023-06-03 10:46:00
108,事假,2024-12-18,2024-12-19,2,已批准,5,2024-12-17 10:52:00
108,调休,2024-05-09,2024-05-09,1,已批准,5,2024-04-30 10:36:00
108,年假,2025-08-26,2025-08-27,2,已批准,5,2025-08-12 10:55:00
108,调休,2025-06-26,2025-06-26,1,已批准,5,2025-06-20 10:34:00
108,调休,2026-03-09,2026-03-09,1,已批准,5,2026-03-08 10:47:00
109,事假,2023-05-26,2023-05-26,1,已批准,3,2023-05-20 10:37:00
109,年假,2023-06-20,2023-06-22,3,已批准,3,2023-06-06 10:17:00
109,年假,2024-03-08,2024-03-12,5,已拒绝,3,2024-03-06 10:22:00
109,事假,2024-08-28,2024-08-28,0.5,已批准,3,2024-08-22 10:54:00
109,年假,2024-11-18,2024-11-19,2,已批准,3,2024-11-10 10:13:00
109,调休,2026-05-05,2026-05-05,1,已批准,3,2026-05-02 10:24:00
110,病假,2023-12-05,2023-12-07,3,已批准,3,2023-12-02 10:16:00
110,病假,2023-09-19,2023-09-21,3,已批准,3,2023-09-14 10:11:00
110,事假,2023-09-14,2023-09-15,2,已拒绝,3,2023-09-03 10:23:00
110,年假,2024-07-10,2024-07-10,1,已批准,3,2024-06-29 10:49:00
110,年假,2024-05-20,2024-05-24,5,已批准,3,2024-05-08 10:37:00
110,产假,2025-09-01,2025-12-07,98,已批准,3,2025-08-27 10:40:00
110,年假,2026-02-25,2026-02-27,3,已批准,3,2026-02-23 10:54:00
110,产假,2026-01-27,2026-06-03,128,已批准,3,2026-01-26 10:20:00
111,病假,2024-01-26,2024-01-26,1,已批准,2,2024-01-16 10:17:00
111,调休,2024-03-14,2024-03-14,1,已批准,2,2024-03-13 10:44:00
111,事假,2024-06-28,2024-06-29,2,已批准,2,2024-06-18 10:45:00
111,调休,2024-05-23,2024-05-24,2,已批准,2,2024-05-20 10:29:00
111,年假,2025-08-27,2025-08-27,0.5,已批准,2,2025-08-20 10:24:00
111,年假,2025-05-15,2025-05-19,5,已批准,2,2025-05-14 10:43:00
111,年假,2025-10-27,2025-10-27,1,已批准,2,2025-10-18 10:20:00
112,年假,2023-02-06,2023-02-06,1,已批准,6,2023-01-27 10:50:00
112,病假,2023-05-11,2023-05-11,1,已批准,6,2023-04-29 10:45:00
112,调休,2024-03-20,2024-03-20,0.5,已批准,6,2024-03-10 10:15:00
112,病假,2025-02-10,2025-02-10,1,已批准,6,2025-02-09 10:20:00
113,年假,2023-08-18,2023-08-19,2,已批准,4,2023-08-17 10:50:00
113,年假,2024-05-09,2024-05-13,5,已拒绝,4,2024-04-26 10:16:00
113,年假,2024-10-17,2024-10-21,5,已拒绝,4,2024-10-07 10:11:00
113,年假,2025-07-10,2025-07-10,1,已批准,4,2025-07-02 10:25:00
113,病假,2025-07-16,2025-07-16,0.5,已拒绝,4,2025-07-08 10:50:00
113,年假,2026-05-26,2026-05-26,0.5,已批准,4,2026-05-24 10:19:00
113,事假,2026-05-26,2026-05-26,1,已批准,4,2026-05-17 10:10:00
114,病假,2023-02-13,2023-02-13,1,已批准,4,2023-02-11 10:22:00
114,年假,2024-11-13,2024-11-13,1,已批准,4,2024-11-10 10:32:00
114,事假,2024-12-10,2024-12-10,1,已批准,4,2024-11-30 10:40:00
114,年假,2024-12-23,2024-12-24,2,已批准,4,2024-12-11 10:55:00
114,病假,2025-12-02,2025-12-02,0.5,已批准,4,2025-11-30 10:52:00
114,病假,2025-05-27,2025-05-27,1,已批准,4,2025-05-25 10:41:00
115,调休,2023-05-15,2023-05-15,1,已批准,3,2023-05-08 10:19:00
115,病假,2023-09-13,2023-09-13,1,已批准,3,2023-09-01 10:11:00
115,事假,2023-03-06,2023-03-06,1,已批准,3,2023-02-24 10:19:00
115,调休,2023-04-05,2023-04-05,0.5,已批准,3,2023-03-23 10:15:00
115,事假,2025-03-10,2025-03-10,1,已批准,3,2025-03-07 10:50:00
115,年假,2025-03-17,2025-03-18,2,已批准,3,2025-03-08 10:45:00
116,事假,2023-05-10,2023-05-11,2,已批准,9,2023-04-30 10:32:00
116,年假,2024-07-26,2024-07-26,0.5,已批准,9,2024-07-17 10:31:00
117,年假,2023-09-04,2023-09-04,1,已批准,2,2023-09-02 10:43:00
117,调休,2024-04-08,2024-04-08,1,已批准,2,2024-04-02 10:12:00
117,陪产假,2025-06-09,2025-06-23,15,已拒绝,2,2025-06-05 10:12:00
117,年假,2026-06-02,2026-06-02,1,已拒绝,2,2026-05-19 10:24:00
117,事假,2026-02-23,2026-02-23,1,已批准,2,2026-02-19 10:37:00
120,调休,2023-01-23,2023-01-24,2,已批准,2,2023-01-10 10:10:00
120,年假,2023-10-06,2023-10-07,2,已拒绝,2,2023-09-25 10:27:00
120,事假,2023-08-23,2023-08-23,1,已批准,2,2023-08-10 10:52:00
120,调休,2024-11-18,2024-11-18,0.5,已批准,2,2024-11-12 10:25:00
120,年假,2025-06-12,2025-06-12,1,已批准,2,2025-06-09 10:55:00
120,病假,2026-04-15,2026-04-17,3,已批准,2,2026-04-13 10:26:00
120,年假,2026-06-24,2026-06-24,0.5,已批准,2,2026-06-13 10:52:00
120,病假,2026-05-06,2026-05-06,1,已批准,2,2026-04-23 10:39:00
121,年假,2023-12-21,2023-12-23,3,已批准,7,2023-12-18 10:35:00
121,年假,2023-03-07,2023-03-08,2,已批准,7,2023-03-03 10:47:00
121,事假,2023-02-24,2023-02-24,0.5,已批准,7,2023-02-13 10:54:00
121,年假,2023-12-11,2023-12-11,1,已批准,7,2023-11-27 10:44:00
121,病假,2024-12-26,2024-12-26,1,已批准,7,2024-12-15 10:52:00
121,年假,2025-06-04,2025-06-06,3,已批准,7,2025-05-25 10:26:00
121,调休,2025-03-14,2025-03-14,1,已批准,7,2025-03-04 10:53:00
121,事假,2025-03-28,2025-03-29,2,已批准,7,2025-03-27 10:31:00
121,事假,2025-09-11,2025-09-11,1,已批准,7,2025-09-10 10:52:00
121,病假,2026-02-17,2026-02-18,2,已批准,7,2026-02-06 10:41:00
122,年假,2023-02-06,2023-02-10,5,已批准,2,2023-02-04 10:37:00
122,年假,2025-06-11,2025-06-12,2,已批准,2,2025-05-31 10:43:00
122,病假,2025-01-24,2025-01-24,1,已批准,2,2025-01-14 10:51:00
122,调休,2025-12-03,2025-12-03,1,已批准,2,2025-12-01 10:24:00
122,陪产假,2026-06-16,2026-06-30,15,已批准,2,2026-06-07 10:14:00
123,调休,2024-03-25,2024-03-26,2,已批准,3,2024-03-19 10:18:00
123,调休,2024-02-01,2024-02-02,2,已批准,3,2024-01-26 10:11:00
123,病假,2025-09-02,2025-09-02,1,已批准,3,2025-09-01 10:45:00
123,病假,2025-10-27,2025-10-27,1,已批准,3,2025-10-23 10:28:00
123,事假,2025-12-16,2025-12-16,1,已批准,3,2025-12-02 10:21:00
123,事假,2026-04-07,2026-04-07,1,已批准,3,2026-04-01 10:22:00
123,年假,2026-04-17,2026-04-17,1,已批准,3,2026-04-15 10:12:00
124,年假,2023-03-14,2023-03-18,5,已批准,4,2023-03-05 10:55:00
124,年假,2023-05-16,2023-05-17,2,已拒绝,4,2023-05-04 10:37:00
124,年假,2024-03-19,2024-03-19,0.5,已批准,4,2024-03-13 10:17:00
124,年假,2026-08-26,2026-08-28,3,已批准,4,2026-08-13 10:31:00
125,年假,2023-06-14,2023-06-16,3,已批准,9,2023-06-07 10:14:00
126,事假,2024-03-26,2024-03-26,1,已批准,6,2024-03-19 10:20:00
126,调休,2025-02-28,2025-02-28,0.5,已拒绝,6,2025-02-17 10:40:00
128,婚假,2023-12-08,2023-12-17,10,已批准,8,2023-11-29 10:38:00
128,年假,2024-09-24,2024-09-26,3,已批准,8,2024-09-16 10:39:00
128,病假,2024-11-13,2024-11-14,2,已批准,8,2024-10-31 10:13:00
128,病假,2025-06-23,2025-06-24,2,已批准,8,2025-06-13 10:33:00
128,调休,2025-05-01,2025-05-02,2,已批准,8,2025-04-27 10:55:00
128,调休,2026-04-09,2026-04-09,1,已批准,8,2026-04-07 10:16:00
129,年假,2023-08-21,2023-08-21,1,已拒绝,9,2023-08-10 10:25:00
129,病假,2023-05-17,2023-05-17,1,已批准,9,2023-05-14 10:50:00
129,年假,2023-04-26,2023-04-26,1,已批准,9,2023-04-16 10:10:00
129,婚假,2023-02-03,2023-02-05,3,已批准,9,2023-01-31 10:47:00
129,调休,2025-03-14,2025-03-15,2,已批准,9,2025-03-05 10:10:00
129,年假,2026-01-13,2026-01-15,3,已批准,9,2025-12-31 10:25:00
129,病假,2026-08-18,2026-08-18,0.5,已批准,9,2026-08-17 10:23:00
130,婚假,2023-06-27,2023-07-01,5,已批准,3,2023-06-16 10:47:00
130,婚假,2023-09-14,2023-09-18,5,已批准,3,2023-09-03 10:49:00
131,年假,2023-04-05,2023-04-07,3,已批准,10,2023-03-30 10:35:00
132,事假,2024-04-22,2024-04-22,1,已批准,3,2024-04-11 10:12:00
132,年假,2024-10-21,2024-10-21,1,已批准,3,2024-10-16 10:48:00
132,病假,2026-02-17,2026-02-19,3,已批准,3,2026-02-13 10:18:00
132,事假,2026-02-09,2026-02-10,2,已拒绝,3,2026-01-31 10:52:00
133,事假,2023-01-03,2023-01-04,2,已批准,6,2022-12-31 10:27:00
133,年假,2024-08-13,2024-08-14,2,已批准,6,2024-08-08 10:40:00
133,年假,2024-11-01,2024-11-01,1,已批准,6,2024-10-26 10:26:00
133,事假,2025-04-24,2025-04-25,2,已批准,6,2025-04-23 10:53:00
133,事假,2025-10-21,2025-10-22,2,已批准,6,2025-10-15 10:21:00
133,年假,2025-03-24,2025-03-28,5,已拒绝,6,2025-03-15 10:33:00
134,年假,2024-02-02,2024-02-03,2,已批准,3,2024-01-25 10:20:00
134,病假,2024-02-16,2024-02-16,1,已批准,3,2024-02-13 10:42:00
134,年假,2025-12-26,2025-12-28,3,已批准,3,2025-12-21 10:22:00
134,病假,2025-05-13,2025-05-13,0.5,已批准,3,2025-05-05 10:32:00
134,事假,2025-10-13,2025-10-13,0.5,已批准,3,2025-10-06 10:17:00
135,事假,2024-04-05,2024-04-05,0.5,已批准,6,2024-03-23 10:54:00
135,事假,2024-08-26,2024-08-27,2,已批准,6,2024-08-20 10:42:00
135,年假,2024-08-19,2024-08-23,5,已批准,6,2024-08-10 10:47:00
135,事假,2024-06-21,2024-06-21,1,已批准,6,2024-06-12 10:39:00
135,调休,2025-04-28,2025-04-28,1,已批准,6,2025-04-23 10:14:00
135,事假,2025-03-26,2025-03-26,0.5,已批准,6,2025-03-17 10:45:00
137,年假,2024-11-25,2024-11-25,0.5,已批准,8,2024-11-19 10:17:00
137,病假,2024-01-11,2024-01-11,1,已批准,8,2024-01-10 10:50:00
137,病假,2025-12-18,2025-12-19,2,已批准,8,2025-12-06 10:37:00
138,调休,2023-11-20,2023-11-20,0.5,已拒绝,10,2023-11-16 10:22:00
138,年假,2024-07-15,2024-07-15,1,已批准,10,2024-07-07 10:44:00
138,调休,2024-07-18,2024-07-18,1,已批准,10,2024-07-08 10:29:00
139,调休,2023-05-22,2023-05-22,1,已批准,8,2023-05-20 10:36:00
139,年假,2023-11-02,2023-11-02,1,已批准,8,2023-10-22 10:15:00
139,事假,2024-08-09,2024-08-10,2,已批准,8,2024-08-01 10:24:00
139,年假,2024-02-20,2024-02-21,2,已批准,8,2024-02-18 10:15:00
139,事假,2024-07-09,2024-07-09,1,已批准,8,2024-06-27 10:23:00
139,年假,2025-08-28,2025-08-28,1,已批准,8,2025-08-21 10:19:00
139,调休,2025-11-13,2025-11-13,1,已批准,8,2025-11-07 10:25:00
139,婚假,2025-10-01,2025-10-03,3,已批准,8,2025-09-18 10:20:00
139,病假,2025-06-03,2025-06-04,2,已批准,8,2025-05-31 10:17:00
139,年假,2026-03-04,2026-03-08,5,已批准,8,2026-02-19 10:46:00
140,年假,2023-07-19,2023-07-21,3,已批准,3,2023-07-05 10:24:00
141,事假,2023-07-11,2023-07-11,1,已批准,8,2023-07-08 10:27:00
141,调休,2023-06-16,2023-06-16,0.5,已批准,8,2023-06-04 10:32:00
141,事假,2024-10-11,2024-10-12,2,已批准,8,2024-10-10 10:39:00
142,病假,2023-08-07,2023-08-08,2,已批准,3,2023-08-02 10:36:00
142,病假,2024-08-13,2024-08-13,1,已批准,3,2024-07-31 10:17:00
142,病假,2024-11-28,2024-11-29,2,已批准,3,2024-11-25 10:53:00
142,年假,2025-06-12,2025-06-12,0.5,已拒绝,3,2025-06-02 10:25:00
142,年假,2025-11-20,2025-11-21,2,已批准,3,2025-11-07 10:16:00
143,病假,2023-07-21,2023-07-22,2,已批准,9,2023-07-07 10:28:00
143,年假,2023-11-21,2023-11-21,1,已批准,9,2023-11-13 10:18:00
143,事假,2023-05-09,2023-05-09,0.5,已批准,9,2023-04-28 10:23:00
143,调休,2024-06-21,2024-06-22,2,已批准,9,2024-06-14 10:21:00
143,年假,2024-11-04,2024-11-05,2,已拒绝,9,2024-11-01 10:47:00
143,年假,2025-10-21,2025-10-22,2,已批准,9,2025-10-11 10:32:00
143,事假,2025-05-16,2025-05-16,1,已批准,9,2025-05-09 10:10:00
143,年假,2026-02-02,2026-02-02,1,已拒绝,9,2026-02-01 10:36:00
144,年假,2023-07-17,2023-07-17,1,已批准,5,2023-07-16 10:42:00
144,调休,2023-02-01,2023-02-01,1,已批准,5,2023-01-20 10:55:00
144,年假,2024-03-14,2024-03-14,1,已批准,5,2024-03-09 10:43:00
144,病假,2025-11-13,2025-11-13,1,已批准,5,2025-10-31 10:44:00
145,婚假,2023-07-13,2023-07-22,10,已批准,7,2023-07-08 10:49:00
145,年假,2023-12-12,2023-12-12,0.5,已批准,7,2023-12-09 10:30:00
146,调休,2024-09-05,2024-09-05,1,已批准,2,2024-09-03 10:26:00
146,年假,2024-12-13,2024-12-14,2,已批准,2,2024-12-08 10:15:00
146,病假,2024-08-19,2024-08-19,1,已批准,2,2024-08-07 10:20:00
146,年假,2025-11-14,2025-11-15,2,已批准,2,2025-11-06 10:45:00
146,年假,2026-06-18,2026-06-18,0.5,已拒绝,2,2026-06-16 10:28:00
147,年假,2023-08-08,2023-08-12,5,已批准,2,2023-08-03 10:20:00
147,年假,2024-02-26,2024-02-26,1,已批准,2,2024-02-24 10:10:00
147,调休,2024-01-01,2024-01-01,0.5,已批准,2,2023-12-30 10:36:00
147,年假,2024-02-07,2024-02-07,1,已批准,2,2024-01-25 10:36:00
147,陪产假,2025-02-03,2025-02-17,15,已批准,2,2025-01-30 10:24:00
147,年假,2026-05-05,2026-05-05,0.5,已批准,2,2026-05-04 10:24:00
147,病假,2026-04-08,2026-04-09,2,已批准,2,2026-04-01 10:19:00
147,年假,2026-06-05,2026-06-05,1,已批准,2,2026-05-24 10:46:00
147,调休,2026-06-03,2026-06-04,2,已批准,2,2026-05-30 10:51:00
148,年假,2023-07-21,2023-07-21,0.5,已批准,2,2023-07-11 10:16:00
148,年假,2023-07-04,2023-07-05,2,已批准,2,2023-06-20 10:18:00
148,事假,2024-03-19,2024-03-19,0.5,已批准,2,2024-03-12 10:19:00
148,调休,2024-05-02,2024-05-02,1,已批准,2,2024-04-27 10:19:00
149,调休,2023-05-16,2023-05-16,0.5,已批准,6,2023-05-12 10:27:00
149,年假,2024-04-15,2024-04-15,1,已批准,6,2024-04-09 10:18:00
149,年假,2024-11-11,2024-11-15,5,已批准,6,2024-11-02 10:42:00
149,事假,2025-08-21,2025-08-21,0.5,已批准,6,2025-08-13 10:35:00
150,年假,2024-11-21,2024-11-22,2,已批准,4,2024-11-19 10:31:00
150,事假,2024-08-05,2024-08-05,1,已批准,4,2024-08-03 10:21:00
150,病假,2024-09-12,2024-09-12,1,已批准,4,2024-08-30 10:53:00
151,年假,2023-08-01,2023-08-01,1,已批准,6,2023-07-26 10:42:00
151,病假,2023-06-14,2023-06-14,1,已批准,6,2023-06-12 10:15:00
151,事假,2024-10-24,2024-10-24,1,已批准,6,2024-10-15 10:21:00
151,病假,2026-06-24,2026-06-24,0.5,已批准,6,2026-06-18 10:26:00
151,病假,2026-06-18,2026-06-19,2,已批准,6,2026-06-10 10:13:00
153,病假,2023-02-03,2023-02-05,3,已批准,2,2023-02-02 10:55:00
153,病假,2023-04-13,2023-04-13,1,已拒绝,2,2023-03-30 10:49:00
154,产假,2023-08-18,2024-01-22,158,已批准,6,2023-08-07 10:16:00
154,病假,2023-08-28,2023-08-29,2,已批准,6,2023-08-16 10:24:00
154,年假,2023-07-03,2023-07-07,5,已批准,6,2023-06-25 10:47:00
154,年假,2024-12-13,2024-12-15,3,已批准,6,2024-12-11 10:32:00
154,产假,2024-02-26,2024-07-02,128,已拒绝,6,2024-02-18 10:17:00
154,年假,2025-08-18,2025-08-18,0.5,已批准,6,2025-08-09 10:24:00
154,病假,2025-08-11,2025-08-13,3,已批准,6,2025-08-01 10:34:00
156,年假,2023-08-08,2023-08-08,1,已批准,5,2023-08-01 10:40:00
156,产假,2023-09-11,2024-01-16,128,已批准,5,2023-09-02 10:32:00
156,年假,2025-02-07,2025-02-07,1,已批准,5,2025-01-31 10:49:00
156,年假,2025-02-26,2025-02-26,0.5,已批准,5,2025-02-20 10:31:00
156,年假,2025-04-07,2025-04-08,2,已拒绝,5,2025-03-30 10:55:00
156,产假,2025-05-09,2025-10-13,158,已批准,5,2025-05-05 10:23:00
156,调休,2026-03-13,2026-03-13,0.5,已批准,5,2026-03-09 10:41:00
157,年假,2023-06-06,2023-06-06,1,已批准,3,2023-06-02 10:15:00
157,病假,2024-10-15,2024-10-15,1,已批准,3,2024-10-14 10:25:00
157,调休,2024-09-19,2024-09-19,1,已批准,3,2024-09-18 10:25:00
157,病假,2025-02-18,2025-02-18,0.5,已批准,3,2025-02-08 10:54:00
158,年假,2023-06-23,2023-06-24,2,已批准,6,2023-06-13 10:45:00
158,年假,2023-07-26,2023-07-27,2,已批准,6,2023-07-19 10:35:00
158,产假,2024-11-11,2025-04-17,158,已批准,6,2024-11-06 10:48:00
158,病假,2024-09-05,2024-09-07,3,已批准,6,2024-08-22 10:50:00
158,年假,2024-08-15,2024-08-15,1,已批准,6,2024-08-03 10:45:00
158,调休,2025-09-18,2025-09-19,2,已批准,6,2025-09-15 10:17:00
158,调休,2025-07-04,2025-07-04,1,已批准,6,2025-07-03 10:34:00
158,调休,2025-01-21,2025-01-21,1,已批准,6,2025-01-12 10:21:00
160,病假,2023-10-25,2023-10-27,3,已批准,7,2023-10-12 10:51:00
160,调休,2025-09-15,2025-09-15,1,已批准,7,2025-09-05 10:33:00
161,病假,2024-08-27,2024-08-27,0.5,已批准,5,2024-08-26 10:24:00
161,婚假,2024-08-23,2024-08-27,5,已批准,5,2024-08-15 10:19:00
161,调休,2025-07-28,2025-07-28,0.5,已批准,5,2025-07-21 10:21:00
161,年假,2025-01-21,2025-01-25,5,已批准,5,2025-01-07 10:17:00
161,年假,2025-09-22,2025-09-23,2,已拒绝,5,2025-09-21 10:51:00
161,调休,2025-06-25,2025-06-26,2,已批准,5,2025-06-21 10:13:00
161,事假,2026-02-04,2026-02-04,1,已批准,5,2026-01-28 10:54:00
161,年假,2026-08-20,2026-08-20,0.5,已批准,5,2026-08-09 10:44:00
162,调休,2023-03-06,2023-03-06,1,已批准,2,2023-02-24 10:46:00
162,年假,2023-02-28,2023-03-02,3,已批准,2,2023-02-19 10:53:00
162,年假,2023-01-26,2023-01-26,0.5,已批准,2,2023-01-20 10:19:00
162,年假,2025-07-09,2025-07-09,1,已拒绝,2,2025-06-30 10:51:00
163,病假,2023-03-28,2023-03-28,1,已拒绝,9,2023-03-21 10:23:00
164,病假,2023-08-25,2023-08-27,3,已批准,6,2023-08-21 10:44:00
164,调休,2024-03-18,2024-03-18,1,已拒绝,6,2024-03-04 10:10:00
164,事假,2024-06-13,2024-06-14,2,已批准,6,2024-06-07 10:17:00
164,年假,2025-11-10,2025-11-10,1,已批准,6,2025-11-07 10:24:00
164,调休,2025-09-18,2025-09-18,1,已批准,6,2025-09-10 10:37:00
164,年假,2026-06-03,2026-06-03,1,已批准,6,2026-05-26 10:10:00
164,病假,2026-06-19,2026-06-19,0.5,已批准,6,2026-06-17 10:34:00
165,事假,2023-12-15,2023-12-15,1,已批准,8,2023-12-06 10:32:00
165,年假,2023-01-27,2023-01-28,2,已批准,8,2023-01-26 10:43:00
165,事假,2023-12-11,2023-12-11,1,已批准,8,2023-12-08 10:16:00
165,病假,2024-04-18,2024-04-20,3,已拒绝,8,2024-04-07 10:10:00
165,陪产假,2024-02-01,2024-02-15,15,已批准,8,2024-01-30 10:43:00
165,年假,2024-12-16,2024-12-16,1,已批准,8,2024-12-07 10:33:00
165,病假,2024-08-09,2024-08-10,2,已批准,8,2024-08-01 10:20:00
165,事假,2026-06-02,2026-06-02,1,已拒绝,8,2026-05-27 10:24:00
166,调休,2024-06-27,2024-06-27,0.5,已批准,2,2024-06-23 10:50:00
166,病假,2024-01-04,2024-01-04,1,已批准,2,2023-12-31 10:24:00
166,病假,2025-06-26,2025-06-27,2,已拒绝,2,2025-06-12 10:33:00
166,年假,2025-12-11,2025-12-11,0.5,已批准,2,2025-12-07 10:46:00
166,年假,2025-05-22,2025-05-22,0.5,已批准,2,2025-05-21 10:28:00
167,事假,2024-06-19,2024-06-19,1,已批准,3,2024-06-08 10:14:00
167,年假,2024-03-13,2024-03-17,5,已批准,3,2024-03-03 10:44:00
167,调休,2025-03-12,2025-03-12,0.5,已批准,3,2025-03-11 10:11:00
167,年假,2025-01-16,2025-01-16,1,已批准,3,2025-01-15 10:15:00
167,调休,2025-02-13,2025-02-14,2,已批准,3,2025-02-08 10:52:00
167,病假,2026-04-17,2026-04-17,0.5,已批准,3,2026-04-05 10:28:00
168,调休,2023-08-18,2023-08-19,2,已批准,7,2023-08-09 10:28:00
168,调休,2023-11-13,2023-11-13,1,已批准,7,2023-11-01 10:16:00
168,年假,2023-05-12,2023-05-13,2,已批准,7,2023-05-07 10:50:00
168,事假,2023-03-10,2023-03-10,1,已批准,7,2023-02-24 10:33:00
168,调休,2024-02-23,2024-02-23,1,已批准,7,2024-02-13 10:15:00
168,年假,2024-05-24,2024-05-24,1,已批准,7,2024-05-21 10:38:00
168,年假,2024-09-05,2024-09-05,0.5,已批准,7,2024-08-24 10:45:00
168,调休,2025-10-21,2025-10-21,1,已批准,7,2025-10-19 10:13:00
168,事假,2025-08-04,2025-08-05,2,已批准,7,2025-07-27 10:19:00
169,事假,2023-12-20,2023-12-20,1,已批准,6,2023-12-13 10:28:00
169,病假,2023-07-04,2023-07-06,3,已拒绝,6,2023-06-29 10:10:00
169,调休,2024-03-05,2024-03-06,2,已批准,6,2024-02-27 10:18:00
169,病假,2024-10-04,2024-10-05,2,已批准,6,2024-09-22 10:26:00
170,病假,2023-01-20,2023-01-20,0.5,已批准,2,2023-01-18 10:50:00
170,病假,2023-09-25,2023-09-26,2,已批准,2,2023-09-18 10:16:00
170,年假,2023-05-19,2023-05-21,3,已批准,2,2023-05-14 10:15:00
171,年假,2023-11-17,2023-11-17,1,已批准,5,2023-11-14 10:48:00
171,事假,2024-05-24,2024-05-24,0.5,已批准,5,2024-05-12 10:13:00
171,婚假,2024-02-15,2024-02-17,3,已批准,5,2024-02-06 10:23:00
171,病假,2024-07-03,2024-07-03,1,已批准,5,2024-06-24 10:17:00
171,年假,2024-11-21,2024-11-22,2,已批准,5,2024-11-20 10:41:00
174,调休,2023-04-17,2023-04-17,1,已批准,6,2023-04-06 10:27:00
174,年假,2023-05-19,2023-05-20,2,已拒绝,6,2023-05-12 10:23:00
174,调休,2023-08-10,2023-08-10,0.5,已批准,6,2023-08-08 10:32:00
174,事假,2024-11-11,2024-11-12,2,已批准,6,2024-11-03 10:24:00
174,调休,2024-10-18,2024-10-19,2,已批准,6,2024-10-12 10:16:00
174,病假,2025-03-06,2025-03-06,0.5,已批准,6,2025-02-27 10:35:00
174,年假,2026-07-14,2026-07-14,0.5,已批准,6,2026-07-12 10:50:00
174,事假,2026-01-23,2026-01-23,1,已批准,6,2026-01-16 10:11:00
174,调休,2026-04-13,2026-04-13,1,已批准,6,2026-04-04 10:50:00
175,事假,2023-09-19,2023-09-19,0.5,已批准,4,2023-09-11 10:53:00
175,调休,2023-08-01,2023-08-01,1,已批准,4,2023-07-25 10:10:00
175,调休,2023-01-19,2023-01-19,1,已批准,4,2023-01-13 10:20:00
175,年假,2023-06-13,2023-06-14,2,已批准,4,2023-06-12 10:53:00
176,调休,2023-09-11,2023-09-11,1,已批准,6,2023-09-07 10:21:00
176,病假,2023-03-17,2023-03-17,1,已批准,6,2023-03-12 10:55:00
176,年假,2024-09-19,2024-09-19,0.5,已拒绝,6,2024-09-14 10:35:00
176,病假,2024-11-01,2024-11-01,1,已批准,6,2024-10-30 10:44:00
176,调休,2025-12-02,2025-12-03,2,已批准,6,2025-11-27 10:22:00
176,病假,2026-08-10,2026-08-10,1,已批准,6,2026-08-09 10:44:00
176,年假,2026-01-28,2026-01-28,0.5,已批准,6,2026-01-15 10:11:00
177,年假,2023-05-24,2023-05-24,0.5,已批准,8,2023-05-15 10:48:00
177,调休,2023-03-27,2023-03-28,2,已批准,8,2023-03-22 10:26:00
177,事假,2024-04-03,2024-04-03,1,已批准,8,2024-03-28 10:32:00
177,事假,2024-09-17,2024-09-17,0.5,已批准,8,2024-09-03 10:55:00
177,调休,2025-09-25,2025-09-25,1,已批准,8,2025-09-11 10:48:00
178,年假,2025-06-19,2025-06-20,2,已批准,6,2025-06-09 10:37:00
178,年假,2025-05-09,2025-05-10,2,已批准,6,2025-05-08 10:53:00
178,病假,2025-06-06,2025-06-06,0.5,已批准,6,2025-05-31 10:38:00
178,调休,2025-10-03,2025-10-03,1,已批准,6,2025-09-29 10:11:00
178,年假,2026-04-22,2026-04-26,5,已批准,6,2026-04-16 10:21:00
178,调休,2026-06-11,2026-06-11,1,已批准,6,2026-06-03 10:30:00
179,调休,2023-04-24,2023-04-24,1,已批准,9,2023-04-12 10:14:00
179,年假,2025-12-19,2025-12-20,2,已拒绝,9,2025-12-08 10:25:00
179,病假,2025-09-23,2025-09-23,1,已批准,9,2025-09-21 10:37:00
179,年假,2026-08-27,2026-08-28,2,已批准,9,2026-08-13 10:35:00
179,年假,2026-01-20,2026-01-20,0.5,已批准,9,2026-01-19 10:19:00
179,年假,2026-05-28,2026-05-29,2,已批准,9,2026-05-15 10:49:00
180,调休,2023-09-07,2023-09-07,1,已批准,6,2023-08-25 10:39:00
180,病假,2024-01-08,2024-01-08,0.5,已批准,6,2023-12-25 10:27:00
180,病假,2024-08-08,2024-08-08,0.5,已批准,6,2024-08-01 10:30:00
180,病假,2024-09-27,2024-09-27,0.5,已批准,6,2024-09-18 10:21:00
180,年假,2024-02-14,2024-02-14,1,已批准,6,2024-02-13 10:47:00
180,年假,2025-08-26,2025-08-27,2,已拒绝,6,2025-08-21 10:41:00
180,年假,2025-10-03,2025-10-04,2,已批准,6,2025-09-21 10:48:00
180,病假,2025-11-03,2025-11-03,1,已批准,6,2025-10-21 10:23:00
181,病假,2023-09-14,2023-09-16,3,已批准,5,2023-08-31 10:17:00
181,事假,2024-07-12,2024-07-12,0.5,已批准,5,2024-06-28 10:38:00
181,病假,2025-05-26,2025-05-26,1,已批准,5,2025-05-15 10:20:00
181,年假,2025-04-23,2025-04-23,0.5,已批准,5,2025-04-20 10:15:00
182,年假,2023-02-16,2023-02-17,2,已批准,4,2023-02-06 10:26:00
182,婚假,2023-03-16,2023-03-25,10,已批准,4,2023-03-12 10:10:00
182,病假,2024-01-10,2024-01-10,0.5,已批准,4,2024-01-08 10:15:00
182,病假,2024-09-04,2024-09-04,1,已批准,4,2024-08-24 10:49:00
182,调休,2025-03-19,2025-03-19,1,已批准,4,2025-03-17 10:27:00
183,婚假,2026-04-01,2026-04-10,10,已拒绝,2,2026-03-23 10:47:00
184,年假,2023-03-13,2023-03-13,0.5,已批准,5,2023-03-12 10:38:00
184,年假,2024-07-24,2024-07-24,0.5,已批准,5,2024-07-21 10:19:00
184,年假,2024-06-26,2024-06-28,3,已批准,5,2024-06-16 10:39:00
184,年假,2024-02-15,2024-02-15,1,已批准,5,2024-02-03 10:38:00
184,婚假,2024-07-12,2024-07-14,3,已批准,5,2024-07-06 10:17:00
184,事假,2025-10-27,2025-10-27,1,已批准,5,2025-10-18 10:36:00
184,年假,2025-12-02,2025-12-02,1,已批准,5,2025-11-30 10:22:00
184,调休,2025-08-21,2025-08-22,2,已拒绝,5,2025-08-18 10:30:00
185,年假,2023-09-15,2023-09-17,3,已批准,3,2023-09-02 10:54:00
185,年假,2023-05-12,2023-05-14,3,已批准,3,2023-05-08 10:41:00
185,调休,2024-01-08,2024-01-08,1,已批准,3,2023-12-31 10:34:00
185,年假,2024-05-15,2024-05-17,3,已批准,3,2024-05-03 10:48:00
186,婚假,2023-04-07,2023-04-16,10,已批准,6,2023-03-31 10:48:00
186,病假,2023-04-18,2023-04-18,0.5,已批准,6,2023-04-07 10:11:00
186,病假,2024-01-22,2024-01-22,0.5,已批准,6,2024-01-15 10:39:00
186,年假,2025-10-23,2025-10-24,2,已批准,6,2025-10-11 10:52:00
186,调休,2026-06-19,2026-06-19,1,已批准,6,2026-06-13 10:17:00
187,事假,2024-02-02,2024-02-02,0.5,已批准,3,2024-01-23 10:25:00
187,年假,2024-09-26,2024-09-27,2,已批准,3,2024-09-25 10:16:00
188,事假,2023-12-15,2023-12-15,1,已批准,8,2023-12-10 10:44:00
188,年假,2024-08-12,2024-08-14,3,已批准,8,2024-08-06 10:43:00
188,调休,2024-11-25,2024-11-25,1,已批准,8,2024-11-22 10:23:00
188,年假,2026-03-12,2026-03-14,3,已拒绝,8,2026-02-28 10:30:00
189,病假,2023-04-11,2023-04-11,1,已批准,3,2023-04-09 10:28:00
189,年假,2024-03-27,2024-03-28,2,已批准,3,2024-03-21 10:23:00
190,年假,2023-11-01,2023-11-02,2,已批准,2,2023-10-19 10:24:00
190,调休,2023-01-09,2023-01-09,0.5,已批准,2,2023-01-04 10:31:00
190,病假,2023-09-28,2023-09-29,2,已批准,2,2023-09-20 10:32:00
190,年假,2023-01-27,2023-01-27,1,已批准,2,2023-01-19 10:36:00
190,年假,2024-06-20,2024-06-21,2,已批准,2,2024-06-15 10:25:00
190,年假,2024-01-18,2024-01-20,3,已批准,2,2024-01-10 10:48:00
190,年假,2024-05-28,2024-05-30,3,已批准,2,2024-05-22 10:44:00
190,事假,2024-04-15,2024-04-16,2,已批准,2,2024-04-04 10:31:00
190,年假,2025-11-28,2025-11-28,0.5,已批准,2,2025-11-26 10:10:00
190,病假,2025-05-20,2025-05-20,0.5,已批准,2,2025-05-13 10:55:00
190,事假,2025-06-24,2025-06-25,2,已批准,2,2025-06-12 10:55:00
190,年假,2026-01-21,2026-01-21,0.5,已批准,2,2026-01-16 10:16:00
190,年假,2026-07-09,2026-07-11,3,已批准,2,2026-07-01 10:26:00
191,年假,2023-08-03,2023-08-04,2,已批准,10,2023-07-28 10:27:00
191,病假,2023-12-20,2023-12-20,1,已批准,10,2023-12-06 10:28:00
191,事假,2023-04-24,2023-04-25,2,已批准,10,2023-04-12 10:36:00
191,病假,2023-05-16,2023-05-18,3,已拒绝,10,2023-05-10 10:11:00
191,年假,2024-07-04,2024-07-04,1,已批准,10,2024-06-23 10:40:00
191,年假,2026-03-06,2026-03-07,2,已批准,10,2026-03-04 10:55:00
193,病假,2023-07-25,2023-07-26,2,已批准,8,2023-07-14 10:37:00
193,病假,2024-05-03,2024-05-05,3,已拒绝,8,2024-04-25 10:10:00
193,病假,2024-10-14,2024-10-14,0.5,已拒绝,8,2024-10-04 10:38:00
193,病假,2024-08-05,2024-08-05,0.5,已批准,8,2024-07-26 10:25:00
193,病假,2025-04-21,2025-04-21,0.5,已批准,8,2025-04-11 10:33:00
194,病假,2023-09-15,2023-09-15,0.5,已批准,3,2023-09-01 10:24:00
194,病假,2023-07-19,2023-07-21,3,已批准,3,2023-07-08 10:43:00
194,病假,2023-10-06,2023-10-06,1,已拒绝,3,2023-10-05 10:36:00
194,调休,2024-04-26,2024-04-26,1,已批准,3,2024-04-24 10:45:00
195,年假,2024-11-07,2024-11-08,2,已批准,2,2024-11-03 10:29:00
195,病假,2024-12-06,2024-12-07,2,已拒绝,2,2024-11-26 10:10:00
195,调休,2025-11-26,2025-11-26,1,已批准,2,2025-11-17 10:10:00
195,产假,2026-01-27,2026-05-04,98,已批准,2,2026-01-22 10:48:00
195,年假,2026-04-24,2026-04-24,1,已批准,2,2026-04-23 10:30:00
195,调休,2026-02-23,2026-02-23,1,已批准,2,2026-02-10 10:21:00
197,事假,2023-09-21,2023-09-21,0.5,已拒绝,6,2023-09-11 10:14:00
197,事假,2023-05-19,2023-05-20,2,已批准,6,2023-05-06 10:22:00
197,调休,2023-01-23,2023-01-23,1,已批准,6,2023-01-22 10:42:00
197,年假,2023-10-03,2023-10-04,2,已批准,6,2023-09-22 10:20:00
197,调休,2024-03-13,2024-03-13,0.5,已批准,6,2024-03-01 10:30:00
197,年假,2025-05-22,2025-05-22,1,已批准,6,2025-05-17 10:42:00
197,年假,2025-03-18,2025-03-18,0.5,已批准,6,2025-03-13 10:47:00
197,病假,2026-01-14,2026-01-15,2,已批准,6,2026-01-08 10:32:00
197,年假,2026-02-04,2026-02-04,0.5,已批准,6,2026-01-24 10:23:00
199,病假,2023-05-22,2023-05-22,1,已批准,7,2023-05-18 10:17:00
199,年假,2024-01-17,2024-01-17,0.5,已批准,7,2024-01-05 10:22:00
200,调休,2023-12-28,2023-12-28,1,已批准,9,2023-12-15 10:52:00
200,年假,2023-05-17,2023-05-17,0.5,已批准,9,2023-05-13 10:32:00
200,调休,2024-06-20,2024-06-20,1,已批准,9,2024-06-09 10:27:00
200,年假,2025-02-21,2025-02-21,1,已批准,9,2025-02-09 10:23:00
200,年假,2025-09-12,2025-09-12,1,已批准,9,2025-09-06 10:27:00
200,年假,2025-06-02,2025-06-02,1,已批准,9,2025-05-28 10:50:00
200,调休,2026-07-15,2026-07-16,2,已批准,9,2026-07-06 10:27:00
201,事假,2023-07-28,2023-07-28,0.5,已批准,6,2023-07-25 10:33:00
201,年假,2024-10-07,2024-10-07,1,已批准,6,2024-09-23 10:11:00
201,病假,2024-05-28,2024-05-30,3,已批准,6,2024-05-19 10:42:00
202,年假,2025-04-14,2025-04-15,2,已批准,10,2025-04-04 10:30:00
202,年假,2025-04-23,2025-04-23,1,已批准,10,2025-04-17 10:50:00
202,年假,2025-06-26,2025-06-30,5,已批准,10,2025-06-21 10:23:00
202,年假,2025-12-18,2025-12-22,5,已批准,10,2025-12-11 10:26:00
203,年假,2025-08-04,2025-08-05,2,已批准,2,2025-07-30 10:10:00
203,年假,2026-02-02,2026-02-06,5,已批准,2,2026-01-31 10:17:00
203,年假,2026-01-01,2026-01-01,0.5,已批准,2,2025-12-30 10:46:00
205,年假,2023-08-17,2023-08-21,5,已拒绝,2,2023-08-05 10:48:00
205,产假,2023-03-16,2023-06-21,98,已批准,2,2023-03-05 10:35:00
205,病假,2024-11-14,2024-11-14,0.5,已批准,2,2024-11-05 10:31:00
206,年假,2023-02-13,2023-02-14,2,已批准,2,2023-02-08 10:35:00
206,年假,2024-11-14,2024-11-15,2,已批准,2,2024-11-02 10:40:00
206,病假,2024-05-24,2024-05-24,1,已批准,2,2024-05-23 10:47:00
206,病假,2024-03-08,2024-03-09,2,已批准,2,2024-02-25 10:30:00
206,病假,2025-07-15,2025-07-15,1,已批准,2,2025-07-03 10:47:00
207,病假,2023-03-10,2023-03-10,1,已批准,9,2023-02-28 10:11:00
207,调休,2026-01-23,2026-01-23,0.5,已拒绝,9,2026-01-14 10:43:00
207,调休,2026-03-10,2026-03-10,0.5,已批准,9,2026-03-09 10:46:00
208,年假,2023-08-02,2023-08-03,2,已批准,8,2023-07-20 10:34:00
208,事假,2023-10-18,2023-10-18,1,已批准,8,2023-10-04 10:45:00
208,年假,2023-07-13,2023-07-13,0.5,已批准,8,2023-07-03 10:37:00
208,年假,2023-08-18,2023-08-19,2,已批准,8,2023-08-15 10:35:00
208,年假,2024-08-28,2024-09-01,5,已批准,8,2024-08-14 10:16:00
208,病假,2025-06-12,2025-06-12,1,已批准,8,2025-06-08 10:54:00
208,年假,2025-10-03,2025-10-04,2,已批准,8,2025-09-29 10:39:00
208,年假,2025-06-05,2025-06-09,5,已批准,8,2025-06-02 10:19:00
208,病假,2026-05-28,2026-05-29,2,已批准,8,2026-05-20 10:34:00
209,事假,2025-12-09,2025-12-09,1,已批准,3,2025-12-04 10:49:00
209,年假,2025-09-05,2025-09-06,2,已批准,3,2025-08-26 10:37:00
210,年假,2023-05-25,2023-05-25,1,已批准,7,2023-05-20 10:21:00
210,年假,2023-10-12,2023-10-16,5,已批准,7,2023-10-09 10:35:00
210,事假,2023-07-19,2023-07-19,1,已批准,7,2023-07-10 10:25:00
210,年假,2023-08-24,2023-08-25,2,已批准,7,2023-08-22 10:14:00
210,年假,2024-09-18,2024-09-18,1,已批准,7,2024-09-11 10:36:00
210,病假,2025-05-15,2025-05-17,3,已批准,7,2025-05-07 10:14:00
211,年假,2023-05-02,2023-05-06,5,已批准,5,2023-04-20 10:52:00
211,病假,2024-05-14,2024-05-14,1,已批准,5,2024-05-12 10:45:00
211,年假,2024-04-25,2024-04-26,2,已批准,5,2024-04-13 10:26:00
211,调休,2024-03-27,2024-03-28,2,已批准,5,2024-03-20 10:21:00
211,调休,2026-02-13,2026-02-13,0.5,已批准,5,2026-02-06 10:15:00
212,事假,2023-11-03,2023-11-03,1,已批准,3,2023-10-23 10:27:00
212,年假,2023-11-10,2023-11-12,3,已批准,3,2023-11-06 10:46:00
212,年假,2023-09-14,2023-09-14,0.5,已批准,3,2023-09-07 10:52:00
212,病假,2023-08-01,2023-08-03,3,已批准,3,2023-07-30 10:55:00
212,病假,2024-11-08,2024-11-09,2,已批准,3,2024-11-01 10:12:00
212,调休,2024-06-06,2024-06-06,0.5,已批准,3,2024-05-26 10:53:00
212,年假,2025-06-02,2025-06-02,1,已批准,3,2025-05-29 10:42:00
212,年假,2025-09-24,2025-09-24,1,已批准,3,2025-09-13 10:31:00
213,调休,2023-03-22,2023-03-22,1,已批准,7,2023-03-16 10:30:00
213,病假,2023-03-16,2023-03-16,1,已批准,7,2023-03-15 10:54:00
213,事假,2023-08-04,2023-08-04,0.5,已批准,7,2023-07-29 10:50:00
213,病假,2024-03-07,2024-03-07,1,已批准,7,2024-03-06 10:23:00
213,调休,2024-10-02,2024-10-02,0.5,已批准,7,2024-09-23 10:10:00
213,调休,2024-02-28,2024-02-29,2,已批准,7,2024-02-26 10:32:00
213,病假,2024-10-04,2024-10-04,1,已批准,7,2024-09-21 10:30:00
213,年假,2025-04-15,2025-04-19,5,已批准,7,2025-04-04 10:51:00
213,婚假,2025-01-17,2025-01-21,5,已批准,7,2025-01-04 10:49:00
213,病假,2026-07-01,2026-07-01,1,已批准,7,2026-06-17 10:28:00
214,病假,2023-04-25,2023-04-25,1,已拒绝,2,2023-04-13 10:31:00
214,年假,2023-06-12,2023-06-12,0.5,已批准,2,2023-06-01 10:20:00
214,病假,2023-02-07,2023-02-08,2,已批准,2,2023-01-28 10:51:00
214,年假,2024-09-09,2024-09-13,5,已批准,2,2024-09-07 10:23:00
214,产假,2024-04-02,2024-07-08,98,已批准,2,2024-03-29 10:35:00
214,调休,2025-11-20,2025-11-20,1,已批准,2,2025-11-10 10:54:00
214,年假,2025-01-28,2025-01-28,1,已批准,2,2025-01-16 10:34:00
215,病假,2023-08-24,2023-08-24,1,已批准,6,2023-08-16 10:41:00
215,病假,2025-06-06,2025-06-06,0.5,已批准,6,2025-05-27 10:39:00
216,婚假,2023-08-25,2023-08-29,5,已批准,3,2023-08-23 10:21:00
216,年假,2024-11-07,2024-11-07,0.5,已批准,3,2024-10-31 10:13:00
216,事假,2025-02-06,2025-02-07,2,已批准,3,2025-01-23 10:14:00
216,调休,2025-07-02,2025-07-03,2,已批准,3,2025-06-19 10:21:00
216,病假,2025-11-06,2025-11-06,0.5,已批准,3,2025-11-04 10:19:00
216,病假,2026-03-11,2026-03-11,1,已批准,3,2026-03-06 10:19:00
216,事假,2026-04-21,2026-04-21,0.5,已批准,3,2026-04-18 10:54:00
217,年假,2023-12-13,2023-12-13,1,已批准,5,2023-12-01 10:54:00
217,年假,2024-07-01,2024-07-05,5,已批准,5,2024-06-25 10:37:00
217,年假,2025-06-10,2025-06-12,3,已批准,5,2025-06-07 10:43:00
217,病假,2025-05-27,2025-05-27,0.5,已批准,5,2025-05-24 10:48:00
217,病假,2026-07-15,2026-07-15,1,已批准,5,2026-07-13 10:49:00
218,年假,2023-04-21,2023-04-21,1,已批准,7,2023-04-20 10:35:00
218,病假,2023-05-22,2023-05-23,2,已批准,7,2023-05-09 10:21:00
218,年假,2025-04-23,2025-04-23,0.5,已批准,7,2025-04-15 10:45:00
218,病假,2025-02-10,2025-02-11,2,已批准,7,2025-01-31 10:41:00
218,年假,2025-02-11,2025-02-12,2,已批准,7,2025-02-08 10:36:00
218,事假,2025-10-07,2025-10-08,2,已批准,7,2025-10-01 10:52:00
219,产假,2023-06-07,2023-09-12,98,已批准,6,2023-06-06 10:16:00
219,产假,2023-06-13,2023-11-17,158,已批准,6,2023-06-08 10:14:00
219,年假,2024-03-07,2024-03-07,0.5,已批准,6,2024-03-04 10:21:00
219,调休,2024-05-06,2024-05-07,2,已批准,6,2024-05-03 10:17:00
220,年假,2023-05-03,2023-05-07,5,已批准,5,2023-05-02 10:39:00
220,婚假,2023-09-21,2023-09-23,3,已批准,5,2023-09-11 10:31:00
220,调休,2023-09-15,2023-09-15,1,已批准,5,2023-09-06 10:18:00
220,陪产假,2024-04-24,2024-05-08,15,已批准,5,2024-04-13 10:54:00
220,年假,2024-03-25,2024-03-27,3,已批准,5,2024-03-17 10:55:00
220,婚假,2026-02-02,2026-02-04,3,已批准,5,2026-01-29 10:49:00
221,年假,2024-06-20,2024-06-21,2,已批准,3,2024-06-19 10:50:00
221,年假,2024-05-10,2024-05-11,2,已批准,3,2024-04-29 10:12:00
221,事假,2025-09-22,2025-09-22,1,已批准,3,2025-09-11 10:25:00
221,事假,2025-07-15,2025-07-15,0.5,已批准,3,2025-07-14 10:28:00
221,调休,2025-07-03,2025-07-03,1,已批准,3,2025-06-26 10:27:00
221,年假,2026-05-20,2026-05-24,5,已批准,3,2026-05-07 10:25:00
222,病假,2023-03-28,2023-03-30,3,已拒绝,7,2023-03-22 10:10:00
222,调休,2023-01-10,2023-01-10,0.5,已批准,7,2023-01-03 10:54:00
222,病假,2023-06-28,2023-06-28,1,已批准,7,2023-06-20 10:42:00
222,事假,2023-04-06,2023-04-07,2,已批准,7,2023-03-30 10:39:00
223,年假,2023-02-14,2023-02-14,1,已批准,2,2023-02-07 10:48:00
224,调休,2025-10-17,2025-10-17,1,已批准,2,2025-10-15 10:53:00
224,调休,2025-01-16,2025-01-16,0.5,已批准,2,2025-01-08 10:55:00
225,病假,2023-03-03,2023-03-04,2,已批准,8,2023-03-01 10:43:00
225,事假,2023-03-10,2023-03-10,0.5,已批准,8,2023-02-27 10:53:00
225,事假,2025-03-25,2025-03-25,1,已批准,8,2025-03-19 10:48:00
225,年假,2025-02-19,2025-02-20,2,已批准,8,2025-02-05 10:27:00
225,年假,2025-01-24,2025-01-26,3,已批准,8,2025-01-12 10:52:00
225,陪产假,2026-03-04,2026-03-18,15,已批准,8,2026-02-22 10:33:00
226,年假,2024-07-12,2024-07-14,3,已批准,3,2024-07-11 10:18:00
226,病假,2025-04-22,2025-04-24,3,已批准,3,2025-04-13 10:52:00
226,产假,2026-04-22,2026-07-28,98,已批准,3,2026-04-19 10:13:00
227,事假,2023-10-20,2023-10-20,0.5,已批准,2,2023-10-14 10:11:00
227,病假,2023-09-25,2023-09-25,1,已批准,2,2023-09-19 10:48:00
227,事假,2023-04-12,2023-04-13,2,已批准,2,2023-04-03 10:43:00
228,婚假,2023-12-21,2023-12-23,3,已批准,3,2023-12-19 10:37:00
228,病假,2023-10-17,2023-10-17,1,已批准,3,2023-10-13 10:49:00
228,年假,2023-04-12,2023-04-12,1,已拒绝,3,2023-04-04 10:21:00
228,年假,2025-04-15,2025-04-15,1,已批准,3,2025-04-02 10:54:00
228,事假,2026-06-02,2026-06-02,1,已批准,3,2026-05-19 10:26:00
230,陪产假,2023-02-03,2023-02-17,15,已批准,3,2023-01-25 10:33:00
230,病假,2025-07-21,2025-07-21,1,已批准,3,2025-07-16 10:10:00
230,陪产假,2025-03-24,2025-04-07,15,已批准,3,2025-03-12 10:34:00
230,调休,2026-03-12,2026-03-12,0.5,已批准,3,2026-03-01 10:33:00
231,调休,2025-05-09,2025-05-10,2,已批准,4,2025-05-05 10:16:00
232,病假,2023-05-09,2023-05-10,2,已批准,3,2023-05-08 10:24:00
232,调休,2023-01-20,2023-01-20,0.5,已批准,3,2023-01-15 10:26:00
232,年假,2023-06-23,2023-06-24,2,已批准,3,2023-06-21 10:29:00
232,调休,2023-09-28,2023-09-29,2,已拒绝,3,2023-09-17 10:29:00
232,调休,2024-03-08,2024-03-08,0.5,已批准,3,2024-03-02 10:20:00
232,年假,2024-06-21,2024-06-22,2,已批准,3,2024-06-09 10:19:00
232,年假,2024-11-28,2024-11-29,2,已批准,3,2024-11-20 10:28:00
232,事假,2025-11-05,2025-11-05,0.5,已批准,3,2025-10-24 10:12:00
232,调休,2025-06-18,2025-06-19,2,已批准,3,2025-06-07 10:16:00
233,病假,2023-10-18,2023-10-18,1,已批准,7,2023-10-11 10:39:00
233,产假,2023-03-27,2023-08-31,158,已批准,7,2023-03-18 10:17:00
233,事假,2023-09-05,2023-09-06,2,已批准,7,2023-09-02 10:25:00
234,年假,2023-03-07,2023-03-07,1,已拒绝,2,2023-02-28 10:23:00
234,调休,2023-06-22,2023-06-23,2,已拒绝,2,2023-06-12 10:41:00
234,年假,2024-09-24,2024-09-24,1,已批准,2,2024-09-17 10:14:00
234,病假,2024-10-03,2024-10-03,1,已批准,2,2024-09-23 10:42:00
234,年假,2025-05-21,2025-05-21,1,已批准,2,2025-05-09 10:51:00
234,年假,2025-09-17,2025-09-18,2,已批准,2,2025-09-13 10:14:00
236,调休,2023-09-27,2023-09-27,0.5,已拒绝,2,2023-09-23 10:29:00
236,年假,2024-07-18,2024-07-19,2,已批准,2,2024-07-11 10:45:00
236,调休,2025-10-13,2025-10-13,1,已批准,2,2025-10-05 10:17:00
236,年假,2026-05-25,2026-05-27,3,已批准,2,2026-05-13 10:28:00
237,调休,2023-05-22,2023-05-22,1,已批准,6,2023-05-19 10:23:00
237,年假,2024-08-02,2024-08-06,5,已批准,6,2024-07-29 10:36:00
237,病假,2024-12-06,2024-12-06,1,已批准,6,2024-11-30 10:12:00
237,年假,2025-07-17,2025-07-17,0.5,已批准,6,2025-07-04 10:39:00
237,年假,2026-07-28,2026-07-28,1,已批准,6,2026-07-25 10:32:00
237,病假,2026-07-14,2026-07-14,0.5,已批准,6,2026-07-13 10:11:00
239,调休,2023-01-20,2023-01-20,1,已批准,2,2023-01-18 10:27:00
239,调休,2024-06-17,2024-06-17,0.5,已批准,2,2024-06-07 10:23:00
239,年假,2025-10-06,2025-10-06,0.5,已拒绝,2,2025-09-24 10:39:00
239,年假,2025-05-09,2025-05-09,1,已批准,2,2025-05-05 10:18:00
239,事假,2025-06-27,2025-06-27,1,已批准,2,2025-06-17 10:20:00
239,年假,2026-01-02,2026-01-03,2,已批准,2,2025-12-29 10:22:00
240,事假,2025-11-06,2025-11-06,1,已批准,4,2025-10-24 10:54:00
242,年假,2025-09-15,2025-09-15,0.5,已批准,5,2025-09-11 10:26:00
243,调休,2025-03-19,2025-03-19,1,已批准,4,2025-03-11 10:10:00
243,年假,2026-08-10,2026-08-10,1,已批准,4,2026-08-06 10:20:00
245,年假,2023-04-20,2023-04-22,3,已批准,2,2023-04-08 10:35:00
245,调休,2023-07-21,2023-07-21,1,已批准,2,2023-07-20 10:40:00
245,年假,2024-02-02,2024-02-02,1,已批准,2,2024-01-24 10:17:00
245,事假,2024-05-22,2024-05-22,1,已批准,2,2024-05-09 10:27:00
245,调休,2024-11-12,2024-11-12,1,已批准,2,2024-11-01 10:50:00
245,调休,2025-08-27,2025-08-27,1,已批准,2,2025-08-22 10:35:00
245,病假,2025-09-19,2025-09-19,0.5,已批准,2,2025-09-16 10:32:00
245,年假,2026-07-08,2026-07-08,1,已批准,2,2026-06-26 10:26:00
245,调休,2026-02-25,2026-02-25,0.5,已批准,2,2026-02-22 10:55:00
246,事假,2023-01-27,2023-01-27,1,已拒绝,8,2023-01-13 10:12:00
247,年假,2023-05-25,2023-05-25,1,已拒绝,2,2023-05-17 10:35:00
248,年假,2023-10-25,2023-10-25,0.5,已批准,2,2023-10-21 10:10:00
248,调休,2024-04-09,2024-04-09,0.5,已批准,2,2024-03-31 10:28:00
248,年假,2025-04-10,2025-04-11,2,已批准,2,2025-04-01 10:45:00
248,病假,2025-05-15,2025-05-16,2,已批准,2,2025-05-05 10:21:00
248,病假,2025-02-21,2025-02-22,2,已拒绝,2,2025-02-18 10:49:00
250,病假,2023-05-10,2023-05-10,1,已批准,7,2023-05-09 10:33:00
250,病假,2023-09-06,2023-09-08,3,已批准,7,2023-08-23 10:45:00
250,年假,2024-01-22,2024-01-23,2,已批准,7,2024-01-09 10:35:00
250,事假,2024-07-18,2024-07-19,2,已拒绝,7,2024-07-07 10:11:00
250,病假,2024-01-03,2024-01-05,3,已批准,7,2023-12-31 10:37:00
250,调休,2025-05-02,2025-05-02,1,已批准,7,2025-04-18 10:22:00
251,年假,2023-12-01,2023-12-03,3,已批准,8,2023-11-21 10:11:00
251,年假,2024-04-04,2024-04-04,1,已批准,8,2024-04-03 10:16:00
251,年假,2024-03-21,2024-03-21,0.5,已批准,8,2024-03-20 10:46:00
252,年假,2023-01-20,2023-01-20,0.5,已批准,4,2023-01-13 10:21:00
252,年假,2023-03-16,2023-03-20,5,已批准,4,2023-03-09 10:25:00
252,年假,2023-04-14,2023-04-14,1,已批准,4,2023-04-04 10:47:00
252,年假,2026-08-28,2026-08-29,2,已批准,4,2026-08-27 10:39:00
253,产假,2025-06-03,2025-11-07,158,已批准,3,2025-05-28 10:28:00
253,病假,2026-07-03,2026-07-03,1,已批准,3,2026-07-02 10:16:00
253,年假,2026-07-20,2026-07-21,2,已批准,3,2026-07-19 10:25:00
254,事假,2023-01-25,2023-01-26,2,已批准,9,2023-01-18 10:15:00
255,调休,2023-10-19,2023-10-19,1,已拒绝,3,2023-10-08 10:50:00
255,年假,2024-11-18,2024-11-18,0.5,已批准,3,2024-11-05 10:55:00
255,调休,2024-09-11,2024-09-11,0.5,已拒绝,3,2024-09-08 10:33:00
255,调休,2025-08-20,2025-08-20,1,已拒绝,3,2025-08-06 10:16:00
256,年假,2023-10-17,2023-10-17,0.5,已批准,3,2023-10-05 10:39:00
256,年假,2024-06-14,2024-06-14,1,已批准,3,2024-06-10 10:29:00
256,调休,2026-08-10,2026-08-11,2,已批准,3,2026-07-30 10:38:00
257,年假,2024-06-24,2024-06-24,0.5,已拒绝,3,2024-06-15 10:51:00
257,婚假,2024-09-06,2024-09-10,5,已批准,3,2024-09-02 10:12:00
257,年假,2024-09-03,2024-09-05,3,已批准,3,2024-08-30 10:42:00
257,年假,2024-04-12,2024-04-12,1,已拒绝,3,2024-04-04 10:33:00
258,调休,2024-01-05,2024-01-05,1,已批准,2,2023-12-25 10:15:00
258,年假,2024-06-20,2024-06-20,0.5,已批准,2,2024-06-09 10:20:00
258,病假,2024-04-16,2024-04-16,1,已批准,2,2024-04-06 10:30:00
260,年假,2023-03-24,2023-03-26,3,已批准,2,2023-03-16 10:36:00
260,年假,2023-05-12,2023-05-12,1,已批准,2,2023-04-28 10:45:00
260,年假,2023-09-14,2023-09-14,0.5,已批准,2,2023-09-07 10:41:00
260,病假,2024-10-28,2024-10-28,1,已批准,2,2024-10-18 10:45:00
260,年假,2024-08-16,2024-08-16,0.5,已批准,2,2024-08-03 10:55:00
260,事假,2025-05-14,2025-05-14,0.5,已批准,2,2025-05-03 10:17:00
261,婚假,2023-02-09,2023-02-18,10,已批准,4,2023-02-07 10:51:00
261,病假,2023-05-04,2023-05-06,3,已批准,4,2023-04-28 10:41:00
261,年假,2024-09-13,2024-09-13,0.5,已批准,4,2024-09-03 10:52:00
261,病假,2025-11-19,2025-11-20,2,已批准,4,2025-11-08 10:37:00
261,产假,2025-12-05,2026-04-11,128,已批准,4,2025-11-27 10:16:00
261,年假,2025-12-19,2025-12-20,2,已批准,4,2025-12-10 10:52:00
261,病假,2026-06-03,2026-06-03,1,已批准,4,2026-05-29 10:36:00
261,产假,2026-05-21,2026-09-25,128,已批准,4,2026-05-17 10:54:00
262,病假,2023-09-20,2023-09-20,0.5,已批准,3,2023-09-10 10:49:00
262,病假,2023-01-10,2023-01-11,2,已批准,3,2022-12-29 10:27:00
262,病假,2023-02-08,2023-02-08,1,已批准,3,2023-01-28 10:28:00
262,事假,2023-12-12,2023-12-13,2,已批准,3,2023-12-02 10:22:00
262,病假,2024-07-25,2024-07-27,3,已批准,3,2024-07-12 10:50:00
262,调休,2025-06-11,2025-06-11,1,已批准,3,2025-05-28 10:21:00
262,年假,2025-05-13,2025-05-15,3,已批准,3,2025-04-30 10:55:00
262,年假,2025-08-27,2025-08-28,2,已批准,3,2025-08-13 10:17:00
262,调休,2026-04-02,2026-04-02,0.5,已批准,3,2026-03-29 10:20:00
262,调休,2026-03-11,2026-03-11,1,已批准,3,2026-02-27 10:36:00
263,事假,2023-01-10,2023-01-10,0.5,已批准,3,2022-12-28 10:26:00
263,年假,2023-10-25,2023-10-29,5,已批准,3,2023-10-11 10:37:00
264,事假,2023-06-16,2023-06-17,2,已批准,6,2023-06-06 10:53:00
264,年假,2023-08-16,2023-08-17,2,已批准,6,2023-08-15 10:39:00
264,年假,2023-11-01,2023-11-01,0.5,已批准,6,2023-10-26 10:51:00
264,事假,2023-04-06,2023-04-06,1,已批准,6,2023-04-01 10:47:00
264,年假,2024-06-21,2024-06-25,5,已拒绝,6,2024-06-15 10:37:00
264,事假,2025-08-26,2025-08-26,0.5,已批准,6,2025-08-24 10:55:00
264,调休,2026-07-01,2026-07-01,1,已批准,6,2026-06-18 10:32:00
265,年假,2023-11-24,2023-11-24,0.5,已批准,3,2023-11-15 10:23:00
265,调休,2024-04-11,2024-04-11,1,已批准,3,2024-04-10 10:39:00
265,事假,2024-12-24,2024-12-24,1,已批准,3,2024-12-15 10:22:00
266,年假,2023-07-10,2023-07-10,1,已批准,10,2023-07-06 10:28:00
266,产假,2023-11-21,2024-04-26,158,已批准,10,2023-11-10 10:26:00
266,婚假,2023-01-24,2023-02-02,10,已批准,10,2023-01-22 10:16:00
266,病假,2023-05-09,2023-05-09,1,已批准,10,2023-04-25 10:15:00
266,年假,2025-03-28,2025-03-29,2,已批准,10,2025-03-17 10:40:00
266,产假,2026-01-22,2026-04-29,98,已批准,10,2026-01-10 10:45:00
267,事假,2023-09-07,2023-09-07,1,已批准,8,2023-08-25 10:17:00
267,年假,2023-12-21,2023-12-22,2,已批准,8,2023-12-17 10:24:00
267,事假,2023-12-19,2023-12-20,2,已批准,8,2023-12-06 10:25:00
267,病假,2024-04-17,2024-04-17,1,已批准,8,2024-04-10 10:23:00
267,年假,2025-01-24,2025-01-25,2,已批准,8,2025-01-12 10:17:00
267,病假,2026-07-01,2026-07-03,3,已批准,8,2026-06-20 10:29:00
268,调休,2023-03-16,2023-03-16,1,已拒绝,8,2023-03-10 10:21:00
268,调休,2024-01-19,2024-01-19,1,已批准,8,2024-01-09 10:39:00
268,产假,2024-10-23,2025-03-29,158,已批准,8,2024-10-17 10:42:00
269,调休,2023-06-06,2023-06-06,1,已批准,5,2023-05-31 10:27:00
269,病假,2023-06-28,2023-06-29,2,已批准,5,2023-06-27 10:43:00
270,年假,2023-09-21,2023-09-23,3,已批准,6,2023-09-20 10:44:00
270,事假,2023-08-04,2023-08-05,2,已批准,6,2023-08-02 10:47:00
270,调休,2023-01-19,2023-01-20,2,已批准,6,2023-01-16 10:34:00
270,病假,2023-06-08,2023-06-09,2,已批准,6,2023-05-25 10:53:00
270,年假,2024-08-01,2024-08-01,1,已批准,6,2024-07-25 10:32:00
271,病假,2023-12-08,2023-12-08,1,已拒绝,3,2023-12-01 10:40:00
271,病假,2024-10-10,2024-10-10,0.5,已批准,3,2024-10-08 10:46:00
271,病假,2025-11-17,2025-11-17,1,已拒绝,3,2025-11-15 10:49:00
271,年假,2025-06-20,2025-06-24,5,已批准,3,2025-06-12 10:42:00
271,年假,2025-05-13,2025-05-15,3,已批准,3,2025-05-04 10:49:00
271,年假,2026-01-15,2026-01-15,1,已批准,3,2026-01-14 10:40:00
272,年假,2023-10-24,2023-10-24,0.5,已批准,2,2023-10-14 10:47:00
272,年假,2023-12-01,2023-12-01,1,已批准,2,2023-11-25 10:44:00
272,年假,2024-02-06,2024-02-06,1,已批准,2,2024-01-28 10:38:00
272,年假,2025-08-06,2025-08-07,2,已拒绝,2,2025-07-24 10:35:00
272,调休,2025-11-10,2025-11-10,0.5,已批准,2,2025-10-27 10:42:00
272,年假,2026-02-06,2026-02-10,5,已批准,2,2026-02-01 10:40:00
273,病假,2023-09-01,2023-09-02,2,已批准,6,2023-08-29 10:36:00
273,事假,2023-09-27,2023-09-27,0.5,已批准,6,2023-09-19 10:46:00
273,年假,2023-08-15,2023-08-15,0.5,已拒绝,6,2023-08-06 10:32:00
273,年假,2025-06-04,2025-06-06,3,已拒绝,6,2025-05-21 10:39:00
273,年假,2025-09-08,2025-09-10,3,已批准,6,2025-09-05 10:34:00
273,事假,2026-04-03,2026-04-03,0.5,已批准,6,2026-04-01 10:27:00
273,调休,2026-06-01,2026-06-01,0.5,已批准,6,2026-05-23 10:42:00
273,年假,2026-07-15,2026-07-15,1,已批准,6,2026-07-08 10:19:00
273,年假,2026-05-25,2026-05-25,0.5,已批准,6,2026-05-24 10:28:00
275,事假,2023-03-08,2023-03-08,0.5,已批准,10,2023-03-01 10:40:00
275,病假,2023-12-11,2023-12-12,2,已批准,10,2023-12-02 10:37:00
275,年假,2023-12-26,2023-12-30,5,已批准,10,2023-12-20 10:27:00
275,年假,2024-05-13,2024-05-17,5,已拒绝,10,2024-05-01 10:53:00
275,年假,2024-05-16,2024-05-20,5,已批准,10,2024-05-11 10:13:00
275,年假,2024-11-01,2024-11-01,0.5,已批准,10,2024-10-19 10:25:00
275,事假,2026-02-11,2026-02-11,1,已批准,10,2026-02-08 10:36:00
275,年假,2026-07-10,2026-07-12,3,已批准,10,2026-07-08 10:37:00
278,病假,2023-04-27,2023-04-27,1,已批准,9,2023-04-16 10:47:00
278,病假,2024-11-13,2024-11-13,0.5,已拒绝,9,2024-10-31 10:12:00
278,年假,2025-04-11,2025-04-12,2,已批准,9,2025-04-06 10:26:00
278,病假,2026-05-13,2026-05-13,1,已批准,9,2026-04-30 10:30:00
279,事假,2023-08-01,2023-08-01,1,已批准,6,2023-07-29 10:47:00
279,年假,2026-06-25,2026-06-25,1,已批准,6,2026-06-16 10:51:00
280,病假,2023-09-01,2023-09-03,3,已批准,8,2023-08-29 10:50:00
280,年假,2024-09-25,2024-09-25,1,已批准,8,2024-09-14 10:53:00
280,年假,2025-10-27,2025-10-31,5,已批准,8,2025-10-19 10:35:00
280,事假,2025-11-03,2025-11-04,2,已批准,8,2025-10-29 10:21:00
280,年假,2025-08-20,2025-08-20,1,已批准,8,2025-08-16 10:29:00
280,病假,2026-02-05,2026-02-05,1,已批准,8,2026-01-25 10:38:00
281,事假,2023-05-11,2023-05-11,1,已批准,10,2023-05-08 10:12:00
281,年假,2023-10-12,2023-10-12,0.5,已批准,10,2023-10-09 10:44:00
281,婚假,2023-12-05,2023-12-07,3,已批准,10,2023-11-27 10:16:00
281,病假,2024-04-23,2024-04-24,2,已批准,10,2024-04-09 10:43:00
281,年假,2025-10-01,2025-10-02,2,已批准,10,2025-09-30 10:44:00
281,年假,2025-05-27,2025-05-28,2,已批准,10,2025-05-13 10:13:00
281,病假,2025-06-26,2025-06-28,3,已批准,10,2025-06-17 10:49:00
282,病假,2024-04-26,2024-04-28,3,已批准,8,2024-04-19 10:47:00
282,病假,2024-07-15,2024-07-15,1,已批准,8,2024-07-06 10:43:00
282,事假,2026-07-20,2026-07-21,2,已批准,8,2026-07-14 10:30:00
282,产假,2026-01-19,2026-04-26,98,已批准,8,2026-01-09 10:55:00
282,病假,2026-08-10,2026-08-12,3,已拒绝,8,2026-08-02 10:13:00
283,调休,2023-06-05,2023-06-05,0.5,已批准,3,2023-05-26 10:27:00
283,年假,2023-05-11,2023-05-11,0.5,已拒绝,3,2023-04-28 10:49:00
283,事假,2025-11-28,2025-11-28,1,已批准,3,2025-11-19 10:12:00
283,调休,2026-07-14,2026-07-14,1,已批准,3,2026-07-03 10:17:00
284,病假,2024-02-12,2024-02-12,1,已批准,2,2024-02-11 10:32:00
284,年假,2024-08-08,2024-08-09,2,已批准,2,2024-08-05 10:36:00
284,年假,2025-01-03,2025-01-07,5,已批准,2,2024-12-24 10:50:00
284,病假,2025-05-09,2025-05-09,1,已批准,2,2025-04-29 10:46:00
284,调休,2026-07-08,2026-07-08,1,已批准,2,2026-07-04 10:42:00
285,病假,2023-04-06,2023-04-06,1,已批准,7,2023-03-30 10:49:00
285,病假,2023-12-25,2023-12-25,0.5,已批准,7,2023-12-23 10:12:00
285,病假,2023-05-12,2023-05-13,2,已批准,7,2023-05-09 10:48:00
285,年假,2023-03-03,2023-03-03,0.5,已批准,7,2023-02-21 10:28:00
285,调休,2025-03-14,2025-03-15,2,已批准,7,2025-03-05 10:41:00
287,病假,2023-10-06,2023-10-08,3,已批准,6,2023-09-27 10:44:00
287,调休,2025-03-04,2025-03-05,2,已批准,6,2025-02-25 10:33:00
287,调休,2025-01-27,2025-01-27,1,已批准,6,2025-01-17 10:35:00
287,事假,2026-08-19,2026-08-19,0.5,已批准,6,2026-08-12 10:26:00
287,陪产假,2026-07-20,2026-08-03,15,已批准,6,2026-07-12 10:16:00
287,年假,2026-07-15,2026-07-15,1,已批准,6,2026-07-06 10:34:00
288,年假,2024-08-14,2024-08-18,5,已批准,6,2024-08-10 10:46:00
288,事假,2025-02-28,2025-02-28,1,已批准,6,2025-02-22 10:48:00
288,陪产假,2025-03-24,2025-04-07,15,已批准,6,2025-03-22 10:34:00
288,事假,2025-02-06,2025-02-07,2,已批准,6,2025-01-30 10:36:00
288,调休,2026-08-13,2026-08-13,1,已批准,6,2026-08-03 10:20:00
289,病假,2023-10-06,2023-10-06,1,已批准,6,2023-09-29 10:38:00
289,病假,2023-09-12,2023-09-12,1,已批准,6,2023-09-06 10:48:00
289,年假,2024-04-19,2024-04-19,1,已批准,6,2024-04-08 10:54:00
289,病假,2024-06-11,2024-06-11,1,已批准,6,2024-06-10 10:35:00
291,调休,2023-02-08,2023-02-08,1,已批准,2,2023-01-25 10:21:00
291,年假,2023-04-05,2023-04-06,2,已批准,2,2023-03-23 10:37:00
291,调休,2025-03-26,2025-03-26,1,已批准,2,2025-03-23 10:55:00
291,事假,2025-12-03,2025-12-04,2,已批准,2,2025-11-30 10:12:00
291,病假,2026-08-13,2026-08-13,1,已拒绝,2,2026-08-02 10:38:00
291,年假,2026-03-10,2026-03-12,3,已批准,2,2026-03-01 10:29:00
292,年假,2023-05-17,2023-05-18,2,已批准,6,2023-05-06 10:54:00
292,事假,2026-05-26,2026-05-26,1,已批准,6,2026-05-13 10:25:00
293,事假,2023-10-05,2023-10-05,0.5,已批准,3,2023-09-30 10:16:00
293,年假,2024-11-06,2024-11-06,1,已批准,3,2024-10-24 10:54:00
293,年假,2024-09-16,2024-09-17,2,已批准,3,2024-09-08 10:10:00
293,病假,2024-09-24,2024-09-24,1,已批准,3,2024-09-10 10:44:00
293,年假,2025-05-21,2025-05-21,1,已批准,3,2025-05-14 10:39:00
293,调休,2025-02-03,2025-02-03,1,已批准,3,2025-01-31 10:10:00
293,陪产假,2026-05-05,2026-05-19,15,已批准,3,2026-04-22 10:32:00
293,年假,2026-02-26,2026-03-02,5,已批准,3,2026-02-19 10:42:00
294,病假,2023-04-25,2023-04-26,2,已批准,2,2023-04-11 10:15:00
295,调休,2023-05-23,2023-05-23,0.5,已批准,3,2023-05-12 10:39:00
295,年假,2024-05-01,2024-05-02,2,已拒绝,3,2024-04-19 10:29:00
295,年假,2024-11-05,2024-11-07,3,已批准,3,2024-10-31 10:24:00
296,年假,2023-04-13,2023-04-13,0.5,已批准,6,2023-04-12 10:39:00
296,调休,2024-04-01,2024-04-02,2,已批准,6,2024-03-28 10:21:00
297,病假,2023-04-18,2023-04-18,1,已批准,6,2023-04-15 10:39:00
297,年假,2024-11-18,2024-11-19,2,已批准,6,2024-11-17 10:28:00
297,年假,2025-07-01,2025-07-02,2,已拒绝,6,2025-06-26 10:37:00
298,病假,2024-12-24,2024-12-24,1,已批准,6,2024-12-18 10:51:00
298,年假,2024-02-12,2024-02-12,1,已批准,6,2024-02-01 10:49:00
298,调休,2024-01-10,2024-01-10,1,已批准,6,2024-01-01 10:34:00
299,事假,2023-08-17,2023-08-18,2,已批准,6,2023-08-06 10:31:00
299,产假,2025-04-15,2025-09-19,158,已批准,6,2025-04-04 10:19:00
299,事假,2026-04-09,2026-04-10,2,已批准,6,2026-03-26 10:46:00
300,病假,2024-02-07,2024-02-07,1,已批准,2,2024-01-27 10:55:00
300,年假,2024-05-10,2024-05-12,3,已批准,2,2024-05-07 10:49:00
300,病假,2025-01-03,2025-01-03,1,已批准,2,2024-12-31 10:12:00
301,调休,2023-06-20,2023-06-20,1,已批准,2,2023-06-17 10:17:00
302,调休,2024-11-11,2024-11-12,2,已批准,3,2024-11-07 10:19:00
302,年假,2024-03-08,2024-03-08,1,已拒绝,3,2024-03-03 10:20:00
302,事假,2025-10-15,2025-10-15,1,已批准,3,2025-10-05 10:21:00
303,事假,2023-07-04,2023-07-04,0.5,已批准,3,2023-06-21 10:20:00
303,调休,2024-06-18,2024-06-19,2,已拒绝,3,2024-06-16 10:13:00
303,调休,2024-03-20,2024-03-20,1,已批准,3,2024-03-09 10:14:00
303,事假,2024-07-04,2024-07-04,1,已批准,3,2024-06-26 10:15:00
303,年假,2025-12-23,2025-12-23,1,已批准,3,2025-12-14 10:44:00
303,病假,2025-11-04,2025-11-04,0.5,已批准,3,2025-11-01 10:39:00
304,事假,2023-07-21,2023-07-22,2,已批准,3,2023-07-14 10:12:00
305,事假,2024-10-16,2024-10-17,2,已批准,7,2024-10-09 10:18:00
305,年假,2025-12-02,2025-12-02,1,已批准,7,2025-11-27 10:23:00
305,年假,2026-05-15,2026-05-15,1,已拒绝,7,2026-05-06 10:42:00
306,事假,2023-08-03,2023-08-03,0.5,已批准,6,2023-07-22 10:48:00
307,年假,2026-07-20,2026-07-20,0.5,已批准,6,2026-07-15 10:41:00
308,病假,2024-05-08,2024-05-09,2,已批准,6,2024-04-30 10:39:00
308,年假,2025-06-05,2025-06-06,2,已批准,6,2025-06-01 10:21:00
308,病假,2025-07-10,2025-07-10,0.5,已拒绝,6,2025-07-04 10:49:00
308,调休,2026-08-21,2026-08-22,2,已批准,6,2026-08-13 10:22:00
309,调休,2024-12-25,2024-12-25,0.5,已批准,3,2024-12-20 10:40:00
309,调休,2024-07-22,2024-07-22,0.5,已批准,3,2024-07-14 10:20:00
309,事假,2025-03-25,2025-03-25,1,已拒绝,3,2025-03-20 10:44:00
309,年假,2025-02-11,2025-02-11,1,已批准,3,2025-02-04 10:44:00
309,年假,2025-03-13,2025-03-14,2,已批准,3,2025-03-11 10:32:00
309,年假,2025-02-12,2025-02-12,0.5,已批准,3,2025-02-06 10:23:00
310,事假,2024-12-16,2024-12-16,1,已批准,2,2024-12-04 10:49:00
310,年假,2025-12-04,2025-12-04,1,已批准,2,2025-12-02 10:48:00
311,年假,2023-07-17,2023-07-18,2,已批准,2,2023-07-10 10:26:00
311,年假,2025-12-10,2025-12-11,2,已批准,2,2025-11-29 10:21:00
311,婚假,2025-03-03,2025-03-05,3,已批准,2,2025-02-23 10:16:00
312,病假,2024-05-03,2024-05-05,3,已批准,4,2024-04-19 10:51:00
312,年假,2025-12-11,2025-12-11,0.5,已批准,4,2025-12-01 10:16:00
312,年假,2025-06-04,2025-06-05,2,已批准,4,2025-05-25 10:38:00
312,婚假,2025-11-14,2025-11-18,5,已拒绝,4,2025-11-09 10:49:00
312,年假,2025-02-19,2025-02-19,0.5,已批准,4,2025-02-14 10:12:00
312,年假,2026-05-25,2026-05-27,3,已批准,4,2026-05-18 10:39:00
313,调休,2023-07-10,2023-07-10,1,已批准,7,2023-07-03 10:49:00
313,年假,2023-07-10,2023-07-11,2,已批准,7,2023-06-30 10:14:00
313,年假,2023-08-14,2023-08-14,0.5,已批准,7,2023-08-10 10:19:00
313,年假,2025-10-21,2025-10-21,0.5,已拒绝,7,2025-10-15 10:48:00
313,年假,2025-06-19,2025-06-20,2,已批准,7,2025-06-06 10:35:00
315,病假,2023-06-16,2023-06-16,1,已批准,7,2023-06-06 10:26:00
315,年假,2024-02-22,2024-02-22,1,已批准,7,2024-02-21 10:40:00
315,事假,2024-09-23,2024-09-24,2,已批准,7,2024-09-17 10:24:00
315,年假,2024-07-08,2024-07-10,3,已批准,7,2024-07-07 10:48:00
315,病假,2024-01-25,2024-01-25,0.5,已批准,7,2024-01-13 10:33:00
315,年假,2025-10-28,2025-10-28,0.5,已批准,7,2025-10-27 10:30:00
315,事假,2025-10-22,2025-10-22,1,已批准,7,2025-10-18 10:51:00
315,年假,2025-04-17,2025-04-17,1,已批准,7,2025-04-14 10:16:00
315,病假,2026-01-28,2026-01-28,0.5,已批准,7,2026-01-19 10:18:00
316,调休,2023-10-27,2023-10-27,1,已批准,2,2023-10-20 10:26:00
316,病假,2024-02-05,2024-02-05,1,已批准,2,2024-01-28 10:51:00
316,病假,2025-12-02,2025-12-02,1,已批准,2,2025-11-24 10:12:00
316,年假,2025-10-21,2025-10-23,3,已批准,2,2025-10-15 10:40:00
316,调休,2026-03-23,2026-03-23,1,已批准,2,2026-03-20 10:12:00
317,年假,2023-06-14,2023-06-16,3,已批准,7,2023-06-10 10:22:00
317,年假,2023-06-26,2023-06-27,2,已批准,7,2023-06-24 10:12:00
317,年假,2024-12-11,2024-12-13,3,已批准,7,2024-12-09 10:31:00
317,事假,2025-04-10,2025-04-10,1,已批准,7,2025-04-03 10:44:00
317,病假,2025-05-28,2025-05-29,2,已批准,7,2025-05-25 10:26:00
317,调休,2026-07-21,2026-07-21,1,已批准,7,2026-07-14 10:52:00
319,调休,2023-09-25,2023-09-25,1,已批准,7,2023-09-22 10:50:00
319,年假,2024-04-17,2024-04-17,1,已批准,7,2024-04-16 10:34:00
319,事假,2024-07-16,2024-07-17,2,已批准,7,2024-07-11 10:10:00
319,陪产假,2024-12-03,2024-12-17,15,已批准,7,2024-11-24 10:37:00
319,病假,2025-11-14,2025-11-14,1,已批准,7,2025-11-05 10:48:00
319,年假,2026-03-26,2026-03-28,3,已批准,7,2026-03-12 10:30:00
319,年假,2026-03-13,2026-03-13,0.5,已批准,7,2026-03-03 10:16:00
320,病假,2023-09-06,2023-09-08,3,已批准,7,2023-09-01 10:22:00
320,调休,2024-11-06,2024-11-06,0.5,已批准,7,2024-10-29 10:18:00
320,年假,2024-11-25,2024-11-29,5,已批准,7,2024-11-17 10:25:00
320,调休,2026-04-07,2026-04-07,1,已批准,7,2026-03-26 10:48:00
321,调休,2024-09-18,2024-09-18,1,已批准,7,2024-09-08 10:30:00
321,事假,2024-07-02,2024-07-03,2,已批准,7,2024-06-29 10:49:00
321,调休,2025-03-25,2025-03-25,0.5,已批准,7,2025-03-20 10:19:00
321,调休,2025-12-11,2025-12-11,1,已批准,7,2025-12-01 10:34:00
322,年假,2023-05-08,2023-05-08,1,已批准,5,2023-04-26 10:34:00
322,调休,2024-01-10,2024-01-11,2,已批准,5,2024-01-04 10:46:00
322,事假,2024-02-08,2024-02-08,1,已批准,5,2024-01-30 10:44:00
323,病假,2023-10-04,2023-10-05,2,已批准,5,2023-10-01 10:11:00
323,年假,2023-05-02,2023-05-03,2,已批准,5,2023-04-19 10:46:00
323,病假,2024-04-22,2024-04-23,2,已拒绝,5,2024-04-15 10:27:00
323,调休,2024-11-18,2024-11-18,1,已批准,5,2024-11-07 10:44:00
323,病假,2025-11-17,2025-11-19,3,已批准,5,2025-11-13 10:46:00
323,事假,2025-10-02,2025-10-03,2,已批准,5,2025-09-19 10:27:00
323,年假,2026-07-01,2026-07-02,2,已批准,5,2026-06-24 10:26:00
323,调休,2026-08-25,2026-08-25,1,已批准,5,2026-08-23 10:33:00
323,年假,2026-01-23,2026-01-25,3,已批准,5,2026-01-13 10:41:00
324,调休,2023-06-21,2023-06-22,2,已拒绝,10,2023-06-13 10:51:00
324,年假,2023-04-12,2023-04-13,2,已批准,10,2023-04-11 10:54:00
324,事假,2023-08-18,2023-08-18,1,已批准,10,2023-08-13 10:44:00
324,年假,2023-04-25,2023-04-26,2,已批准,10,2023-04-16 10:36:00
324,事假,2024-10-03,2024-10-04,2,已批准,10,2024-09-27 10:39:00
324,事假,2024-09-09,2024-09-09,1,已批准,10,2024-09-07 10:17:00
324,调休,2024-04-16,2024-04-16,1,已批准,10,2024-04-09 10:46:00
324,事假,2024-07-26,2024-07-26,0.5,已批准,10,2024-07-12 10:18:00
325,年假,2025-05-23,2025-05-23,1,已拒绝,6,2025-05-16 10:38:00
325,调休,2025-04-09,2025-04-09,1,已批准,6,2025-04-04 10:27:00
327,年假,2023-10-13,2023-10-14,2,已批准,6,2023-10-08 10:38:00
327,病假,2023-11-06,2023-11-06,1,已批准,6,2023-10-26 10:28:00
327,病假,2024-01-10,2024-01-12,3,已拒绝,6,2024-01-06 10:23:00
327,调休,2025-02-07,2025-02-07,0.5,已批准,6,2025-02-01 10:31:00
328,年假,2023-05-19,2023-05-19,1,已批准,8,2023-05-16 10:51:00
328,产假,2023-09-13,2024-02-17,158,已批准,8,2023-09-03 10:54:00
328,年假,2024-09-20,2024-09-21,2,已批准,8,2024-09-17 10:47:00
328,年假,2024-05-13,2024-05-14,2,已批准,8,2024-05-08 10:45:00
328,事假,2025-12-25,2025-12-25,1,已批准,8,2025-12-13 10:21:00
328,年假,2025-02-27,2025-02-27,1,已批准,8,2025-02-14 10:32:00
329,调休,2024-02-07,2024-02-07,0.5,已批准,5,2024-01-25 10:22:00
329,年假,2024-09-10,2024-09-10,1,已批准,5,2024-09-02 10:33:00
329,事假,2024-05-27,2024-05-28,2,已批准,5,2024-05-17 10:21:00
329,年假,2024-10-09,2024-10-09,1,已批准,5,2024-10-07 10:42:00
330,年假,2024-10-02,2024-10-04,3,已批准,5,2024-09-24 10:33:00
330,年假,2024-08-26,2024-08-26,1,已批准,5,2024-08-13 10:41:00
331,事假,2024-09-09,2024-09-09,1,已批准,8,2024-08-27 10:33:00
331,年假,2024-04-05,2024-04-05,1,已批准,8,2024-03-28 10:20:00
331,病假,2025-08-18,2025-08-18,1,已批准,8,2025-08-13 10:47:00
331,年假,2025-04-04,2025-04-06,3,已批准,8,2025-03-28 10:14:00
331,调休,2025-06-24,2025-06-24,1,已批准,8,2025-06-15 10:51:00
331,病假,2025-02-11,2025-02-12,2,已批准,8,2025-02-01 10:47:00
331,调休,2026-05-06,2026-05-06,1,已批准,8,2026-04-24 10:19:00
332,年假,2024-09-13,2024-09-14,2,已批准,8,2024-09-12 10:54:00
333,年假,2023-06-01,2023-06-01,1,已批准,5,2023-05-25 10:55:00
333,年假,2025-07-02,2025-07-03,2,已批准,5,2025-06-25 10:16:00
333,年假,2025-10-10,2025-10-10,1,已批准,5,2025-10-07 10:19:00
334,年假,2023-10-19,2023-10-19,0.5,已批准,6,2023-10-13 10:43:00
334,年假,2023-08-09,2023-08-09,1,已批准,6,2023-08-07 10:35:00
334,病假,2024-03-21,2024-03-21,0.5,已批准,6,2024-03-10 10:31:00
334,病假,2024-07-08,2024-07-08,0.5,已批准,6,2024-07-07 10:24:00
334,年假,2024-04-19,2024-04-19,0.5,已拒绝,6,2024-04-08 10:47:00
334,病假,2024-06-25,2024-06-25,1,已批准,6,2024-06-19 10:33:00
334,调休,2025-12-26,2025-12-26,1,已批准,6,2025-12-14 10:19:00
334,陪产假,2026-07-20,2026-08-03,15,已批准,6,2026-07-18 10:33:00
335,病假,2023-10-20,2023-10-21,2,已批准,6,2023-10-18 10:40:00
335,病假,2024-11-26,2024-11-27,2,已批准,6,2024-11-22 10:42:00
335,事假,2024-04-15,2024-04-15,0.5,已批准,6,2024-04-11 10:13:00
335,年假,2026-07-22,2026-07-22,1,已批准,6,2026-07-15 10:51:00
337,调休,2023-08-01,2023-08-01,1,已批准,6,2023-07-21 10:49:00
338,调休,2023-09-18,2023-09-19,2,已批准,6,2023-09-07 10:54:00
338,调休,2024-05-14,2024-05-15,2,已批准,6,2024-05-11 10:45:00
338,年假,2024-05-06,2024-05-06,1,已批准,6,2024-04-23 10:16:00
338,年假,2025-07-17,2025-07-18,2,已批准,6,2025-07-09 10:50:00
338,病假,2025-09-22,2025-09-22,1,已批准,6,2025-09-17 10:17:00
339,调休,2023-07-18,2023-07-18,1,已批准,7,2023-07-06 10:30:00
339,年假,2024-09-20,2024-09-20,0.5,已批准,7,2024-09-08 10:42:00
339,年假,2024-04-17,2024-04-17,1,已批准,7,2024-04-08 10:19:00
339,病假,2025-07-03,2025-07-03,1,已批准,7,2025-06-24 10:31:00
339,病假,2025-08-19,2025-08-20,2,已批准,7,2025-08-17 10:20:00
339,产假,2025-02-20,2025-06-27,128,已批准,7,2025-02-11 10:26:00
341,病假,2023-11-02,2023-11-02,0.5,已批准,5,2023-10-19 10:17:00
341,年假,2023-11-27,2023-11-29,3,已批准,5,2023-11-20 10:26:00
341,年假,2024-05-14,2024-05-16,3,已批准,5,2024-05-13 10:20:00
341,年假,2025-08-11,2025-08-15,5,已拒绝,5,2025-07-31 10:12:00
341,调休,2026-05-13,2026-05-13,1,已批准,5,2026-04-29 10:36:00
341,年假,2026-04-27,2026-04-28,2,已批准,5,2026-04-22 10:46:00
342,病假,2023-10-04,2023-10-04,1,已批准,5,2023-10-01 10:13:00
342,陪产假,2024-06-18,2024-07-02,15,已批准,5,2024-06-07 10:52:00
342,病假,2024-04-18,2024-04-20,3,已批准,5,2024-04-14 10:34:00
343,婚假,2024-07-04,2024-07-13,10,已批准,5,2024-06-25 10:30:00
343,病假,2024-05-16,2024-05-16,1,已批准,5,2024-05-04 10:54:00
343,病假,2024-11-18,2024-11-18,1,已批准,5,2024-11-08 10:12:00
343,病假,2025-06-25,2025-06-25,0.5,已批准,5,2025-06-19 10:13:00
343,事假,2025-04-03,2025-04-03,0.5,已批准,5,2025-03-31 10:38:00
343,事假,2025-02-13,2025-02-13,1,已批准,5,2025-02-12 10:47:00
343,调休,2025-06-27,2025-06-27,1,已拒绝,5,2025-06-23 10:29:00
343,年假,2026-04-10,2026-04-10,0.5,已批准,5,2026-03-31 10:27:00
343,病假,2026-05-18,2026-05-20,3,已批准,5,2026-05-05 10:26:00
343,事假,2026-02-19,2026-02-19,1,已批准,5,2026-02-10 10:39:00
344,年假,2023-10-12,2023-10-12,1,已批准,2,2023-10-03 10:21:00
344,事假,2024-04-22,2024-04-22,1,已批准,2,2024-04-20 10:16:00
345,调休,2024-12-13,2024-12-13,1,已批准,2,2024-12-03 10:45:00
345,病假,2024-11-11,2024-11-13,3,已批准,2,2024-11-02 10:39:00
345,年假,2025-03-17,2025-03-17,1,已批准,2,2025-03-05 10:36:00
345,事假,2026-01-26,2026-01-26,0.5,已批准,2,2026-01-16 10:47:00
345,调休,2026-03-05,2026-03-06,2,已批准,2,2026-02-27 10:31:00
346,事假,2023-08-02,2023-08-02,1,已拒绝,3,2023-07-28 10:25:00
346,年假,2026-06-10,2026-06-11,2,已批准,3,2026-06-05 10:43:00
346,年假,2026-02-10,2026-02-14,5,已批准,3,2026-01-29 10:46:00
347,年假,2024-01-25,2024-01-29,5,已批准,2,2024-01-24 10:55:00
347,事假,2024-12-16,2024-12-16,0.5,已批准,2,2024-12-15 10:45:00
347,病假,2024-05-03,2024-05-03,0.5,已批准,2,2024-04-27 10:51:00
347,年假,2024-09-19,2024-09-23,5,已批准,2,2024-09-14 10:37:00
347,年假,2025-03-11,2025-03-12,2,已拒绝,2,2025-03-02 10:18:00
347,年假,2025-04-10,2025-04-10,1,已批准,2,2025-04-05 10:45:00
347,事假,2026-04-20,2026-04-20,1,已批准,2,2026-04-09 10:23:00
348,调休,2024-04-09,2024-04-10,2,已批准,9,2024-03-27 10:16:00
348,病假,2024-03-05,2024-03-05,0.5,已批准,9,2024-02-21 10:45:00
348,婚假,2025-01-15,2025-01-19,5,已批准,9,2025-01-02 10:41:00
349,调休,2025-10-21,2025-10-22,2,已批准,5,2025-10-13 10:15:00
349,事假,2025-09-05,2025-09-05,1,已批准,5,2025-08-22 10:23:00
349,调休,2025-05-28,2025-05-28,1,已批准,5,2025-05-22 10:43:00
349,年假,2026-07-15,2026-07-16,2,已批准,5,2026-07-12 10:41:00
349,年假,2026-01-13,2026-01-13,0.5,已批准,5,2026-01-09 10:46:00
349,年假,2026-06-04,2026-06-08,5,已批准,5,2026-05-31 10:36:00
350,事假,2023-08-09,2023-08-09,1,已批准,5,2023-08-08 10:35:00
350,年假,2024-06-21,2024-06-22,2,已批准,5,2024-06-07 10:32:00
350,事假,2024-08-01,2024-08-02,2,已批准,5,2024-07-19 10:50:00
350,调休,2025-06-04,2025-06-04,1,已批准,5,2025-05-23 10:16:00
350,年假,2025-04-03,2025-04-04,2,已批准,5,2025-03-31 10:19:00
350,病假,2026-02-26,2026-02-26,1,已批准,5,2026-02-17 10:54:00
351,年假,2024-06-11,2024-06-12,2,已批准,5,2024-06-05 10:14:00
351,调休,2025-08-07,2025-08-07,1,已批准,5,2025-07-27 10:52:00
351,年假,2025-09-09,2025-09-13,5,已批准,5,2025-08-31 10:52:00
352,调休,2024-11-12,2024-11-12,0.5,已批准,3,2024-11-11 10:52:00
353,事假,2023-10-10,2023-10-10,0.5,已批准,3,2023-10-06 10:53:00
353,事假,2024-09-11,2024-09-12,2,已批准,3,2024-09-04 10:22:00
353,年假,2025-06-11,2025-06-11,1,已拒绝,3,2025-06-07 10:22:00
353,年假,2026-08-06,2026-08-06,1,已批准,3,2026-08-01 10:15:00
354,年假,2023-12-05,2023-12-05,0.5,已批准,2,2023-12-03 10:25:00
354,病假,2025-02-14,2025-02-14,0.5,已批准,2,2025-02-09 10:11:00
354,年假,2026-05-12,2026-05-12,1,已批准,2,2026-05-04 10:34:00
355,调休,2023-12-05,2023-12-05,1,已批准,7,2023-12-02 10:34:00
355,事假,2023-10-03,2023-10-03,0.5,已批准,7,2023-10-01 10:13:00
355,病假,2024-05-02,2024-05-04,3,已批准,7,2024-04-27 10:45:00
355,年假,2024-10-28,2024-11-01,5,已批准,7,2024-10-20 10:51:00
355,年假,2024-02-12,2024-02-14,3,已批准,7,2024-02-01 10:54:00
355,年假,2024-02-02,2024-02-02,1,已批准,7,2024-01-31 10:51:00
355,调休,2025-11-07,2025-11-07,0.5,已批准,7,2025-10-28 10:48:00
355,调休,2025-03-21,2025-03-21,1,已批准,7,2025-03-11 10:32:00
355,年假,2026-04-24,2026-04-25,2,已批准,7,2026-04-13 10:52:00
356,年假,2024-10-14,2024-10-15,2,已批准,2,2024-10-01 10:20:00
356,年假,2025-02-04,2025-02-05,2,已批准,2,2025-01-26 10:18:00
356,年假,2026-01-06,2026-01-06,1,已批准,2,2025-12-23 10:48:00
357,婚假,2024-02-13,2024-02-17,5,已批准,2,2024-02-03 10:52:00
357,病假,2024-11-26,2024-11-26,0.5,已批准,2,2024-11-21 10:26:00
357,年假,2025-09-11,2025-09-11,1,已批准,2,2025-09-02 10:21:00
357,年假,2026-06-18,2026-06-18,0.5,已批准,2,2026-06-05 10:53:00
357,事假,2026-02-25,2026-02-26,2,已批准,2,2026-02-16 10:32:00
358,年假,2025-04-02,2025-04-06,5,已批准,3,2025-03-28 10:26:00
358,调休,2025-01-13,2025-01-13,1,已批准,3,2025-01-07 10:17:00
358,年假,2025-02-21,2025-02-22,2,已批准,3,2025-02-15 10:26:00
359,调休,2024-01-04,2024-01-04,1,已批准,6,2023-12-31 10:29:00
359,病假,2025-03-12,2025-03-12,1,已批准,6,2025-03-05 10:45:00
359,调休,2025-11-28,2025-11-28,0.5,已批准,6,2025-11-22 10:28:00
359,陪产假,2026-05-15,2026-05-29,15,已批准,6,2026-05-10 10:50:00
360,年假,2023-08-16,2023-08-18,3,已批准,7,2023-08-08 10:47:00
360,病假,2023-09-22,2023-09-24,3,已批准,7,2023-09-12 10:16:00
360,年假,2025-07-21,2025-07-23,3,已批准,7,2025-07-13 10:42:00
360,事假,2026-02-27,2026-02-27,0.5,已批准,7,2026-02-17 10:29:00
360,年假,2026-04-24,2026-04-28,5,已批准,7,2026-04-11 10:42:00
361,年假,2023-09-06,2023-09-07,2,已批准,7,2023-09-01 10:48:00
362,年假,2023-11-09,2023-11-10,2,已批准,7,2023-10-28 10:47:00
362,病假,2023-10-23,2023-10-23,1,已批准,7,2023-10-09 10:52:00
362,病假,2024-09-03,2024-09-03,1,已批准,7,2024-08-24 10:13:00
362,调休,2025-05-13,2025-05-13,1,已批准,7,2025-05-08 10:15:00
362,调休,2025-07-21,2025-07-22,2,已批准,7,2025-07-15 10:33:00
362,事假,2025-07-21,2025-07-21,1,已批准,7,2025-07-13 10:17:00
362,年假,2025-08-01,2025-08-02,2,已批准,7,2025-07-24 10:13:00
363,年假,2025-07-11,2025-07-12,2,已批准,3,2025-07-09 10:21:00
364,婚假,2023-08-15,2023-08-24,10,已批准,2,2023-08-05 10:39:00
364,年假,2023-09-25,2023-09-29,5,已批准,2,2023-09-23 10:52:00
365,事假,2024-05-10,2024-05-10,1,已批准,2,2024-04-27 10:38:00
365,年假,2024-01-09,2024-01-11,3,已批准,2,2023-12-28 10:36:00
365,年假,2024-12-04,2024-12-08,5,已批准,2,2024-11-25 10:52:00
365,婚假,2024-09-03,2024-09-05,3,已批准,2,2024-08-27 10:29:00
365,病假,2025-02-04,2025-02-04,1,已批准,2,2025-02-02 10:23:00
365,事假,2026-07-16,2026-07-16,0.5,已拒绝,2,2026-07-11 10:34:00
366,病假,2024-07-04,2024-07-04,1,已批准,2,2024-06-25 10:52:00
366,调休,2024-11-26,2024-11-26,0.5,已批准,2,2024-11-14 10:13:00
366,年假,2025-05-19,2025-05-20,2,已批准,2,2025-05-14 10:54:00
366,调休,2026-08-13,2026-08-13,1,已批准,2,2026-07-31 10:20:00
366,年假,2026-07-22,2026-07-23,2,已批准,2,2026-07-10 10:12:00
367,病假,2023-12-04,2023-12-05,2,已批准,2,2023-11-21 10:13:00
367,年假,2024-06-07,2024-06-07,0.5,已批准,2,2024-05-31 10:29:00
367,病假,2025-12-24,2025-12-26,3,已批准,2,2025-12-19 10:15:00
367,调休,2025-01-17,2025-01-17,0.5,已批准,2,2025-01-14 10:50:00
367,病假,2026-08-14,2026-08-16,3,已批准,2,2026-08-07 10:15:00
368,病假,2025-04-14,2025-04-14,1,已批准,5,2025-04-07 10:38:00
368,调休,2025-01-16,2025-01-16,0.5,已拒绝,5,2025-01-05 10:14:00
368,调休,2026-08-11,2026-08-12,2,待审批,5,2026-08-10 10:20:00
368,调休,2026-03-19,2026-03-19,1,已批准,5,2026-03-15 10:44:00
368,年假,2026-06-26,2026-06-27,2,已批准,5,2026-06-24 10:48:00
369,调休,2024-01-16,2024-01-16,0.5,已批准,5,2024-01-12 10:30:00
369,年假,2025-11-14,2025-11-16,3,已拒绝,5,2025-11-10 10:15:00
369,调休,2025-07-03,2025-07-04,2,已批准,5,2025-06-26 10:52:00
370,年假,2024-06-10,2024-06-10,1,已批准,5,2024-06-09 10:45:00
370,病假,2025-06-17,2025-06-17,0.5,已批准,5,2025-06-08 10:11:00
370,调休,2025-01-17,2025-01-17,1,已批准,5,2025-01-07 10:14:00
371,年假,2023-11-02,2023-11-02,0.5,已批准,8,2023-10-27 10:52:00
371,病假,2024-08-15,2024-08-15,1,已批准,8,2024-08-08 10:24:00
371,病假,2024-03-11,2024-03-11,1,已批准,8,2024-02-27 10:15:00
371,事假,2024-08-13,2024-08-14,2,已批准,8,2024-08-12 10:28:00
372,年假,2024-11-07,2024-11-08,2,已批准,8,2024-11-03 10:35:00
373,年假,2023-12-25,2023-12-27,3,已批准,3,2023-12-21 10:40:00
373,调休,2023-11-07,2023-11-07,1,已拒绝,3,2023-11-04 10:44:00
373,病假,2025-01-27,2025-01-27,1,已批准,3,2025-01-23 10:37:00
373,年假,2025-11-03,2025-11-03,1,已批准,3,2025-10-23 10:48:00
374,病假,2023-11-15,2023-11-16,2,已批准,3,2023-11-08 10:20:00
374,年假,2026-02-23,2026-02-24,2,已批准,3,2026-02-09 10:52:00
374,年假,2026-03-16,2026-03-18,3,已批准,3,2026-03-05 10:51:00
375,年假,2024-09-25,2024-09-27,3,已批准,8,2024-09-24 10:10:00
376,年假,2024-08-15,2024-08-16,2,已批准,8,2024-08-14 10:38:00
376,婚假,2025-01-27,2025-01-29,3,已批准,8,2025-01-25 10:32:00
376,产假,2025-07-23,2025-11-27,128,已拒绝,8,2025-07-22 10:41:00
377,年假,2023-10-23,2023-10-27,5,已批准,2,2023-10-21 10:35:00
377,调休,2024-08-23,2024-08-23,1,已批准,2,2024-08-18 10:10:00
377,年假,2024-05-21,2024-05-21,1,已批准,2,2024-05-11 10:41:00
377,调休,2025-10-13,2025-10-13,0.5,已批准,2,2025-10-07 10:22:00
377,病假,2026-05-05,2026-05-07,3,已批准,2,2026-04-28 10:14:00
378,调休,2024-11-08,2024-11-08,1,已批准,2,2024-10-28 10:25:00
378,事假,2024-11-19,2024-11-19,0.5,已拒绝,2,2024-11-11 10:17:00
378,事假,2025-11-03,2025-11-03,1,已批准,2,2025-10-29 10:38:00
378,调休,2026-05-06,2026-05-06,1,已批准,2,2026-05-02 10:35:00
379,事假,2023-12-20,2023-12-21,2,已批准,2,2023-12-06 10:50:00
379,年假,2026-07-10,2026-07-14,5,已批准,2,2026-07-06 10:50:00
379,病假,2026-06-05,2026-06-06,2,已批准,2,2026-05-30 10:12:00
379,病假,2026-01-26,2026-01-26,1,已批准,2,2026-01-19 10:39:00
379,年假,2026-08-26,2026-08-26,1,已拒绝,2,2026-08-13 10:35:00
380,年假,2023-09-21,2023-09-22,2,已批准,2,2023-09-11 10:15:00
380,病假,2023-10-18,2023-10-20,3,已批准,2,2023-10-04 10:53:00
380,病假,2023-11-21,2023-11-21,1,已批准,2,2023-11-14 10:54:00
380,调休,2024-08-06,2024-08-07,2,已批准,2,2024-07-30 10:20:00
380,年假,2025-02-05,2025-02-09,5,已批准,2,2025-01-31 10:55:00
381,调休,2023-10-20,2023-10-20,1,已拒绝,2,2023-10-17 10:54:00
381,年假,2023-09-22,2023-09-22,1,已批准,2,2023-09-16 10:22:00
381,产假,2025-11-12,2026-02-17,98,已批准,2,2025-11-02 10:52:00
381,年假,2026-06-10,2026-06-12,3,已批准,2,2026-06-04 10:11:00
381,年假,2026-06-18,2026-06-19,2,已批准,2,2026-06-12 10:15:00
381,年假,2026-03-05,2026-03-05,1,已批准,2,2026-02-20 10:21:00
384,调休,2024-11-01,2024-11-02,2,已批准,6,2024-10-18 10:43:00
384,调休,2024-11-05,2024-11-05,1,已批准,6,2024-11-02 10:24:00
384,病假,2024-07-02,2024-07-02,0.5,已批准,6,2024-06-22 10:10:00
384,年假,2024-03-15,2024-03-15,1,已拒绝,6,2024-03-08 10:37:00
384,调休,2025-04-10,2025-04-11,2,已批准,6,2025-04-06 10:12:00
384,病假,2026-02-19,2026-02-19,0.5,已批准,6,2026-02-05 10:26:00
384,年假,2026-05-18,2026-05-20,3,已批准,6,2026-05-04 10:53:00
385,年假,2024-07-26,2024-07-28,3,已批准,6,2024-07-17 10:22:00
386,事假,2024-08-15,2024-08-16,2,已批准,9,2024-08-11 10:48:00
386,病假,2024-03-14,2024-03-15,2,已批准,9,2024-03-13 10:33:00
386,病假,2024-02-20,2024-02-20,1,已批准,9,2024-02-15 10:14:00
388,调休,2024-02-14,2024-02-14,1,已批准,5,2024-02-02 10:55:00
389,事假,2024-12-17,2024-12-17,0.5,已批准,5,2024-12-04 10:28:00
389,陪产假,2024-10-21,2024-11-04,15,已批准,5,2024-10-13 10:34:00
389,事假,2024-04-26,2024-04-26,1,已批准,5,2024-04-14 10:25:00
389,调休,2024-10-21,2024-10-21,0.5,已拒绝,5,2024-10-11 10:37:00
389,年假,2025-07-24,2025-07-28,5,已批准,5,2025-07-19 10:52:00
389,病假,2026-06-02,2026-06-04,3,已批准,5,2026-05-26 10:21:00
390,年假,2023-11-03,2023-11-07,5,已批准,10,2023-10-21 10:13:00
390,年假,2024-02-28,2024-02-28,1,已批准,10,2024-02-16 10:41:00
391,陪产假,2025-09-02,2025-09-16,15,已批准,10,2025-08-30 10:30:00
392,病假,2023-11-27,2023-11-28,2,已批准,2,2023-11-14 10:30:00
392,病假,2024-02-19,2024-02-19,0.5,已批准,2,2024-02-09 10:52:00
392,病假,2025-06-27,2025-06-27,0.5,已拒绝,2,2025-06-18 10:45:00
392,调休,2025-04-08,2025-04-08,1,已批准,2,2025-04-02 10:54:00
394,年假,2023-12-22,2023-12-22,1,已批准,6,2023-12-15 10:11:00
394,年假,2024-04-02,2024-04-02,1,已批准,6,2024-03-26 10:14:00
394,事假,2024-06-06,2024-06-06,0.5,已批准,6,2024-05-29 10:38:00
395,年假,2024-01-15,2024-01-15,1,已拒绝,6,2024-01-08 10:32:00
395,婚假,2024-09-25,2024-09-29,5,已批准,6,2024-09-15 10:43:00
395,病假,2025-03-21,2025-03-22,2,已批准,6,2025-03-20 10:10:00
396,事假,2024-05-07,2024-05-07,0.5,已批准,5,2024-05-01 10:23:00
396,婚假,2024-06-21,2024-06-25,5,已批准,5,2024-06-15 10:16:00
398,事假,2024-02-21,2024-02-21,1,已批准,8,2024-02-13 10:14:00
398,年假,2024-02-06,2024-02-10,5,已批准,8,2024-01-28 10:41:00
398,年假,2024-05-27,2024-05-28,2,已批准,8,2024-05-13 10:52:00
398,年假,2025-03-10,2025-03-14,5,已批准,8,2025-03-07 10:20:00
399,调休,2023-12-21,2023-12-21,0.5,已批准,8,2023-12-13 10:38:00
399,病假,2024-05-15,2024-05-15,1,已批准,8,2024-05-01 10:31:00
399,调休,2024-03-04,2024-03-04,1,已批准,8,2024-03-02 10:13:00
400,年假,2024-09-16,2024-09-18,3,已批准,3,2024-09-15 10:12:00
400,陪产假,2024-10-25,2024-11-08,15,已批准,3,2024-10-12 10:23:00
400,陪产假,2024-10-28,2024-11-11,15,已批准,3,2024-10-14 10:13:00
400,年假,2025-06-23,2025-06-23,0.5,已批准,3,2025-06-21 10:44:00
401,年假,2024-07-17,2024-07-17,1,已批准,3,2024-07-13 10:25:00
401,病假,2024-01-17,2024-01-17,1,已批准,3,2024-01-04 10:52:00
401,年假,2025-09-22,2025-09-22,1,已批准,3,2025-09-19 10:20:00
401,年假,2025-05-15,2025-05-16,2,已批准,3,2025-05-03 10:39:00
401,年假,2026-04-08,2026-04-10,3,已批准,3,2026-03-27 10:21:00
401,调休,2026-08-14,2026-08-14,1,已批准,3,2026-08-06 10:21:00
402,调休,2024-04-26,2024-04-26,1,已批准,2,2024-04-24 10:52:00
402,年假,2025-09-10,2025-09-11,2,已批准,2,2025-09-06 10:44:00
402,病假,2025-01-03,2025-01-03,1,已拒绝,2,2024-12-29 10:25:00
403,年假,2024-03-19,2024-03-21,3,已批准,3,2024-03-10 10:34:00
403,年假,2025-02-27,2025-02-27,0.5,已批准,3,2025-02-21 10:14:00
403,调休,2025-11-21,2025-11-21,1,已批准,3,2025-11-17 10:46:00
403,病假,2025-04-22,2025-04-22,1,已批准,3,2025-04-08 10:55:00
403,调休,2026-08-10,2026-08-10,1,已拒绝,3,2026-08-01 10:23:00
404,年假,2024-12-17,2024-12-17,1,已批准,2,2024-12-05 10:25:00
404,年假,2024-03-04,2024-03-05,2,已批准,2,2024-02-26 10:49:00
405,事假,2024-07-03,2024-07-03,1,已批准,6,2024-06-26 10:42:00
405,年假,2024-03-19,2024-03-21,3,已批准,6,2024-03-10 10:21:00
406,年假,2026-05-13,2026-05-15,3,已批准,6,2026-04-30 10:49:00
407,年假,2023-12-26,2023-12-26,0.5,已批准,6,2023-12-19 10:16:00
407,病假,2024-11-15,2024-11-16,2,已批准,6,2024-11-05 10:36:00
407,调休,2024-03-05,2024-03-05,1,已批准,6,2024-02-24 10:37:00
407,事假,2024-05-21,2024-05-21,1,已拒绝,6,2024-05-20 10:53:00
407,年假,2025-03-07,2025-03-08,2,已批准,6,2025-02-26 10:33:00
407,调休,2025-06-02,2025-06-03,2,已批准,6,2025-05-29 10:14:00
408,调休,2024-01-26,2024-01-26,0.5,已批准,4,2024-01-18 10:45:00
409,病假,2024-03-14,2024-03-15,2,已批准,4,2024-03-04 10:22:00
409,事假,2024-02-15,2024-02-15,1,已批准,4,2024-02-13 10:21:00
410,病假,2024-11-19,2024-11-19,1,已批准,4,2024-11-09 10:31:00
410,婚假,2024-03-21,2024-03-25,5,已批准,4,2024-03-17 10:43:00
410,事假,2024-07-11,2024-07-11,1,已批准,4,2024-06-30 10:51:00
410,年假,2024-04-01,2024-04-01,1,已批准,4,2024-03-26 10:53:00
411,年假,2024-04-23,2024-04-23,0.5,已拒绝,3,2024-04-09 10:15:00
411,年假,2024-04-15,2024-04-15,0.5,已批准,3,2024-04-05 10:14:00
411,年假,2025-06-11,2025-06-11,0.5,已批准,3,2025-06-05 10:50:00
411,调休,2025-05-13,2025-05-13,1,已批准,3,2025-05-09 10:51:00
412,病假,2024-05-21,2024-05-21,1,已批准,3,2024-05-13 10:21:00
412,病假,2025-08-08,2025-08-08,1,已批准,3,2025-08-06 10:54:00
413,病假,2024-07-22,2024-07-24,3,已批准,2,2024-07-17 10:24:00
413,病假,2026-02-27,2026-02-28,2,已批准,2,2026-02-13 10:15:00
414,年假,2024-02-22,2024-02-26,5,已批准,3,2024-02-10 10:20:00
414,调休,2024-03-25,2024-03-26,2,已批准,3,2024-03-18 10:39:00
414,事假,2024-07-22,2024-07-22,0.5,已批准,3,2024-07-16 10:13:00
414,调休,2024-12-04,2024-12-04,1,已批准,3,2024-11-21 10:49:00
415,事假,2024-07-02,2024-07-02,0.5,已批准,6,2024-06-21 10:27:00
415,婚假,2024-08-09,2024-08-13,5,已批准,6,2024-07-27 10:11:00
415,病假,2024-11-27,2024-11-29,3,已拒绝,6,2024-11-26 10:43:00
415,年假,2025-07-22,2025-07-22,1,已批准,6,2025-07-15 10:49:00
415,病假,2025-06-24,2025-06-26,3,已批准,6,2025-06-14 10:53:00
415,年假,2026-01-06,2026-01-10,5,已批准,6,2026-01-01 10:25:00
415,年假,2026-04-24,2026-04-26,3,已批准,6,2026-04-19 10:39:00
416,年假,2024-03-08,2024-03-10,3,已批准,6,2024-02-25 10:35:00
416,年假,2024-08-14,2024-08-14,1,已批准,6,2024-08-04 10:19:00
417,婚假,2024-01-26,2024-01-30,5,已批准,6,2024-01-23 10:51:00
417,陪产假,2025-03-03,2025-03-17,15,已批准,6,2025-02-21 10:38:00
417,年假,2026-03-16,2026-03-16,0.5,已批准,6,2026-03-12 10:47:00
419,年假,2024-05-20,2024-05-21,2,已拒绝,2,2024-05-12 10:44:00
419,年假,2024-09-04,2024-09-04,1,已批准,2,2024-08-21 10:19:00
419,调休,2026-01-09,2026-01-09,1,已批准,2,2026-01-01 10:40:00
419,年假,2026-01-08,2026-01-09,2,已批准,2,2025-12-25 10:43:00
420,调休,2024-11-22,2024-11-22,1,已批准,5,2024-11-09 10:55:00
420,年假,2025-03-06,2025-03-07,2,已批准,5,2025-03-01 10:15:00
420,调休,2026-02-19,2026-02-19,0.5,已批准,5,2026-02-18 10:44:00
422,年假,2024-07-01,2024-07-02,2,已批准,2,2024-06-22 10:23:00
422,年假,2025-06-19,2025-06-20,2,已批准,2,2025-06-11 10:55:00
422,调休,2026-05-27,2026-05-27,0.5,已批准,2,2026-05-19 10:29:00
422,年假,2026-04-01,2026-04-02,2,已批准,2,2026-03-18 10:12:00
423,年假,2024-06-25,2024-06-25,1,已拒绝,2,2024-06-18 10:35:00
423,陪产假,2024-08-26,2024-09-09,15,已批准,2,2024-08-16 10:29:00
423,事假,2024-08-01,2024-08-02,2,已批准,2,2024-07-29 10:40:00
424,陪产假,2024-10-04,2024-10-18,15,已批准,3,2024-09-25 10:41:00
425,调休,2024-07-15,2024-07-15,1,已批准,2,2024-07-06 10:27:00
425,调休,2024-04-18,2024-04-18,1,已批准,2,2024-04-12 10:47:00
426,病假,2024-08-06,2024-08-07,2,已批准,3,2024-08-04 10:16:00
426,年假,2025-07-01,2025-07-03,3,已拒绝,3,2025-06-21 10:44:00
426,调休,2025-03-27,2025-03-27,0.5,已拒绝,3,2025-03-18 10:26:00
426,年假,2026-05-07,2026-05-07,1,已批准,3,2026-04-23 10:10:00
426,年假,2026-05-14,2026-05-15,2,已批准,3,2026-05-01 10:47:00
428,年假,2024-04-02,2024-04-03,2,已拒绝,3,2024-03-30 10:38:00
429,年假,2026-04-14,2026-04-16,3,已批准,6,2026-04-08 10:51:00
430,年假,2024-05-27,2024-05-29,3,已批准,3,2024-05-22 10:45:00
430,婚假,2025-05-15,2025-05-17,3,已批准,3,2025-05-11 10:12:00
430,调休,2025-10-22,2025-10-22,0.5,已批准,3,2025-10-17 10:26:00
430,年假,2026-02-10,2026-02-10,0.5,已批准,3,2026-02-03 10:26:00
431,年假,2025-06-20,2025-06-24,5,已拒绝,3,2025-06-15 10:46:00
431,年假,2026-03-20,2026-03-24,5,已批准,3,2026-03-18 10:54:00
432,调休,2024-05-27,2024-05-27,0.5,已批准,2,2024-05-17 10:13:00
432,病假,2024-12-16,2024-12-17,2,已批准,2,2024-12-13 10:34:00
432,调休,2025-06-17,2025-06-17,0.5,已批准,2,2025-06-10 10:27:00
433,年假,2024-12-12,2024-12-12,1,已批准,3,2024-12-09 10:32:00
433,年假,2025-07-24,2025-07-24,1,已拒绝,3,2025-07-23 10:36:00
433,年假,2025-05-13,2025-05-13,1,已批准,3,2025-05-05 10:51:00
433,年假,2025-10-10,2025-10-10,1,已批准,3,2025-09-27 10:33:00
433,事假,2026-04-13,2026-04-13,0.5,已批准,3,2026-04-01 10:35:00
434,年假,2024-09-25,2024-09-29,5,已批准,3,2024-09-17 10:32:00
434,年假,2024-07-12,2024-07-13,2,已批准,3,2024-07-11 10:36:00
434,年假,2024-09-11,2024-09-12,2,已批准,3,2024-09-01 10:18:00
435,调休,2024-06-24,2024-06-25,2,已拒绝,3,2024-06-23 10:18:00
435,年假,2024-05-13,2024-05-14,2,已批准,3,2024-04-29 10:23:00
435,病假,2026-03-10,2026-03-10,1,已批准,3,2026-03-01 10:19:00
435,年假,2026-04-03,2026-04-03,0.5,已批准,3,2026-03-21 10:46:00
435,调休,2026-01-23,2026-01-23,0.5,已批准,3,2026-01-09 10:36:00
437,年假,2024-03-21,2024-03-21,0.5,已批准,6,2024-03-07 10:36:00
437,事假,2024-04-09,2024-04-09,1,已拒绝,6,2024-04-05 10:53:00
437,年假,2024-06-25,2024-06-26,2,已批准,6,2024-06-19 10:14:00
437,年假,2024-05-27,2024-05-27,1,已批准,6,2024-05-13 10:13:00
437,事假,2025-08-21,2025-08-21,0.5,已批准,6,2025-08-19 10:24:00
437,年假,2025-08-14,2025-08-14,1,已批准,6,2025-08-11 10:31:00
437,调休,2026-08-24,2026-08-24,1,已批准,6,2026-08-12 10:31:00
437,病假,2026-01-07,2026-01-07,1,已批准,6,2026-01-05 10:30:00
439,调休,2024-07-15,2024-07-16,2,已批准,5,2024-07-02 10:12:00
440,事假,2024-04-01,2024-04-01,0.5,已拒绝,5,2024-03-26 10:50:00
442,事假,2024-07-12,2024-07-12,1,已批准,5,2024-07-09 10:35:00
442,调休,2025-06-18,2025-06-18,1,已拒绝,5,2025-06-14 10:39:00
443,病假,2024-07-01,2024-07-01,1,已批准,9,2024-06-28 10:28:00
445,调休,2025-06-27,2025-06-28,2,已批准,6,2025-06-22 10:23:00
446,病假,2024-05-22,2024-05-23,2,已批准,2,2024-05-17 10:16:00
447,调休,2025-04-23,2025-04-23,1,已批准,3,2025-04-12 10:14:00
447,调休,2025-05-07,2025-05-07,1,已批准,3,2025-04-26 10:42:00
448,年假,2024-05-14,2024-05-18,5,已批准,5,2024-05-12 10:33:00
448,病假,2025-01-24,2025-01-24,1,已批准,5,2025-01-13 10:46:00
448,年假,2026-08-03,2026-08-05,3,已批准,5,2026-07-24 10:10:00
448,病假,2026-03-23,2026-03-23,0.5,已批准,5,2026-03-21 10:51:00
449,病假,2025-10-07,2025-10-08,2,已批准,5,2025-10-06 10:35:00
449,调休,2025-02-24,2025-02-24,0.5,已批准,5,2025-02-18 10:18:00
449,年假,2025-10-24,2025-10-24,1,已批准,5,2025-10-17 10:40:00
449,调休,2026-05-05,2026-05-05,1,已批准,5,2026-05-01 10:14:00
450,年假,2024-09-19,2024-09-21,3,已批准,8,2024-09-12 10:37:00
450,调休,2024-08-15,2024-08-15,1,已批准,8,2024-08-12 10:24:00
450,年假,2025-03-11,2025-03-13,3,已批准,8,2025-03-05 10:44:00
450,年假,2025-07-07,2025-07-08,2,已拒绝,8,2025-07-03 10:16:00
450,病假,2026-04-08,2026-04-09,2,已批准,8,2026-03-28 10:39:00
451,年假,2024-07-17,2024-07-17,1,已批准,8,2024-07-08 10:54:00
452,年假,2024-12-18,2024-12-22,5,已批准,2,2024-12-11 10:21:00
452,事假,2024-08-08,2024-08-08,0.5,已批准,2,2024-07-29 10:20:00
453,年假,2024-12-24,2024-12-28,5,已批准,2,2024-12-11 10:55:00
453,年假,2024-11-26,2024-11-27,2,已批准,2,2024-11-16 10:54:00
453,调休,2026-06-05,2026-06-05,1,已批准,2,2026-05-25 10:25:00
453,事假,2026-06-17,2026-06-17,1,已批准,2,2026-06-03 10:43:00
454,年假,2024-11-26,2024-11-26,0.5,已拒绝,2,2024-11-16 10:54:00
455,调休,2024-04-12,2024-04-13,2,已批准,4,2024-04-06 10:20:00
455,年假,2024-04-10,2024-04-10,1,已批准,4,2024-04-07 10:25:00
456,年假,2024-10-02,2024-10-03,2,已批准,4,2024-09-25 10:10:00
456,婚假,2024-12-11,2024-12-20,10,已批准,4,2024-12-01 10:11:00
456,事假,2025-03-17,2025-03-17,0.5,已批准,4,2025-03-08 10:32:00
456,年假,2026-02-03,2026-02-04,2,已批准,4,2026-01-26 10:18:00
456,年假,2026-03-16,2026-03-17,2,已批准,4,2026-03-08 10:20:00
456,年假,2026-05-27,2026-05-28,2,已批准,4,2026-05-18 10:44:00
457,年假,2025-08-21,2025-08-21,1,已批准,4,2025-08-16 10:29:00
457,年假,2025-09-26,2025-09-28,3,已批准,4,2025-09-20 10:37:00
457,年假,2026-01-12,2026-01-14,3,已批准,4,2025-12-31 10:23:00
458,年假,2024-04-17,2024-04-17,1,已批准,4,2024-04-06 10:35:00
458,年假,2025-09-04,2025-09-08,5,已批准,4,2025-08-30 10:15:00
458,调休,2026-05-12,2026-05-13,2,已拒绝,4,2026-04-29 10:38:00
458,病假,2026-01-20,2026-01-20,1,已批准,4,2026-01-12 10:39:00
458,病假,2026-08-04,2026-08-04,1,已批准,4,2026-07-30 10:21:00
459,年假,2025-02-03,2025-02-04,2,已批准,3,2025-01-31 10:34:00
459,年假,2025-01-17,2025-01-17,1,已批准,3,2025-01-04 10:25:00
459,年假,2026-05-14,2026-05-15,2,已批准,3,2026-05-06 10:54:00
460,病假,2024-11-12,2024-11-14,3,已批准,3,2024-11-07 10:13:00
460,调休,2024-08-28,2024-08-28,1,已拒绝,3,2024-08-27 10:31:00
460,调休,2024-07-24,2024-07-24,0.5,已拒绝,3,2024-07-10 10:16:00
460,年假,2025-10-28,2025-10-28,1,已批准,3,2025-10-21 10:48:00
460,年假,2025-01-21,2025-01-25,5,已批准,3,2025-01-16 10:53:00
460,年假,2025-06-20,2025-06-20,1,已批准,3,2025-06-07 10:47:00
460,调休,2026-01-23,2026-01-23,1,已批准,3,2026-01-19 10:16:00
461,病假,2024-09-12,2024-09-12,1,已批准,2,2024-09-09 10:54:00
461,年假,2024-10-03,2024-10-03,0.5,已批准,2,2024-09-21 10:27:00
461,调休,2025-07-17,2025-07-18,2,已批准,2,2025-07-14 10:26:00
462,年假,2025-03-17,2025-03-17,0.5,已批准,2,2025-03-13 10:23:00
462,病假,2025-04-28,2025-04-28,0.5,已批准,2,2025-04-17 10:48:00
462,年假,2025-05-06,2025-05-08,3,已批准,2,2025-04-23 10:51:00
463,婚假,2024-11-06,2024-11-10,5,已批准,2,2024-11-01 10:32:00
463,调休,2024-12-09,2024-12-10,2,已批准,2,2024-12-03 10:41:00
464,事假,2024-07-25,2024-07-25,1,已批准,3,2024-07-15 10:19:00
464,年假,2026-01-26,2026-01-28,3,已拒绝,3,2026-01-19 10:37:00
466,调休,2025-06-25,2025-06-26,2,已批准,8,2025-06-13 10:21:00
466,病假,2025-07-21,2025-07-23,3,已批准,8,2025-07-18 10:44:00
466,年假,2026-03-16,2026-03-16,1,已批准,8,2026-03-06 10:18:00
467,病假,2024-10-18,2024-10-20,3,已批准,2,2024-10-07 10:40:00
467,病假,2024-08-26,2024-08-27,2,已批准,2,2024-08-21 10:12:00
468,年假,2025-02-21,2025-02-23,3,已批准,3,2025-02-15 10:47:00
469,调休,2024-09-04,2024-09-04,0.5,已拒绝,8,2024-08-30 10:50:00
469,年假,2024-07-25,2024-07-27,3,已批准,8,2024-07-11 10:34:00
469,事假,2024-06-20,2024-06-21,2,已批准,8,2024-06-13 10:22:00
469,年假,2026-05-18,2026-05-18,1,已批准,8,2026-05-07 10:14:00
470,病假,2025-04-17,2025-04-17,1,已批准,6,2025-04-11 10:52:00
471,年假,2024-09-09,2024-09-09,1,已批准,3,2024-09-07 10:10:00
471,病假,2024-07-25,2024-07-25,1,已批准,3,2024-07-11 10:29:00
471,病假,2025-07-11,2025-07-11,1,已批准,3,2025-07-06 10:32:00
471,年假,2025-03-14,2025-03-14,1,已批准,3,2025-03-08 10:41:00
471,调休,2025-12-24,2025-12-24,0.5,已批准,3,2025-12-17 10:19:00
471,病假,2026-05-13,2026-05-13,1,已批准,3,2026-05-09 10:14:00
471,调休,2026-07-24,2026-07-24,1,已批准,3,2026-07-19 10:53:00
472,调休,2025-11-10,2025-11-10,1,已批准,6,2025-11-09 10:31:00
472,调休,2026-03-03,2026-03-03,1,已批准,6,2026-02-19 10:46:00
472,婚假,2026-03-19,2026-03-23,5,已批准,6,2026-03-05 10:36:00
473,病假,2025-07-11,2025-07-11,0.5,已批准,2,2025-06-27 10:17:00
473,病假,2025-04-17,2025-04-17,1,已批准,2,2025-04-05 10:21:00
473,年假,2026-03-23,2026-03-27,5,已拒绝,2,2026-03-18 10:21:00
473,年假,2026-02-19,2026-02-20,2,已批准,2,2026-02-12 10:24:00
474,病假,2024-08-21,2024-08-21,1,已批准,6,2024-08-18 10:36:00
474,调休,2024-07-05,2024-07-05,1,已批准,6,2024-07-03 10:41:00
474,年假,2025-12-15,2025-12-16,2,已批准,6,2025-12-06 10:50:00
474,病假,2025-12-11,2025-12-13,3,已批准,6,2025-11-29 10:19:00
474,年假,2026-04-23,2026-04-24,2,已批准,6,2026-04-13 10:18:00
474,调休,2026-01-07,2026-01-07,1,已批准,6,2025-12-31 10:44:00
476,年假,2024-07-25,2024-07-25,1,已批准,8,2024-07-14 10:52:00
476,年假,2026-06-01,2026-06-01,1,已拒绝,8,2026-05-30 10:23:00
477,年假,2024-11-28,2024-11-29,2,已拒绝,3,2024-11-14 10:49:00
477,调休,2025-08-26,2025-08-26,1,已批准,3,2025-08-15 10:36:00
477,病假,2025-01-21,2025-01-22,2,已批准,3,2025-01-11 10:51:00
479,年假,2025-02-13,2025-02-15,3,已批准,7,2025-02-09 10:49:00
480,事假,2025-04-25,2025-04-25,1,已批准,7,2025-04-16 10:43:00
481,婚假,2026-01-13,2026-01-15,3,已批准,2,2026-01-06 10:54:00
482,年假,2024-10-02,2024-10-04,3,已批准,9,2024-09-27 10:14:00
484,事假,2024-10-08,2024-10-08,1,已批准,9,2024-09-26 10:19:00
484,陪产假,2025-02-17,2025-03-03,15,已批准,9,2025-02-15 10:55:00
484,调休,2025-01-22,2025-01-22,1,已批准,9,2025-01-16 10:37:00
486,年假,2025-07-08,2025-07-08,0.5,已批准,2,2025-06-25 10:33:00
486,病假,2025-09-19,2025-09-19,0.5,已批准,2,2025-09-17 10:43:00
486,年假,2025-04-16,2025-04-16,1,已批准,2,2025-04-15 10:41:00
486,年假,2026-07-27,2026-07-28,2,已批准,2,2026-07-14 10:22:00
487,婚假,2025-10-17,2025-10-19,3,已拒绝,2,2025-10-07 10:20:00
487,年假,2026-02-04,2026-02-05,2,已批准,2,2026-01-28 10:10:00
487,事假,2026-06-01,2026-06-01,1,已拒绝,2,2026-05-22 10:35:00
487,年假,2026-02-24,2026-02-24,1,已批准,2,2026-02-20 10:54:00
487,陪产假,2026-06-16,2026-06-30,15,已批准,2,2026-06-06 10:45:00
488,调休,2024-12-12,2024-12-12,0.5,已批准,5,2024-11-29 10:49:00
489,年假,2024-11-06,2024-11-06,0.5,已批准,10,2024-10-30 10:34:00
489,年假,2025-10-15,2025-10-19,5,已批准,10,2025-10-02 10:43:00
489,年假,2025-07-08,2025-07-12,5,已批准,10,2025-07-06 10:41:00
489,年假,2025-09-19,2025-09-20,2,已批准,10,2025-09-13 10:20:00
489,病假,2025-01-10,2025-01-12,3,已批准,10,2025-01-06 10:37:00
489,病假,2026-01-13,2026-01-13,1,已批准,10,2025-12-30 10:30:00
490,年假,2024-11-27,2024-11-27,1,已批准,10,2024-11-16 10:26:00
490,年假,2025-07-02,2025-07-03,2,已批准,10,2025-06-26 10:30:00
490,调休,2025-03-28,2025-03-28,1,已批准,10,2025-03-24 10:40:00
490,事假,2026-08-20,2026-08-21,2,已批准,10,2026-08-07 10:30:00
491,陪产假,2025-03-24,2025-04-07,15,已批准,10,2025-03-12 10:54:00
491,调休,2025-09-15,2025-09-15,1,已批准,10,2025-09-03 10:39:00
491,年假,2025-08-06,2025-08-06,0.5,已批准,10,2025-07-25 10:14:00
491,婚假,2026-03-03,2026-03-07,5,已拒绝,10,2026-02-25 10:55:00
492,病假,2024-10-17,2024-10-19,3,已批准,2,2024-10-05 10:52:00
492,事假,2025-08-12,2025-08-12,1,已批准,2,2025-08-05 10:50:00
492,年假,2025-03-21,2025-03-22,2,已批准,2,2025-03-07 10:10:00
492,年假,2026-04-27,2026-05-01,5,已批准,2,2026-04-14 10:20:00
493,调休,2025-10-02,2025-10-03,2,已批准,3,2025-09-27 10:10:00
494,病假,2026-08-10,2026-08-10,1,已批准,3,2026-07-28 10:15:00
495,年假,2024-09-09,2024-09-13,5,已批准,9,2024-08-29 10:27:00
495,产假,2025-03-07,2025-07-12,128,已批准,9,2025-03-02 10:43:00
496,病假,2024-09-12,2024-09-14,3,已批准,9,2024-09-01 10:40:00
496,调休,2025-10-20,2025-10-21,2,已批准,9,2025-10-10 10:42:00
496,病假,2025-02-10,2025-02-11,2,已批准,9,2025-02-09 10:24:00
496,调休,2025-06-20,2025-06-20,1,已批准,9,2025-06-09 10:44:00
496,年假,2025-09-09,2025-09-10,2,已批准,9,2025-09-03 10:33:00
496,病假,2026-07-02,2026-07-04,3,已拒绝,9,2026-06-22 10:48:00
497,年假,2025-10-27,2025-10-28,2,已批准,6,2025-10-18 10:44:00
497,年假,2025-04-08,2025-04-10,3,已批准,6,2025-03-28 10:52:00
498,病假,2025-10-20,2025-10-20,1,已批准,9,2025-10-07 10:17:00
498,事假,2026-06-17,2026-06-17,0.5,已批准,9,2026-06-13 10:25:00
499,调休,2026-03-02,2026-03-02,0.5,已批准,6,2026-02-17 10:47:00
499,年假,2026-06-19,2026-06-21,3,已批准,6,2026-06-18 10:21:00
501,调休,2024-09-25,2024-09-25,1,已批准,2,2024-09-24 10:52:00
502,年假,2025-06-05,2025-06-05,1,已拒绝,3,2025-05-23 10:26:00
502,调休,2025-11-18,2025-11-18,0.5,已批准,3,2025-11-13 10:15:00
502,病假,2025-06-04,2025-06-06,3,已批准,3,2025-05-31 10:32:00
502,年假,2025-09-10,2025-09-12,3,已拒绝,3,2025-09-05 10:40:00
503,调休,2025-04-18,2025-04-19,2,已批准,4,2025-04-09 10:38:00
503,病假,2025-04-01,2025-04-01,1,已批准,4,2025-03-19 10:13:00
504,年假,2025-05-16,2025-05-18,3,已批准,4,2025-05-05 10:44:00
504,年假,2026-08-07,2026-08-07,0.5,已批准,4,2026-08-06 10:18:00
504,事假,2026-07-06,2026-07-06,0.5,已批准,4,2026-06-25 10:22:00
507,调休,2025-02-06,2025-02-06,1,已批准,5,2025-01-25 10:41:00
507,调休,2025-12-08,2025-12-08,1,已批准,5,2025-11-30 10:27:00
507,病假,2025-12-15,2025-12-15,1,已批准,5,2025-12-02 10:52:00
507,病假,2025-11-21,2025-11-21,0.5,已批准,5,2025-11-14 10:18:00
507,调休,2026-06-17,2026-06-17,0.5,已批准,5,2026-06-15 10:51:00
508,调休,2025-02-19,2025-02-20,2,已批准,5,2025-02-11 10:16:00
508,年假,2025-03-26,2025-03-30,5,已批准,5,2025-03-15 10:52:00
509,年假,2024-11-22,2024-11-23,2,已批准,6,2024-11-09 10:35:00
509,调休,2024-10-24,2024-10-24,0.5,已拒绝,6,2024-10-23 10:44:00
509,病假,2026-04-20,2026-04-20,1,已批准,6,2026-04-13 10:55:00
510,年假,2026-08-21,2026-08-21,0.5,已批准,6,2026-08-11 10:23:00
510,年假,2026-05-28,2026-05-29,2,已批准,6,2026-05-16 10:43:00
511,调休,2025-05-12,2025-05-12,1,已拒绝,6,2025-04-30 10:16:00
512,年假,2025-05-14,2025-05-14,1,已拒绝,2,2025-05-11 10:54:00
512,事假,2025-07-28,2025-07-28,1,已批准,2,2025-07-22 10:37:00
512,年假,2025-03-10,2025-03-11,2,已批准,2,2025-03-04 10:21:00
512,调休,2025-11-27,2025-11-28,2,已批准,2,2025-11-23 10:22:00
512,年假,2026-02-04,2026-02-04,1,已批准,2,2026-01-29 10:36:00
512,产假,2026-06-10,2026-09-15,98,已批准,2,2026-05-28 10:27:00
513,年假,2025-03-06,2025-03-06,1,已批准,3,2025-03-03 10:25:00
513,产假,2026-06-01,2026-09-06,98,已批准,3,2026-05-26 10:36:00
514,年假,2026-01-01,2026-01-03,3,已批准,6,2025-12-30 10:34:00
515,年假,2024-11-01,2024-11-03,3,已批准,2,2024-10-21 10:29:00
516,年假,2025-05-13,2025-05-13,0.5,已批准,3,2025-05-07 10:43:00
517,年假,2025-09-05,2025-09-09,5,已批准,4,2025-08-26 10:18:00
519,年假,2025-03-18,2025-03-18,1,已批准,4,2025-03-09 10:30:00
519,年假,2026-03-10,2026-03-12,3,已批准,4,2026-03-01 10:41:00
521,年假,2025-03-14,2025-03-15,2,已批准,8,2025-03-09 10:49:00
522,年假,2024-10-02,2024-10-02,0.5,已批准,6,2024-09-22 10:17:00
522,病假,2025-09-08,2025-09-08,1,已批准,6,2025-09-07 10:21:00
522,调休,2025-01-17,2025-01-17,0.5,已批准,6,2025-01-09 10:10:00
522,年假,2025-09-12,2025-09-14,3,已批准,6,2025-09-02 10:55:00
522,病假,2025-04-08,2025-04-09,2,已批准,6,2025-03-30 10:41:00
524,事假,2025-03-17,2025-03-18,2,已批准,9,2025-03-06 10:52:00
526,病假,2025-10-22,2025-10-24,3,已批准,5,2025-10-12 10:40:00
526,调休,2025-07-22,2025-07-22,0.5,已批准,5,2025-07-13 10:39:00
526,病假,2025-07-11,2025-07-13,3,已批准,5,2025-07-06 10:42:00
527,年假,2025-10-10,2025-10-14,5,已批准,10,2025-09-28 10:24:00
527,年假,2025-02-19,2025-02-19,1,已批准,10,2025-02-18 10:43:00
528,调休,2025-09-08,2025-09-09,2,已批准,10,2025-09-07 10:52:00
528,事假,2025-04-08,2025-04-08,1,已批准,10,2025-03-28 10:34:00
528,年假,2025-10-03,2025-10-03,0.5,已批准,10,2025-09-22 10:40:00
528,事假,2025-11-07,2025-11-07,1,已批准,10,2025-10-30 10:22:00
528,事假,2026-01-21,2026-01-21,1,已批准,10,2026-01-13 10:36:00
528,调休,2026-03-16,2026-03-16,0.5,已批准,10,2026-03-04 10:50:00
529,病假,2025-10-06,2025-10-06,1,已批准,10,2025-09-22 10:42:00
529,调休,2026-08-20,2026-08-20,1,已批准,10,2026-08-16 10:18:00
529,病假,2026-02-05,2026-02-06,2,已批准,10,2026-02-04 10:25:00
532,年假,2025-07-11,2025-07-12,2,已批准,3,2025-06-29 10:28:00
533,事假,2025-05-13,2025-05-14,2,已批准,5,2025-05-09 10:52:00
533,调休,2025-02-24,2025-02-25,2,已批准,5,2025-02-19 10:10:00
533,调休,2026-05-28,2026-05-29,2,已批准,5,2026-05-20 10:39:00
534,年假,2025-03-27,2025-03-27,1,已批准,5,2025-03-18 10:40:00
535,年假,2025-02-26,2025-02-27,2,已批准,3,2025-02-18 10:53:00
535,年假,2026-06-04,2026-06-06,3,已批准,3,2026-06-01 10:29:00
536,年假,2025-10-20,2025-10-20,1,已批准,8,2025-10-18 10:40:00
536,年假,2026-04-07,2026-04-07,0.5,已批准,8,2026-04-01 10:48:00
536,年假,2026-01-14,2026-01-18,5,已批准,8,2026-01-09 10:28:00
536,事假,2026-02-20,2026-02-20,0.5,已批准,8,2026-02-07 10:18:00
537,婚假,2025-11-12,2025-11-21,10,已批准,8,2025-11-05 10:12:00
537,年假,2025-01-08,2025-01-08,1,已批准,8,2024-12-29 10:32:00
538,年假,2025-04-16,2025-04-20,5,已批准,8,2025-04-14 10:45:00
538,病假,2025-12-15,2025-12-15,1,已批准,8,2025-12-12 10:25:00
538,事假,2026-08-26,2026-08-26,1,已批准,8,2026-08-23 10:47:00
538,年假,2026-06-26,2026-06-26,0.5,已批准,8,2026-06-25 10:52:00
538,年假,2026-05-18,2026-05-20,3,已批准,8,2026-05-06 10:46:00
539,事假,2025-12-22,2025-12-22,1,已批准,2,2025-12-21 10:21:00
539,年假,2025-07-08,2025-07-09,2,已批准,2,2025-07-03 10:21:00
539,事假,2025-08-07,2025-08-07,0.5,已批准,2,2025-07-29 10:50:00
541,病假,2025-03-03,2025-03-03,1,已批准,2,2025-02-25 10:13:00
541,病假,2026-05-25,2026-05-25,1,已批准,2,2026-05-24 10:39:00
542,病假,2026-03-02,2026-03-03,2,已批准,3,2026-02-17 10:13:00
543,病假,2025-03-25,2025-03-25,0.5,已批准,3,2025-03-18 10:27:00
543,调休,2026-07-15,2026-07-16,2,已拒绝,3,2026-07-02 10:37:00
544,调休,2026-04-16,2026-04-17,2,已批准,3,2026-04-09 10:44:00
544,病假,2026-04-20,2026-04-21,2,已批准,3,2026-04-17 10:17:00
545,调休,2026-01-08,2026-01-09,2,已批准,2,2026-01-05 10:37:00
546,事假,2025-11-28,2025-11-29,2,已批准,6,2025-11-15 10:53:00
546,调休,2026-05-14,2026-05-15,2,已批准,6,2026-05-10 10:35:00
546,年假,2026-05-27,2026-05-28,2,已批准,6,2026-05-25 10:21:00
546,年假,2026-07-22,2026-07-23,2,已批准,6,2026-07-18 10:32:00
547,年假,2025-05-26,2025-05-28,3,已拒绝,3,2025-05-25 10:27:00
547,婚假,2025-09-23,2025-09-27,5,已批准,3,2025-09-18 10:21:00
548,年假,2025-09-22,2025-09-23,2,已批准,2,2025-09-19 10:34:00
549,年假,2025-11-05,2025-11-05,1,已批准,3,2025-10-23 10:43:00
549,调休,2026-03-24,2026-03-24,1,已批准,3,2026-03-19 10:22:00
550,调休,2026-03-20,2026-03-20,1,已批准,2,2026-03-19 10:34:00
550,年假,2026-03-26,2026-03-27,2,已批准,2,2026-03-25 10:12:00
550,调休,2026-06-03,2026-06-03,1,已批准,2,2026-06-02 10:48:00
551,年假,2026-03-17,2026-03-18,2,已批准,7,2026-03-13 10:44:00
551,事假,2026-05-13,2026-05-13,1,已批准,7,2026-05-08 10:19:00
551,年假,2026-06-15,2026-06-16,2,已批准,7,2026-06-04 10:30:00
552,年假,2025-05-19,2025-05-20,2,已批准,5,2025-05-18 10:14:00
552,年假,2026-04-24,2026-04-28,5,已批准,5,2026-04-16 10:23:00
552,病假,2026-04-15,2026-04-16,2,已批准,5,2026-04-09 10:42:00
553,病假,2025-10-01,2025-10-01,0.5,已批准,5,2025-09-24 10:20:00
553,事假,2025-06-10,2025-06-11,2,已批准,5,2025-06-05 10:33:00
553,年假,2025-03-20,2025-03-21,2,已批准,5,2025-03-07 10:33:00
554,病假,2025-09-04,2025-09-05,2,已批准,6,2025-08-22 10:28:00
554,年假,2025-08-15,2025-08-15,1,已批准,6,2025-08-11 10:14:00
554,年假,2025-10-02,2025-10-06,5,已批准,6,2025-09-29 10:26:00
554,病假,2026-08-18,2026-08-19,2,已批准,6,2026-08-16 10:39:00
554,年假,2026-08-03,2026-08-05,3,已批准,6,2026-07-21 10:54:00
556,年假,2025-10-02,2025-10-04,3,已批准,6,2025-09-21 10:13:00
556,年假,2026-07-13,2026-07-15,3,已批准,6,2026-07-05 10:55:00
556,病假,2026-02-27,2026-02-27,1,已批准,6,2026-02-24 10:19:00
556,病假,2026-08-06,2026-08-06,1,已批准,6,2026-07-30 10:13:00
556,年假,2026-03-04,2026-03-04,0.5,已批准,6,2026-02-21 10:17:00
558,年假,2025-07-09,2025-07-10,2,已批准,6,2025-07-03 10:49:00
558,病假,2025-05-06,2025-05-08,3,已批准,6,2025-04-23 10:30:00
558,事假,2026-05-14,2026-05-14,1,已批准,6,2026-05-09 10:36:00
559,年假,2025-07-11,2025-07-11,1,已批准,6,2025-07-09 10:29:00
560,病假,2025-04-24,2025-04-24,1,已拒绝,2,2025-04-19 10:51:00
560,年假,2025-08-15,2025-08-15,1,已批准,2,2025-08-13 10:46:00
560,事假,2025-08-01,2025-08-01,1,已批准,2,2025-07-25 10:26:00
560,事假,2025-12-25,2025-12-25,1,已拒绝,2,2025-12-15 10:38:00
560,调休,2026-06-01,2026-06-02,2,已批准,2,2026-05-22 10:52:00
560,年假,2026-02-09,2026-02-10,2,已批准,2,2026-02-06 10:41:00
561,年假,2025-12-22,2025-12-22,1,已批准,2,2025-12-13 10:24:00
561,年假,2026-03-04,2026-03-04,1,已批准,2,2026-02-27 10:26:00
562,年假,2025-10-22,2025-10-22,1,已批准,3,2025-10-19 10:35:00
562,年假,2025-09-11,2025-09-15,5,已批准,3,2025-09-07 10:51:00
562,年假,2025-05-01,2025-05-05,5,已批准,3,2025-04-18 10:17:00
562,病假,2025-09-16,2025-09-16,1,已批准,3,2025-09-13 10:38:00
562,年假,2026-04-15,2026-04-16,2,已批准,3,2026-04-09 10:49:00
562,病假,2026-05-05,2026-05-06,2,已批准,3,2026-05-03 10:18:00
563,婚假,2025-04-14,2025-04-23,10,已批准,2,2025-04-07 10:52:00
563,调休,2025-04-04,2025-04-05,2,已批准,2,2025-03-31 10:39:00
563,年假,2026-03-26,2026-03-26,0.5,已批准,2,2026-03-21 10:16:00
563,年假,2026-07-15,2026-07-15,1,已批准,2,2026-07-05 10:31:00
564,年假,2025-04-03,2025-04-07,5,已批准,3,2025-03-28 10:14:00
565,年假,2025-07-09,2025-07-11,3,已批准,2,2025-07-01 10:35:00
565,婚假,2025-08-08,2025-08-12,5,已批准,2,2025-07-26 10:17:00
566,年假,2025-10-17,2025-10-17,0.5,已批准,2,2025-10-09 10:37:00
566,婚假,2025-11-26,2025-12-05,10,已批准,2,2025-11-17 10:34:00
567,年假,2025-09-15,2025-09-15,1,已批准,4,2025-09-13 10:34:00
567,病假,2025-06-23,2025-06-23,0.5,已批准,4,2025-06-22 10:48:00
567,产假,2025-11-18,2026-02-23,98,已批准,4,2025-11-13 10:51:00
568,年假,2025-06-10,2025-06-14,5,已拒绝,4,2025-06-09 10:51:00
569,年假,2025-10-13,2025-10-15,3,已批准,4,2025-10-03 10:45:00
573,年假,2025-11-27,2025-11-27,1,已拒绝,2,2025-11-15 10:28:00
573,病假,2025-07-01,2025-07-01,0.5,已批准,2,2025-06-28 10:32:00
574,年假,2025-07-08,2025-07-10,3,已批准,2,2025-06-27 10:47:00
574,年假,2026-06-16,2026-06-16,1,已批准,2,2026-06-07 10:46:00
574,年假,2026-03-06,2026-03-06,1,已批准,2,2026-03-03 10:13:00
575,调休,2025-08-18,2025-08-18,0.5,已批准,2,2025-08-16 10:10:00
575,年假,2025-05-19,2025-05-19,1,已批准,2,2025-05-15 10:52:00
575,病假,2025-08-20,2025-08-20,1,已批准,2,2025-08-11 10:20:00
575,病假,2026-03-25,2026-03-25,1,已批准,2,2026-03-12 10:47:00
575,调休,2026-02-09,2026-02-09,0.5,已批准,2,2026-01-31 10:16:00
579,病假,2025-04-15,2025-04-15,0.5,已批准,5,2025-04-02 10:41:00
579,年假,2025-11-17,2025-11-19,3,已批准,5,2025-11-10 10:41:00
580,调休,2025-09-02,2025-09-02,0.5,已批准,4,2025-08-28 10:54:00
580,年假,2025-05-14,2025-05-15,2,已批准,4,2025-04-30 10:20:00
581,病假,2026-06-01,2026-06-01,0.5,已批准,7,2026-05-25 10:26:00
581,调休,2026-05-21,2026-05-21,1,已批准,7,2026-05-11 10:53:00
581,调休,2026-04-07,2026-04-07,1,已批准,7,2026-04-01 10:43:00
582,年假,2025-07-10,2025-07-12,3,已批准,7,2025-07-08 10:28:00
582,年假,2025-12-18,2025-12-22,5,已批准,7,2025-12-11 10:41:00
582,事假,2026-02-16,2026-02-16,1,已批准,7,2026-02-13 10:36:00
583,陪产假,2026-06-23,2026-07-07,15,已批准,7,2026-06-17 10:49:00
584,调休,2025-08-13,2025-08-13,1,已批准,2,2025-08-11 10:47:00
585,病假,2025-05-06,2025-05-06,1,已批准,3,2025-05-05 10:47:00
585,病假,2025-12-11,2025-12-13,3,已批准,3,2025-11-30 10:33:00
586,年假,2026-07-08,2026-07-10,3,已批准,8,2026-07-07 10:29:00
587,年假,2025-06-16,2025-06-18,3,已批准,8,2025-06-13 10:50:00
587,年假,2025-07-21,2025-07-23,3,已批准,8,2025-07-11 10:21:00
589,病假,2025-09-11,2025-09-11,1,已批准,10,2025-09-01 10:55:00
590,年假,2026-05-13,2026-05-13,0.5,已批准,10,2026-05-11 10:16:00
591,调休,2025-07-18,2025-07-18,1,已批准,10,2025-07-16 10:30:00
591,事假,2025-11-21,2025-11-21,1,已批准,10,2025-11-09 10:29:00
591,事假,2026-03-20,2026-03-21,2,已批准,10,2026-03-14 10:34:00
592,调休,2026-02-09,2026-02-10,2,已批准,3,2026-01-28 10:51:00
592,产假,2026-08-19,2027-01-23,158,已批准,3,2026-08-11 10:22:00
593,事假,2026-02-16,2026-02-16,1,已批准,8,2026-02-02 10:53:00
593,病假,2026-07-09,2026-07-09,1,已批准,8,2026-07-04 10:54:00
593,病假,2026-04-27,2026-04-29,3,已批准,8,2026-04-26 10:34:00
594,年假,2025-07-02,2025-07-04,3,已批准,2,2025-06-27 10:13:00
594,年假,2026-04-14,2026-04-14,1,已批准,2,2026-04-03 10:48:00
594,年假,2026-01-16,2026-01-17,2,已批准,2,2026-01-14 10:33:00
594,调休,2026-02-10,2026-02-11,2,已批准,2,2026-02-02 10:54:00
595,病假,2025-10-20,2025-10-20,1,已批准,2,2025-10-16 10:15:00
596,年假,2026-03-09,2026-03-11,3,已批准,2,2026-03-03 10:12:00
597,婚假,2026-08-05,2026-08-14,10,已批准,2,2026-07-30 10:43:00
597,病假,2026-08-20,2026-08-20,1,已批准,2,2026-08-13 10:30:00
597,事假,2026-05-05,2026-05-06,2,已拒绝,2,2026-05-03 10:35:00
597,年假,2026-07-07,2026-07-07,1,已批准,2,2026-07-01 10:41:00
598,年假,2026-06-22,2026-06-22,0.5,已批准,2,2026-06-11 10:22:00
599,年假,2026-03-12,2026-03-14,3,已批准,3,2026-03-10 10:20:00
599,年假,2026-08-07,2026-08-08,2,待审批,3,2026-08-04 10:54:00
600,年假,2026-06-15,2026-06-16,2,已批准,2,2026-06-08 10:16:00
601,调休,2025-12-11,2025-12-11,0.5,已批准,2,2025-12-02 10:29:00
602,病假,2025-11-18,2025-11-18,1,已批准,3,2025-11-06 10:17:00
602,年假,2026-02-20,2026-02-20,1,已批准,3,2026-02-14 10:13:00
602,调休,2026-08-04,2026-08-04,0.5,已批准,3,2026-07-27 10:46:00
603,病假,2025-10-06,2025-10-06,1,已批准,2,2025-09-30 10:40:00
603,年假,2026-01-02,2026-01-02,0.5,已批准,2,2025-12-27 10:12:00
604,年假,2025-09-01,2025-09-01,1,已批准,3,2025-08-26 10:36:00
604,产假,2026-03-04,2026-07-09,128,已批准,3,2026-02-21 10:46:00
605,调休,2026-07-21,2026-07-21,0.5,已批准,4,2026-07-20 10:34:00
605,年假,2026-04-07,2026-04-09,3,已批准,4,2026-03-30 10:49:00
606,病假,2025-12-10,2025-12-11,2,已批准,4,2025-12-08 10:15:00
607,年假,2026-08-21,2026-08-21,0.5,已批准,4,2026-08-13 10:21:00
607,调休,2026-05-05,2026-05-05,0.5,已拒绝,4,2026-05-03 10:11:00
608,陪产假,2025-10-07,2025-10-21,15,已批准,3,2025-10-06 10:45:00
608,病假,2025-12-23,2025-12-23,0.5,已拒绝,3,2025-12-09 10:36:00
609,年假,2025-11-17,2025-11-18,2,已批准,2,2025-11-12 10:16:00
609,事假,2026-02-02,2026-02-03,2,已批准,2,2026-01-22 10:50:00
610,年假,2026-02-11,2026-02-11,1,已批准,2,2026-02-09 10:48:00
616,年假,2026-03-27,2026-03-31,5,已批准,6,2026-03-13 10:23:00
619,年假,2025-09-15,2025-09-15,1,已批准,3,2025-09-01 10:13:00
619,年假,2025-08-19,2025-08-20,2,已批准,3,2025-08-13 10:46:00
619,产假,2026-04-02,2026-08-07,128,已批准,3,2026-03-23 10:54:00
619,调休,2026-07-20,2026-07-21,2,已批准,3,2026-07-19 10:17:00
620,陪产假,2026-01-28,2026-02-11,15,已批准,2,2026-01-14 10:27:00
620,年假,2026-07-28,2026-07-28,1,已批准,2,2026-07-16 10:44:00
621,年假,2025-10-15,2025-10-19,5,已批准,8,2025-10-05 10:32:00
621,年假,2026-08-27,2026-08-28,2,已批准,8,2026-08-22 10:49:00
621,年假,2026-06-25,2026-06-25,1,已批准,8,2026-06-22 10:44:00
622,年假,2026-04-13,2026-04-14,2,已批准,2,2026-04-09 10:38:00
623,事假,2025-10-06,2025-10-06,1,已批准,2,2025-10-03 10:50:00
624,年假,2025-10-27,2025-10-28,2,已批准,3,2025-10-24 10:20:00
624,调休,2026-03-26,2026-03-26,1,已批准,3,2026-03-17 10:18:00
625,年假,2026-07-09,2026-07-13,5,已批准,2,2026-06-26 10:28:00
625,调休,2026-03-18,2026-03-18,1,已批准,2,2026-03-09 10:40:00
626,年假,2025-11-11,2025-11-11,1,已批准,8,2025-11-09 10:49:00
626,调休,2026-04-22,2026-04-23,2,已批准,8,2026-04-16 10:13:00
627,年假,2025-08-06,2025-08-06,0.5,已拒绝,8,2025-07-29 10:14:00
627,病假,2025-09-09,2025-09-11,3,已批准,8,2025-09-02 10:51:00
627,调休,2025-10-07,2025-10-08,2,已批准,8,2025-09-24 10:19:00
627,调休,2026-04-23,2026-04-23,1,已批准,8,2026-04-16 10:20:00
628,年假,2025-09-08,2025-09-08,1,已批准,8,2025-09-03 10:41:00
628,年假,2026-02-10,2026-02-11,2,已拒绝,8,2026-02-06 10:13:00
629,病假,2026-04-13,2026-04-14,2,已批准,6,2026-04-05 10:36:00
633,年假,2026-07-03,2026-07-03,0.5,已批准,3,2026-06-24 10:49:00
633,年假,2026-07-27,2026-07-27,0.5,已批准,3,2026-07-15 10:16:00
633,病假,2026-05-15,2026-05-16,2,已批准,3,2026-05-06 10:14:00
633,病假,2026-03-24,2026-03-24,1,已批准,3,2026-03-20 10:15:00
635,病假,2025-09-26,2025-09-26,1,已批准,9,2025-09-17 10:26:00
635,年假,2025-10-27,2025-10-28,2,已批准,9,2025-10-14 10:33:00
635,病假,2026-01-22,2026-01-22,0.5,已拒绝,9,2026-01-09 10:38:00
637,年假,2025-11-04,2025-11-05,2,已批准,3,2025-11-01 10:13:00
637,年假,2026-08-18,2026-08-18,1,已批准,3,2026-08-16 10:42:00
638,事假,2026-02-20,2026-02-20,1,已批准,3,2026-02-18 10:17:00
639,病假,2025-10-20,2025-10-21,2,已批准,3,2025-10-16 10:41:00
639,年假,2026-03-10,2026-03-12,3,已批准,3,2026-02-26 10:52:00
642,婚假,2026-05-26,2026-05-28,3,已批准,3,2026-05-15 10:12:00
643,年假,2025-10-06,2025-10-06,0.5,已批准,9,2025-09-30 10:51:00
643,调休,2026-04-23,2026-04-23,1,已批准,9,2026-04-11 10:54:00
646,调休,2025-12-05,2025-12-05,1,已批准,5,2025-11-24 10:48:00
646,年假,2026-03-09,2026-03-13,5,已批准,5,2026-03-05 10:51:00
647,调休,2026-03-17,2026-03-17,1,已批准,5,2026-03-05 10:35:00
647,年假,2026-05-05,2026-05-06,2,已批准,5,2026-04-22 10:21:00
649,年假,2025-12-19,2025-12-19,1,已批准,2,2025-12-17 10:39:00
650,年假,2025-12-16,2025-12-16,1,已批准,2,2025-12-13 10:18:00
650,陪产假,2025-12-10,2025-12-24,15,已批准,2,2025-12-06 10:50:00
650,年假,2025-10-23,2025-10-23,1,已批准,2,2025-10-21 10:44:00
650,年假,2026-07-21,2026-07-21,1,已批准,2,2026-07-15 10:40:00
650,陪产假,2026-05-15,2026-05-29,15,已批准,2,2026-05-05 10:45:00
651,调休,2026-02-04,2026-02-04,0.5,已批准,3,2026-01-25 10:16:00
651,事假,2026-01-14,2026-01-14,0.5,已批准,3,2026-01-03 10:44:00
651,调休,2026-08-17,2026-08-18,2,已批准,3,2026-08-12 10:32:00
653,年假,2026-02-13,2026-02-14,2,已批准,4,2026-02-05 10:51:00
653,年假,2026-02-10,2026-02-10,1,已批准,4,2026-02-05 10:39:00
654,调休,2025-11-20,2025-11-20,1,已批准,3,2025-11-13 10:17:00
654,病假,2026-02-09,2026-02-11,3,已批准,3,2026-02-07 10:44:00
656,年假,2026-08-05,2026-08-06,2,待审批,3,2026-07-30 10:37:00
657,年假,2026-08-10,2026-08-10,0.5,已批准,3,2026-07-29 10:18:00
657,病假,2026-05-01,2026-05-02,2,已批准,3,2026-04-29 10:29:00
658,调休,2025-12-05,2025-12-05,1,已批准,6,2025-11-22 10:21:00
658,年假,2026-08-14,2026-08-16,3,已批准,6,2026-08-13 10:28:00
661,调休,2025-10-07,2025-10-07,0.5,已拒绝,5,2025-10-05 10:49:00
661,病假,2025-11-14,2025-11-14,1,已批准,5,2025-11-12 10:53:00
661,调休,2025-11-19,2025-11-19,0.5,已批准,5,2025-11-09 10:44:00
663,病假,2026-01-07,2026-01-08,2,已拒绝,2,2025-12-24 10:29:00
664,年假,2026-08-05,2026-08-07,3,待审批,3,2026-08-03 10:40:00
664,调休,2026-07-23,2026-07-24,2,已批准,3,2026-07-21 10:38:00
665,年假,2026-01-15,2026-01-15,1,已批准,3,2026-01-10 10:36:00
665,事假,2026-02-23,2026-02-23,1,已批准,3,2026-02-16 10:38:00
666,年假,2026-01-05,2026-01-06,2,已批准,4,2025-12-29 10:15:00
666,年假,2026-02-03,2026-02-04,2,已批准,4,2026-01-26 10:34:00
672,年假,2026-05-25,2026-05-29,5,已批准,3,2026-05-15 10:13:00
673,病假,2026-07-22,2026-07-24,3,已批准,2,2026-07-17 10:12:00
675,年假,2026-05-08,2026-05-09,2,已批准,2,2026-04-25 10:52:00
676,调休,2025-12-02,2025-12-02,0.5,已批准,2,2025-12-01 10:27:00
677,调休,2026-07-02,2026-07-02,1,已批准,5,2026-07-01 10:23:00
677,事假,2026-06-24,2026-06-24,1,已批准,5,2026-06-19 10:15:00
682,病假,2025-12-24,2025-12-25,2,已拒绝,6,2025-12-23 10:16:00
683,年假,2025-12-19,2025-12-19,1,已批准,7,2025-12-14 10:52:00
683,年假,2025-12-18,2025-12-19,2,已批准,7,2025-12-10 10:53:00
683,婚假,2026-07-06,2026-07-08,3,已批准,7,2026-06-30 10:18:00
683,年假,2026-02-06,2026-02-06,1,已批准,7,2026-02-02 10:14:00
684,年假,2026-01-12,2026-01-14,3,已批准,7,2026-01-06 10:48:00
685,年假,2026-08-24,2026-08-26,3,已批准,4,2026-08-14 10:45:00
685,年假,2026-07-14,2026-07-15,2,已批准,4,2026-07-05 10:48:00
686,调休,2026-07-22,2026-07-22,0.5,已批准,4,2026-07-08 10:31:00
687,事假,2026-07-23,2026-07-23,0.5,已批准,4,2026-07-11 10:52:00
688,年假,2026-07-13,2026-07-13,0.5,已批准,3,2026-07-12 10:41:00
689,年假,2026-08-12,2026-08-16,5,已拒绝,9,2026-08-01 10:45:00
689,年假,2026-01-09,2026-01-11,3,已批准,9,2025-12-30 10:36:00
689,陪产假,2026-05-25,2026-06-08,15,已批准,9,2026-05-14 10:30:00
691,事假,2026-03-18,2026-03-18,1,已批准,8,2026-03-10 10:35:00
691,事假,2026-04-03,2026-04-03,0.5,已批准,8,2026-03-22 10:31:00
696,年假,2026-04-06,2026-04-06,0.5,已批准,6,2026-03-23 10:31:00
697,调休,2026-05-20,2026-05-20,1,已批准,2,2026-05-09 10:35:00
700,年假,2026-07-09,2026-07-09,1,已批准,2,2026-06-28 10:16:00
700,调休,2026-04-17,2026-04-17,1,已批准,2,2026-04-12 10:24:00
703,陪产假,2026-06-26,2026-07-10,15,已批准,5,2026-06-17 10:39:00
704,年假,2026-04-23,2026-04-24,2,已批准,5,2026-04-14 10:51:00
705,年假,2026-08-26,2026-08-28,3,已批准,5,2026-08-14 10:17:00
705,病假,2026-08-19,2026-08-19,1,已批准,5,2026-08-10 10:34:00
705,病假,2026-05-14,2026-05-16,3,已批准,5,2026-05-01 10:22:00
707,调休,2026-07-21,2026-07-21,1,已批准,8,2026-07-16 10:26:00
708,年假,2026-07-22,2026-07-22,1,已批准,7,2026-07-14 10:11:00
709,年假,2026-08-12,2026-08-13,2,待审批,7,2026-08-03 10:10:00
709,年假,2026-05-21,2026-05-21,1,已批准,7,2026-05-14 10:20:00
710,病假,2026-06-01,2026-06-02,2,已批准,7,2026-05-18 10:29:00
711,病假,2026-05-20,2026-05-22,3,已拒绝,2,2026-05-10 10:51:00
713,年假,2026-08-18,2026-08-19,2,已拒绝,5,2026-08-04 10:34:00
714,年假,2026-08-21,2026-08-21,1,已批准,5,2026-08-15 10:33:00
716,产假,2026-05-20,2026-09-24,128,已批准,2,2026-05-17 10:53:00
718,年假,2026-04-23,2026-04-24,2,已批准,3,2026-04-18 10:26:00
718,年假,2026-07-02,2026-07-06,5,已批准,3,2026-06-20 10:40:00
719,病假,2026-08-24,2026-08-24,0.5,已批准,2,2026-08-22 10:47:00
721,病假,2026-07-15,2026-07-15,0.5,已批准,9,2026-07-05 10:52:00
721,事假,2026-06-24,2026-06-24,1,已批准,9,2026-06-11 10:35:00
721,调休,2026-04-10,2026-04-11,2,已批准,9,2026-03-29 10:10:00
723,调休,2026-07-15,2026-07-16,2,已批准,2,2026-07-07 10:37:00
724,事假,2026-07-27,2026-07-28,2,已拒绝,3,2026-07-16 10:49:00
726,年假,2026-08-14,2026-08-16,3,已批准,5,2026-08-10 10:25:00
728,年假,2026-05-01,2026-05-05,5,已批准,5,2026-04-23 10:30:00
731,事假,2026-08-05,2026-08-05,0.5,已批准,6,2026-07-23 10:22:00
734,婚假,2026-07-06,2026-07-15,10,已批准,8,2026-06-23 10:18:00
736,事假,2026-06-24,2026-06-24,1,已批准,8,2026-06-16 10:23:00
739,年假,2026-07-21,2026-07-21,0.5,已批准,8,2026-07-08 10:28:00
741,病假,2026-06-26,2026-06-26,1,已批准,2,2026-06-20 10:31:00
741,年假,2026-06-19,2026-06-19,1,已批准,2,2026-06-05 10:47:00
741,调休,2026-08-06,2026-08-07,2,待审批,2,2026-08-03 10:54:00
759,事假,2026-07-22,2026-07-22,1,已批准,10,2026-07-15 10:12:00
759,年假,2026-08-13,2026-08-14,2,已批准,10,2026-08-01 10:35:00
759,病假,2026-08-24,2026-08-24,1,已拒绝,10,2026-08-19 10:53:00
759,调休,2026-08-05,2026-08-05,1,已批准,10,2026-08-04 10:17:00
760,年假,2026-07-27,2026-07-29,3,已批准,2,2026-07-14 10:44:00
768,调休,2026-08-11,2026-08-11,1,已批准,7,2026-07-31 10:39:00
769,调休,2026-08-27,2026-08-27,1,已批准,7,2026-08-20 10:52:00
777,调休,2026-08-25,2026-08-25,1,已批准,3,2026-08-11 10:27:00
784,事假,2026-08-19,2026-08-20,2,已批准,6,2026-08-18 10:25:00
